Workbook

Sheet  PEP Grade
B1: 3 | C1: 4 | D1: 1 | E1: 2
A2: Sr # | B2: Gender | C2: Section | D2: RN | E2: Student name | F2: HPS | G2: Grade | H2: Afflictions | L2: Result
H3: Level 0 | I3: Level 1 | J3: Level 2 | K3: Level 3
A4: 1 | B4: Female | C4: A | D4: 2024JULB00001 | E4: A Divya Sree | F4: =AVERAGE('HPS grading'!F4,'HPS grading'!K4,'HPS grading'!P4,'HPS grading'!U4) -> 54.637454 | G4: {=_xlfn.IFS(F4>=80,"A+",F4>=70,"A",F4=60,"B+",F4>=50,"B",F4>=40,"C+",F4>=30,"C",F4>=20,"D",F4<20,"E")} -> B | H4: =IF('HPS grading'!H4&'HPS grading'!I4="ClearedCleared","None",IF('HPS grading'!H4="NC","Persona ","") &IF('HPS grading'!I4="NC","Wellness ","")) -> None | I4: =IF('HPS grading'!M4&'HPS grading'!N4="ClearedCleared","None",IF('HPS grading'!M4="NC","Persona ","") &IF('HPS grading'!N4="NC","Wellness","")) -> Wellness | J4: =IF('HPS grading'!R4&'HPS grading'!S4="ClearedCleared","None",IF('HPS grading'!R4="NC","Persona ","") &IF('HPS grading'!S4="NC","Wellness ","")) -> None | K4: =IF('HPS grading'!W4&'HPS grading'!X4="ClearedCleared","None",IF('HPS grading'!W4="NC","Persona ","") &IF('HPS grading'!X4="NC","Wellness ","")) -> Wellness | L4: =IF(COUNTIF(H4:K4,"None")=4,"Passed","With Held") -> With Held | M4: =IF($L4<>"With Held","",_xlfn.TEXTJOIN(", ",TRUE,IF(TRIM($H4)<>"None","Level 0 - "&SUBSTITUTE(TRIM($H4)," "," & "), ""),IF(TRIM($I4)<>"None","Level 1 - "&SUBSTITUTE(TRIM($I4)," "," & "), ""),IF(TRIM($J4)<>"None","Level 2 - "&SUBSTITUTE(TRIM($J4)," "," & "), ""),IF(TRIM($K4)<>"None","Level 3 - "&SUBSTITUTE(TRIM($K4)," "," & "), ""))) -> Level 1 - Wellness, Level 3 - Wellness
A5: 2 | B5: Male | C5: A | D5: 2024JULB00002 | E5: Aaditya K | F5: =AVERAGE('HPS grading'!F5,'HPS grading'!K5,'HPS grading'!P5,'HPS grading'!U5) -> 54.432632 | G5: {=_xlfn.IFS(F5>=80,"A+",F5>=70,"A",F5=60,"B+",F5>=50,"B",F5>=40,"C+",F5>=30,"C",F5>=20,"D",F5<20,"E")} -> B | H5: =IF('HPS grading'!H5&'HPS grading'!I5="ClearedCleared","None",IF('HPS grading'!H5="NC","Persona ","") &IF('HPS grading'!I5="NC","Wellness ","")) -> Persona | I5: =IF('HPS grading'!M5&'HPS grading'!N5="ClearedCleared","None",IF('HPS grading'!M5="NC","Persona ","") &IF('HPS grading'!N5="NC","Wellness","")) -> None | J5: =IF('HPS grading'!R5&'HPS grading'!S5="ClearedCleared","None",IF('HPS grading'!R5="NC","Persona ","") &IF('HPS grading'!S5="NC","Wellness ","")) -> Persona Wellness | K5: =IF('HPS grading'!W5&'HPS grading'!X5="ClearedCleared","None",IF('HPS grading'!W5="NC","Persona ","") &IF('HPS grading'!X5="NC","Wellness ","")) -> None | L5: =IF(COUNTIF(H5:K5,"None")=4,"Passed","With Held") -> With Held | M5: =IF($L5<>"With Held","",_xlfn.TEXTJOIN(", ",TRUE,IF(TRIM($H5)<>"None","Level 0 - "&SUBSTITUTE(TRIM($H5)," "," & "), ""),IF(TRIM($I5)<>"None","Level 1 - "&SUBSTITUTE(TRIM($I5)," "," & "), ""),IF(TRIM($J5)<>"None","Level 2 - "&SUBSTITUTE(TRIM($J5)," "," & "), ""),IF(TRIM($K5)<>"None","Level 3 - "&SUBSTITUTE(TRIM($K5)," "," & "), ""))) -> Level 0 - Persona, Level 2 - Persona & Wellness
A6: 3 | B6: Female | C6: A | D6: 2024JULB00003 | E6: Aanchal Sapra | F6: =AVERAGE('HPS grading'!F6,'HPS grading'!K6,'HPS grading'!P6,'HPS grading'!U6) -> 43.126134 | G6: {=_xlfn.IFS(F6>=80,"A+",F6>=70,"A",F6=60,"B+",F6>=50,"B",F6>=40,"C+",F6>=30,"C",F6>=20,"D",F6<20,"E")} -> C+ | H6: =IF('HPS grading'!H6&'HPS grading'!I6="ClearedCleared","None",IF('HPS grading'!H6="NC","Persona ","") &IF('HPS grading'!I6="NC","Wellness ","")) -> None | I6: =IF('HPS grading'!M6&'HPS grading'!N6="ClearedCleared","None",IF('HPS grading'!M6="NC","Persona ","") &IF('HPS grading'!N6="NC","Wellness","")) -> Wellness | J6: =IF('HPS grading'!R6&'HPS grading'!S6="ClearedCleared","None",IF('HPS grading'!R6="NC","Persona ","") &IF('HPS grading'!S6="NC","Wellness ","")) -> Persona Wellness | K6: =IF('HPS grading'!W6&'HPS grading'!X6="ClearedCleared","None",IF('HPS grading'!W6="NC","Persona ","") &IF('HPS grading'!X6="NC","Wellness ","")) -> Wellness | L6: =IF(COUNTIF(H6:K6,"None")=4,"Passed","With Held") -> With Held | M6: =IF($L6<>"With Held","",_xlfn.TEXTJOIN(", ",TRUE,IF(TRIM($H6)<>"None","Level 0 - "&SUBSTITUTE(TRIM($H6)," "," & "), ""),IF(TRIM($I6)<>"None","Level 1 - "&SUBSTITUTE(TRIM($I6)," "," & "), ""),IF(TRIM($J6)<>"None","Level 2 - "&SUBSTITUTE(TRIM($J6)," "," & "), ""),IF(TRIM($K6)<>"None","Level 3 - "&SUBSTITUTE(TRIM($K6)," "," & "), ""))) -> Level 1 - Wellness, Level 2 - Persona & Wellness, Level 3 - Wellness
A7: 4 | B7: Male | C7: A | D7: 2024JULB00004 | E7: Abhinav B | F7: =AVERAGE('HPS grading'!F7,'HPS grading'!K7,'HPS grading'!P7,'HPS grading'!U7) -> 53.226316 | G7: {=_xlfn.IFS(F7>=80,"A+",F7>=70,"A",F7=60,"B+",F7>=50,"B",F7>=40,"C+",F7>=30,"C",F7>=20,"D",F7<20,"E")} -> B | H7: =IF('HPS grading'!H7&'HPS grading'!I7="ClearedCleared","None",IF('HPS grading'!H7="NC","Persona ","") &IF('HPS grading'!I7="NC","Wellness ","")) -> None | I7: =IF('HPS grading'!M7&'HPS grading'!N7="ClearedCleared","None",IF('HPS grading'!M7="NC","Persona ","") &IF('HPS grading'!N7="NC","Wellness","")) -> Wellness | J7: =IF('HPS grading'!R7&'HPS grading'!S7="ClearedCleared","None",IF('HPS grading'!R7="NC","Persona ","") &IF('HPS grading'!S7="NC","Wellness ","")) -> Persona Wellness | K7: =IF('HPS grading'!W7&'HPS grading'!X7="ClearedCleared","None",IF('HPS grading'!W7="NC","Persona ","") &IF('HPS grading'!X7="NC","Wellness ","")) -> Wellness | L7: =IF(COUNTIF(H7:K7,"None")=4,"Passed","With Held") -> With Held | M7: =IF($L7<>"With Held","",_xlfn.TEXTJOIN(", ",TRUE,IF(TRIM($H7)<>"None","Level 0 - "&SUBSTITUTE(TRIM($H7)," "," & "), ""),IF(TRIM($I7)<>"None","Level 1 - "&SUBSTITUTE(TRIM($I7)," "," & "), ""),IF(TRIM($J7)<>"None","Level 2 - "&SUBSTITUTE(TRIM($J7)," "," & "), ""),IF(TRIM($K7)<>"None","Level 3 - "&SUBSTITUTE(TRIM($K7)," "," & "), ""))) -> Level 1 - Wellness, Level 2 - Persona & Wellness, Level 3 - Wellness
A8: 5 | B8: Male | C8: D | D8: 2024JULB00005 | E8: Abhirup Choudhury | F8: =AVERAGE('HPS grading'!F8,'HPS grading'!K8,'HPS grading'!P8,'HPS grading'!U8) -> 11.437222 | G8: {=_xlfn.IFS(F8>=80,"A+",F8>=70,"A",F8=60,"B+",F8>=50,"B",F8>=40,"C+",F8>=30,"C",F8>=20,"D",F8<20,"E")} -> E | H8: =IF('HPS grading'!H8&'HPS grading'!I8="ClearedCleared","None",IF('HPS grading'!H8="NC","Persona ","") &IF('HPS grading'!I8="NC","Wellness ","")) -> Persona Wellness | I8: =IF('HPS grading'!M8&'HPS grading'!N8="ClearedCleared","None",IF('HPS grading'!M8="NC","Persona ","") &IF('HPS grading'!N8="NC","Wellness","")) -> Persona Wellness | J8: =IF('HPS grading'!R8&'HPS grading'!S8="ClearedCleared","None",IF('HPS grading'!R8="NC","Persona ","") &IF('HPS grading'!S8="NC","Wellness ","")) -> Wellness | K8: =IF('HPS grading'!W8&'HPS grading'!X8="ClearedCleared","None",IF('HPS grading'!W8="NC","Persona ","") &IF('HPS grading'!X8="NC","Wellness ","")) -> Persona Wellness | L8: =IF(COUNTIF(H8:K8,"None")=4,"Passed","With Held") -> With Held | M8: =IF($L8<>"With Held","",_xlfn.TEXTJOIN(", ",TRUE,IF(TRIM($H8)<>"None","Level 0 - "&SUBSTITUTE(TRIM($H8)," "," & "), ""),IF(TRIM($I8)<>"None","Level 1 - "&SUBSTITUTE(TRIM($I8)," "," & "), ""),IF(TRIM($J8)<>"None","Level 2 - "&SUBSTITUTE(TRIM($J8)," "," & "), ""),IF(TRIM($K8)<>"None","Level 3 - "&SUBSTITUTE(TRIM($K8)," "," & "), ""))) -> Level 0 - Persona & Wellness, Level 1 - Persona & Wellness, Level 2 - Wellness, Level 3 - Persona & Wellness
A9: 6 | B9: Male | C9: A | D9: 2024JULB00006 | E9: Abhyuday Tripathi | F9: =AVERAGE('HPS grading'!F9,'HPS grading'!K9,'HPS grading'!P9,'HPS grading'!U9) -> 60.344947 | G9: {=_xlfn.IFS(F9>=80,"A+",F9>=70,"A",F9=60,"B+",F9>=50,"B",F9>=40,"C+",F9>=30,"C",F9>=20,"D",F9<20,"E")} -> B | H9: =IF('HPS grading'!H9&'HPS grading'!I9="ClearedCleared","None",IF('HPS grading'!H9="NC","Persona ","") &IF('HPS grading'!I9="NC","Wellness ","")) -> None | I9: =IF('HPS grading'!M9&'HPS grading'!N9="ClearedCleared","None",IF('HPS grading'!M9="NC","Persona ","") &IF('HPS grading'!N9="NC","Wellness","")) -> None | J9: =IF('HPS grading'!R9&'HPS grading'!S9="ClearedCleared","None",IF('HPS grading'!R9="NC","Persona ","") &IF('HPS grading'!S9="NC","Wellness ","")) -> Wellness | K9: =IF('HPS grading'!W9&'HPS grading'!X9="ClearedCleared","None",IF('HPS grading'!W9="NC","Persona ","") &IF('HPS grading'!X9="NC","Wellness ","")) -> None | L9: =IF(COUNTIF(H9:K9,"None")=4,"Passed","With Held") -> With Held | M9: =IF($L9<>"With Held","",_xlfn.TEXTJOIN(", ",TRUE,IF(TRIM($H9)<>"None","Level 0 - "&SUBSTITUTE(TRIM($H9)," "," & "), ""),IF(TRIM($I9)<>"None","Level 1 - "&SUBSTITUTE(TRIM($I9)," "," & "), ""),IF(TRIM($J9)<>"None","Level 2 - "&SUBSTITUTE(TRIM($J9)," "," & "), ""),IF(TRIM($K9)<>"None","Level 3 - "&SUBSTITUTE(TRIM($K9)," "," & "), ""))) -> Level 2 - Wellness
A10: 7 | B10: Male | C10: A | D10: 2024JULB00007 | E10: Adarsh G | F10: =AVERAGE('HPS grading'!F10,'HPS grading'!K10,'HPS grading'!P10,'HPS grading'!U10) -> 55.147259 | G10: {=_xlfn.IFS(F10>=80,"A+",F10>=70,"A",F10=60,"B+",F10>=50,"B",F10>=40,"C+",F10>=30,"C",F10>=20,"D",F10<20,"E")} -> B | H10: =IF('HPS grading'!H10&'HPS grading'!I10="ClearedCleared","None",IF('HPS grading'!H10="NC","Persona ","") &IF('HPS grading'!I10="NC","Wellness ","")) -> None | I10: =IF('HPS grading'!M10&'HPS grading'!N10="ClearedCleared","None",IF('HPS grading'!M10="NC","Persona ","") &IF('HPS grading'!N10="NC","Wellness","")) -> Wellness | J10: =IF('HPS grading'!R10&'HPS grading'!S10="ClearedCleared","None",IF('HPS grading'!R10="NC","Persona ","") &IF('HPS grading'!S10="NC","Wellness ","")) -> Wellness | K10: =IF('HPS grading'!W10&'HPS grading'!X10="ClearedCleared","None",IF('HPS grading'!W10="NC","Persona ","") &IF('HPS grading'!X10="NC","Wellness ","")) -> Wellness | L10: =IF(COUNTIF(H10:K10,"None")=4,"Passed","With Held") -> With Held | M10: =IF($L10<>"With Held","",_xlfn.TEXTJOIN(", ",TRUE,IF(TRIM($H10)<>"None","Level 0 - "&SUBSTITUTE(TRIM($H10)," "," & "), ""),IF(TRIM($I10)<>"None","Level 1 - "&SUBSTITUTE(TRIM($I10)," "," & "), ""),IF(TRIM($J10)<>"None","Level 2 - "&SUBSTITUTE(TRIM($J10)," "," & "), ""),IF(TRIM($K10)<>"None","Level 3 - "&SUBSTITUTE(TRIM($K10)," "," & "), ""))) -> Level 1 - Wellness, Level 2 - Wellness, Level 3 - Wellness
A11: 8 | B11: Male | C11: C | D11: 2024JULB00008 | E11: Adarsh Raj Barman | F11: =AVERAGE('HPS grading'!F11,'HPS grading'!K11,'HPS grading'!P11,'HPS grading'!U11) -> 56.750689 | G11: {=_xlfn.IFS(F11>=80,"A+",F11>=70,"A",F11=60,"B+",F11>=50,"B",F11>=40,"C+",F11>=30,"C",F11>=20,"D",F11<20,"E")} -> B | H11: =IF('HPS grading'!H11&'HPS grading'!I11="ClearedCleared","None",IF('HPS grading'!H11="NC","Persona ","") &IF('HPS grading'!I11="NC","Wellness ","")) -> None | I11: =IF('HPS grading'!M11&'HPS grading'!N11="ClearedCleared","None",IF('HPS grading'!M11="NC","Persona ","") &IF('HPS grading'!N11="NC","Wellness","")) -> None | J11: =IF('HPS grading'!R11&'HPS grading'!S11="ClearedCleared","None",IF('HPS grading'!R11="NC","Persona ","") &IF('HPS grading'!S11="NC","Wellness ","")) -> None | K11: =IF('HPS grading'!W11&'HPS grading'!X11="ClearedCleared","None",IF('HPS grading'!W11="NC","Persona ","") &IF('HPS grading'!X11="NC","Wellness ","")) -> None | L11: =IF(COUNTIF(H11:K11,"None")=4,"Passed","With Held") -> Passed | M11: =IF($L11<>"With Held","",_xlfn.TEXTJOIN(", ",TRUE,IF(TRIM($H11)<>"None","Level 0 - "&SUBSTITUTE(TRIM($H11)," "," & "), ""),IF(TRIM($I11)<>"None","Level 1 - "&SUBSTITUTE(TRIM($I11)," "," & "), ""),IF(TRIM($J11)<>"None","Level 2 - "&SUBSTITUTE(TRIM($J11)," "," & "), ""),IF(TRIM($K11)<>"None","Level 3 - "&SUBSTITUTE(TRIM($K11)," "," & "), "")))
A12: 9 | B12: Female | C12: A | D12: 2024JULB00009 | E12: Aditi Kumari | F12: =AVERAGE('HPS grading'!F12,'HPS grading'!K12,'HPS grading'!P12,'HPS grading'!U12) -> 58.83248 | G12: {=_xlfn.IFS(F12>=80,"A+",F12>=70,"A",F12=60,"B+",F12>=50,"B",F12>=40,"C+",F12>=30,"C",F12>=20,"D",F12<20,"E")} -> B | H12: =IF('HPS grading'!H12&'HPS grading'!I12="ClearedCleared","None",IF('HPS grading'!H12="NC","Persona ","") &IF('HPS grading'!I12="NC","Wellness ","")) -> None | I12: =IF('HPS grading'!M12&'HPS grading'!N12="ClearedCleared","None",IF('HPS grading'!M12="NC","Persona ","") &IF('HPS grading'!N12="NC","Wellness","")) -> None | J12: =IF('HPS grading'!R12&'HPS grading'!S12="ClearedCleared","None",IF('HPS grading'!R12="NC","Persona ","") &IF('HPS grading'!S12="NC","Wellness ","")) -> None | K12: =IF('HPS grading'!W12&'HPS grading'!X12="ClearedCleared","None",IF('HPS grading'!W12="NC","Persona ","") &IF('HPS grading'!X12="NC","Wellness ","")) -> None | L12: =IF(COUNTIF(H12:K12,"None")=4,"Passed","With Held") -> Passed | M12: =IF($L12<>"With Held","",_xlfn.TEXTJOIN(", ",TRUE,IF(TRIM($H12)<>"None","Level 0 - "&SUBSTITUTE(TRIM($H12)," "," & "), ""),IF(TRIM($I12)<>"None","Level 1 - "&SUBSTITUTE(TRIM($I12)," "," & "), ""),IF(TRIM($J12)<>"None","Level 2 - "&SUBSTITUTE(TRIM($J12)," "," & "), ""),IF(TRIM($K12)<>"None","Level 3 - "&SUBSTITUTE(TRIM($K12)," "," & "), "")))
A13: 10 | B13: Male | C13: A | D13: 2024JULB00012 | E13: Akarsh Narain | F13: =AVERAGE('HPS grading'!F13,'HPS grading'!K13,'HPS grading'!P13,'HPS grading'!U13) -> 57.194292 | G13: {=_xlfn.IFS(F13>=80,"A+",F13>=70,"A",F13=60,"B+",F13>=50,"B",F13>=40,"C+",F13>=30,"C",F13>=20,"D",F13<20,"E")} -> B | H13: =IF('HPS grading'!H13&'HPS grading'!I13="ClearedCleared","None",IF('HPS grading'!H13="NC","Persona ","") &IF('HPS grading'!I13="NC","Wellness ","")) -> None | I13: =IF('HPS grading'!M13&'HPS grading'!N13="ClearedCleared","None",IF('HPS grading'!M13="NC","Persona ","") &IF('HPS grading'!N13="NC","Wellness","")) -> Wellness | J13: =IF('HPS grading'!R13&'HPS grading'!S13="ClearedCleared","None",IF('HPS grading'!R13="NC","Persona ","") &IF('HPS grading'!S13="NC","Wellness ","")) -> None | K13: =IF('HPS grading'!W13&'HPS grading'!X13="ClearedCleared","None",IF('HPS grading'!W13="NC","Persona ","") &IF('HPS grading'!X13="NC","Wellness ","")) -> Wellness | L13: =IF(COUNTIF(H13:K13,"None")=4,"Passed","With Held") -> With Held | M13: =IF($L13<>"With Held","",_xlfn.TEXTJOIN(", ",TRUE,IF(TRIM($H13)<>"None","Level 0 - "&SUBSTITUTE(TRIM($H13)," "," & "), ""),IF(TRIM($I13)<>"None","Level 1 - "&SUBSTITUTE(TRIM($I13)," "," & "), ""),IF(TRIM($J13)<>"None","Level 2 - "&SUBSTITUTE(TRIM($J13)," "," & "), ""),IF(TRIM($K13)<>"None","Level 3 - "&SUBSTITUTE(TRIM($K13)," "," & "), ""))) -> Level 1 - Wellness, Level 3 - Wellness
A14: 11 | B14: Male | C14: B | D14: 2024JULB00013 | E14: Akshat Singh | F14: =AVERAGE('HPS grading'!F14,'HPS grading'!K14,'HPS grading'!P14,'HPS grading'!U14) -> 52.048089 | G14: {=_xlfn.IFS(F14>=80,"A+",F14>=70,"A",F14=60,"B+",F14>=50,"B",F14>=40,"C+",F14>=30,"C",F14>=20,"D",F14<20,"E")} -> B | H14: =IF('HPS grading'!H14&'HPS grading'!I14="ClearedCleared","None",IF('HPS grading'!H14="NC","Persona ","") &IF('HPS grading'!I14="NC","Wellness ","")) -> None | I14: =IF('HPS grading'!M14&'HPS grading'!N14="ClearedCleared","None",IF('HPS grading'!M14="NC","Persona ","") &IF('HPS grading'!N14="NC","Wellness","")) -> None | J14: =IF('HPS grading'!R14&'HPS grading'!S14="ClearedCleared","None",IF('HPS grading'!R14="NC","Persona ","") &IF('HPS grading'!S14="NC","Wellness ","")) -> None | K14: =IF('HPS grading'!W14&'HPS grading'!X14="ClearedCleared","None",IF('HPS grading'!W14="NC","Persona ","") &IF('HPS grading'!X14="NC","Wellness ","")) -> None | L14: =IF(COUNTIF(H14:K14,"None")=4,"Passed","With Held") -> Passed | M14: =IF($L14<>"With Held","",_xlfn.TEXTJOIN(", ",TRUE,IF(TRIM($H14)<>"None","Level 0 - "&SUBSTITUTE(TRIM($H14)," "," & "), ""),IF(TRIM($I14)<>"None","Level 1 - "&SUBSTITUTE(TRIM($I14)," "," & "), ""),IF(TRIM($J14)<>"None","Level 2 - "&SUBSTITUTE(TRIM($J14)," "," & "), ""),IF(TRIM($K14)<>"None","Level 3 - "&SUBSTITUTE(TRIM($K14)," "," & "), "")))
A15: 12 | B15: Male | C15: B | D15: 2024JULB00014 | E15: Amal Shibu Balan | F15: =AVERAGE('HPS grading'!F15,'HPS grading'!K15,'HPS grading'!P15,'HPS grading'!U15) -> 51.480304 | G15: {=_xlfn.IFS(F15>=80,"A+",F15>=70,"A",F15=60,"B+",F15>=50,"B",F15>=40,"C+",F15>=30,"C",F15>=20,"D",F15<20,"E")} -> B | H15: =IF('HPS grading'!H15&'HPS grading'!I15="ClearedCleared","None",IF('HPS grading'!H15="NC","Persona ","") &IF('HPS grading'!I15="NC","Wellness ","")) -> None | I15: =IF('HPS grading'!M15&'HPS grading'!N15="ClearedCleared","None",IF('HPS grading'!M15="NC","Persona ","") &IF('HPS grading'!N15="NC","Wellness","")) -> Wellness | J15: =IF('HPS grading'!R15&'HPS grading'!S15="ClearedCleared","None",IF('HPS grading'!R15="NC","Persona ","") &IF('HPS grading'!S15="NC","Wellness ","")) -> None | K15: =IF('HPS grading'!W15&'HPS grading'!X15="ClearedCleared","None",IF('HPS grading'!W15="NC","Persona ","") &IF('HPS grading'!X15="NC","Wellness ","")) -> None | L15: =IF(COUNTIF(H15:K15,"None")=4,"Passed","With Held") -> With Held | M15: =IF($L15<>"With Held","",_xlfn.TEXTJOIN(", ",TRUE,IF(TRIM($H15)<>"None","Level 0 - "&SUBSTITUTE(TRIM($H15)," "," & "), ""),IF(TRIM($I15)<>"None","Level 1 - "&SUBSTITUTE(TRIM($I15)," "," & "), ""),IF(TRIM($J15)<>"None","Level 2 - "&SUBSTITUTE(TRIM($J15)," "," & "), ""),IF(TRIM($K15)<>"None","Level 3 - "&SUBSTITUTE(TRIM($K15)," "," & "), ""))) -> Level 1 - Wellness
... A231: 228 | B231: Male | C231: D | D231: 2024JULB00273 | E231: Harshit Gopawat | F231: =AVERAGE('HPS grading'!F231,'HPS grading'!K231,'HPS grading'!P231,'HPS grading'!U231) -> 15.353796 | G231: {=_xlfn.IFS(F231>=80,"A+",F231>=70,"A",F231=60,"B+",F231>=50,"B",F231>=40,"C+",F231>=30,"C",F231>=20,"D",F231<20,"E")} -> E | H231: =IF('HPS grading'!H231&'HPS grading'!I231="ClearedCleared","None",IF('HPS grading'!H231="NC","Persona ","") &IF('HPS grading'!I231="NC","Wellness ","")) -> Persona Wellness | I231: =IF('HPS grading'!M231&'HPS grading'!N231="ClearedCleared","None",IF('HPS grading'!M231="NC","Persona ","") &IF('HPS grading'!N231="NC","Wellness","")) -> Persona Wellness | J231: =IF('HPS grading'!R231&'HPS grading'!S231="ClearedCleared","None",IF('HPS grading'!R231="NC","Persona ","") &IF('HPS grading'!S231="NC","Wellness ","")) -> Persona Wellness | K231: =IF('HPS grading'!W231&'HPS grading'!X231="ClearedCleared","None",IF('HPS grading'!W231="NC","Persona ","") &IF('HPS grading'!X231="NC","Wellness ","")) -> Persona Wellness | L231: =IF(COUNTIF(H231:K231,"None")=4,"Passed","With Held") -> With Held | M231: =IF($L231<>"With Held","",_xlfn.TEXTJOIN(", ",TRUE,IF(TRIM($H231)<>"None","Level 0 - "&SUBSTITUTE(TRIM($H231)," "," & "), ""),IF(TRIM($I231)<>"None","Level 1 - "&SUBSTITUTE(TRIM($I231)," "," & "), ""),IF(TRIM($J231)<>"None","Level 2 - "&SUBSTITUTE(TRIM($J231)," "," & "), ""),IF(TRIM($K231)<>"None","Level 3 - "&SUBSTITUTE(TRIM($K231)," "," & "), ""))) -> Level 0 - Persona & Wellness, Level 1 - Persona & Wellness, Level 2 - Persona & Wellness, Level 3 - Persona & Wellness
F234: Cleared | H234: =COUNTIF($H$4:$H$231,"None") -> 133 | I234: =COUNTIF($I$4:$I$231,"None") -> 51 | J234: =COUNTIF($J$4:$J$231,"None") -> 77 | K234: =COUNTIF($K$4:$K$231,"None") -> 89
F235: Persona | H235: =COUNTIF($H$4:$H$231,"Persona ") -> 52 | I235: =COUNTIF($I$4:$I$231,"Persona ") -> 0 | J235: =COUNTIF($J$4:$J$231,"Persona ") -> 16 | K235: =COUNTIF($K$4:$K$231,"Persona ") -> 13
F236: Wellness | H236: =COUNTIF($H$4:$H$231,"Wellness ") -> 30 | I236: =COUNTIF($I$4:$I$231,"Wellness ") -> 0 | J236: =COUNTIF($J$4:$J$231,"Wellness ") -> 98 | K236: =COUNTIF($K$4:$K$231,"Wellness ") -> 105
F237: Persona & Wellness | H237: =COUNTIF($H$4:$H$231,"Persona Wellness ") -> 13 | I237: =COUNTIF($I$4:$I$231,"Persona Wellness ") -> 0 | J237: =COUNTIF($J$4:$J$231,"Persona Wellness ") -> 37 | K237: =COUNTIF($K$4:$K$231,"Persona Wellness ") -> 21
F238: Total | H238: =SUM(H234:H237) -> 228 | I238: =SUM(I234:I237) -> 51 | J238: =SUM(J234:J237) -> 228 | K238: =SUM(K234:K237) -> 228

Sheet PEP Grade Final
A1: Sr # | B1: Gender | C1: Section | D1: RN | E1: Student name | F1: Holistic Personality Score All Levels | J1: HPS Grade | M1: Afflictions
F2: Level 0 | G2: Level 1 | H2: Level 2 | I2: Level 3 | J2: FINAL HPS | K2: Grade | L2: Result
A3: 1 | B3: Female | C3: A | D3: 2024JULB00001 | E3: A Divya Sree | F3: ='HPS grading'!K4 -> 53.71 | G3: ='HPS grading'!P4 -> 55.527778 | H3: ='HPS grading'!U4 -> 53.575926 | I3: ='HPS grading'!Z4 -> 54.637454 | J3: =AVERAGE(F3,G3,H3,I3) -> 54.362789 | K3: {=_xlfn.IFS(J3>=80,"A+",J3>=70,"A",J3=60,"B+",J3>=50,"B",J3>=40,"C+",J3>=30,"C",J3>=20,"D",J3<20,"E")} -> B | L3: =' PEP Grade'!L4 -> With Held | M3: =' PEP Grade'!M4 -> Level 1 - Wellness, Level 3 - Wellness
A4: 2 | B4: Male | C4: A | D4: 2024JULB00002 | E4: Aaditya K | F4: ='HPS grading'!K5 -> 65.319048 | G4: ='HPS grading'!P5 -> 36.357778 | H4: ='HPS grading'!U5 -> 58.859259 | I4: ='HPS grading'!Z5 -> 54.432632 | J4: =AVERAGE(F4,G4,H4,I4) -> 53.742179 | K4: {=_xlfn.IFS(J4>=80,"A+",J4>=70,"A",J4=60,"B+",J4>=50,"B",J4>=40,"C+",J4>=30,"C",J4>=20,"D",J4<20,"E")} -> B | L4: =' PEP Grade'!L5 -> With Held | M4: =' PEP Grade'!M5 -> Level 0 - Persona, Level 2 - Persona & Wellness
A5: 3 | B5: Female | C5: A | D5: 2024JULB00003 | E5: Aanchal Sapra | F5: ='HPS grading'!K6 -> 44.435833 | G5: ='HPS grading'!P6 -> 35.117778 | H5: ='HPS grading'!U6 -> 38.742593 | I5: ='HPS grading'!Z6 -> 43.126134 | J5: =AVERAGE(F5,G5,H5,I5) -> 40.355584 | K5: {=_xlfn.IFS(J5>=80,"A+",J5>=70,"A",J5=60,"B+",J5>=50,"B",J5>=40,"C+",J5>=30,"C",J5>=20,"D",J5<20,"E")} -> C+ | L5: =' PEP Grade'!L6 -> With Held | M5: =' PEP Grade'!M6 -> Level 1 - Wellness, Level 2 - Persona & Wellness, Level 3 - Wellness
A6: 4 | B6: Male | C6: A | D6: 2024JULB00004 | E6: Abhinav B | F6: ='HPS grading'!K7 -> 46.654524 | G6: ='HPS grading'!P7 -> 46.437778 | H6: ='HPS grading'!U7 -> 55.72963 | I6: ='HPS grading'!Z7 -> 53.226316 | J6: =AVERAGE(F6,G6,H6,I6) -> 50.512062 | K6: {=_xlfn.IFS(J6>=80,"A+",J6>=70,"A",J6=60,"B+",J6>=50,"B",J6>=40,"C+",J6>=30,"C",J6>=20,"D",J6<20,"E")} -> B | L6: =' PEP Grade'!L7 -> With Held | M6: =' PEP Grade'!M7 -> Level 1 - Wellness, Level 2 - Persona & Wellness, Level 3 - Wellness
A7: 5 | B7: Male | C7: D | D7: 2024JULB00005 | E7: Abhirup Choudhury | F7: ='HPS grading'!K8 -> 3.2 | G7: ='HPS grading'!P8 -> 29.004444 | H7: ='HPS grading'!U8 -> 6.0444444 | I7: ='HPS grading'!Z8 -> 11.437222 | J7: =AVERAGE(F7,G7,H7,I7) -> 12.421528 | K7: {=_xlfn.IFS(J7>=80,"A+",J7>=70,"A",J7=60,"B+",J7>=50,"B",J7>=40,"C+",J7>=30,"C",J7>=20,"D",J7<20,"E")} -> E | L7: =' PEP Grade'!L8 -> With Held | M7: =' PEP Grade'!M8 -> Level 0 - Persona & Wellness, Level 1 - Persona & Wellness, Level 2 - Wellness, Level 3 - Persona & Wellness
A8: 6 | B8: Male | C8: A | D8: 2024JULB00006 | E8: Abhyuday Tripathi | F8: ='HPS grading'!K9 -> 58.275714 | G8: ='HPS grading'!P9 -> 49.946667 | H8: ='HPS grading'!U9 -> 66.865741 | I8: ='HPS grading'!Z9 -> 60.344947 | J8: =AVERAGE(F8,G8,H8,I8) -> 58.858267 | K8: {=_xlfn.IFS(J8>=80,"A+",J8>=70,"A",J8=60,"B+",J8>=50,"B",J8>=40,"C+",J8>=30,"C",J8>=20,"D",J8<20,"E")} -> B | L8: =' PEP Grade'!L9 -> With Held | M8: =' PEP Grade'!M9 -> Level 2 - Wellness
A9: 7 | B9: Male | C9: A | D9: 2024JULB00007 | E9: Adarsh G | F9: ='HPS grading'!K10 -> 67.376071 | G9: ='HPS grading'!P10 -> 43.433333 | H9: ='HPS grading'!U10 -> 50.237963 | I9: ='HPS grading'!Z10 -> 55.147259 | J9: =AVERAGE(F9,G9,H9,I9) -> 54.048657 | K9: {=_xlfn.IFS(J9>=80,"A+",J9>=70,"A",J9=60,"B+",J9>=50,"B",J9>=40,"C+",J9>=30,"C",J9>=20,"D",J9<20,"E")} -> B | L9: =' PEP Grade'!L10 -> With Held | M9: =' PEP Grade'!M10 -> Level 1 - Wellness, Level 2 - Wellness, Level 3 - Wellness
A10: 8 | B10: Male | C10: C | D10: 2024JULB00008 | E10: Adarsh Raj Barman | F10: ='HPS grading'!K11 -> 60.902381 | G10: ='HPS grading'!P11 -> 48.815556 | H10: ='HPS grading'!U11 -> 59.963889 | I10: ='HPS grading'!Z11 -> 56.750689 | J10: =AVERAGE(F10,G10,H10,I10) -> 56.608129 | K10: {=_xlfn.IFS(J10>=80,"A+",J10>=70,"A",J10=60,"B+",J10>=50,"B",J10>=40,"C+",J10>=30,"C",J10>=20,"D",J10<20,"E")} -> B | L10: =' PEP Grade'!L11 -> Passed | M10: =' PEP Grade'!M11
A11: 9 | B11: Female | C11: A | D11: 2024JULB00009 | E11: Aditi Kumari | F11: ='HPS grading'!K12 -> 61.93881 | G11: ='HPS grading'!P12 -> 55.163333 | H11: ='HPS grading'!U12 -> 62.644444 | I11: ='HPS grading'!Z12 -> 58.83248 | J11: =AVERAGE(F11,G11,H11,I11) -> 59.644767 | K11: {=_xlfn.IFS(J11>=80,"A+",J11>=70,"A",J11=60,"B+",J11>=50,"B",J11>=40,"C+",J11>=30,"C",J11>=20,"D",J11<20,"E")} -> B | L11: =' PEP Grade'!L12 -> Passed | M11: =' PEP Grade'!M12
A12: 10 | B12: Male | C12: A | D12: 2024JULB00012 | E12: Akarsh Narain | F12: ='HPS grading'!K13 -> 54.611429 | G12: ='HPS grading'!P13 -> 46.638889 | H12: ='HPS grading'!U13 -> 60.651852 | I12: ='HPS grading'!Z13 -> 57.194292 | J12: =AVERAGE(F12,G12,H12,I12) -> 54.774115 | K12: {=_xlfn.IFS(J12>=80,"A+",J12>=70,"A",J12=60,"B+",J12>=50,"B",J12>=40,"C+",J12>=30,"C",J12>=20,"D",J12<20,"E")} -> B | L12: =' PEP Grade'!L13 -> With Held | M12: =' PEP Grade'!M13 -> Level 1 - Wellness, Level 3 - Wellness
A13: 11 | B13: Male | C13: B | D13: 2024JULB00013 | E13: Akshat Singh | F13: ='HPS grading'!K14 -> 57.246429 | G13: ='HPS grading'!P14 -> 48.927778 | H13: ='HPS grading'!U14 -> 49.768148 | I13: ='HPS grading'!Z14 -> 52.048089 | J13: =AVERAGE(F13,G13,H13,I13) -> 51.997611 | K13: {=_xlfn.IFS(J13>=80,"A+",J13>=70,"A",J13=60,"B+",J13>=50,"B",J13>=40,"C+",J13>=30,"C",J13>=20,"D",J13<20,"E")} -> B | L13: =' PEP Grade'!L14 -> Passed | M13: =' PEP Grade'!M14
A14: 12 | B14: Male | C14: B | D14: 2024JULB00014 | E14: Amal Shibu Balan | F14: ='HPS grading'!K15 -> 38.377143 | G14: ='HPS grading'!P15 -> 53.047778 | H14: ='HPS grading'!U15 -> 55.635185 | I14: ='HPS grading'!Z15 -> 51.480304 | J14: =AVERAGE(F14,G14,H14,I14) -> 49.635103 | K14: {=_xlfn.IFS(J14>=80,"A+",J14>=70,"A",J14=60,"B+",J14>=50,"B",J14>=40,"C+",J14>=30,"C",J14>=20,"D",J14<20,"E")} -> C+ | L14: =' PEP Grade'!L15 -> With Held | M14: =' PEP Grade'!M15 -> Level 1 - Wellness
... A230: 228 | B230: Male | C230: D | D230: 2024JULB00273 | E230: Harshit Gopawat | F230: ='HPS grading'!K231 -> 3.6 | G230: ='HPS grading'!P231 -> 19.28 | H230: ='HPS grading'!U231 -> 30.035185 | I230: ='HPS grading'!Z231 -> 15.353796 | J230: =AVERAGE(F230,G230,H230,I230) -> 17.067245 | K230: {=_xlfn.IFS(J230>=80,"A+",J230>=70,"A",J230=60,"B+",J230>=50,"B",J230>=40,"C+",J230>=30,"C",J230>=20,"D",J230<20,"E")} -> E | L230: =' PEP Grade'!L231 -> With Held | M230: =' PEP Grade'!M231 -> Level 0 - Persona & Wellness, Level 1 - Persona & Wellness, Level 2 - Persona & Wellness, Level 3 - Persona & Wellness

Sheet Sheet6
A1: Sr # | B1: Gender | C1: Section | D1: RN | E1: Student name | F1: Holistic Personality Score All Levels | J1: HPS Grade | M1: Over all Performance
F2: Level 0 | G2: Level 1 | H2: Level 2 | I2: Level 3 | J2: FINAL HPS | K2: Grade | L2: Result | M2: Performance | O2: Performance Rating | Q2: Performance grade
A3: 1 | B3: Female | C3: A | D3: 2024JULB00001 | E3: A Divya Sree | F3: ='Final Sheet '!K4 -> 49.347222 | G3: ='Final Sheet '!V4 -> 53.71 | H3: ='Final Sheet '!AG4 -> 54.477778 | I3: ='Final Sheet '!AR4 -> 53.575926 | J3: =AVERAGE(F3,G3,H3,I3) -> 52.777731 | K3: {=_xlfn.IFS(J3>=80,"A+",J3>=70,"A",J3=60,"B+",J3>=50,"B",J3>=40,"C+",J3>=30,"C",J3>=20,"D",J3<20,"E")} -> B | L3: =' PEP Grade'!L4 -> With Held | M3: =I3-F3 -> 4.2287037 | N3: =IF(I3>F3*(1.2),"Significant Progress",IF(I3>F3*(1.1),"Moderate Progress",IF(AND(I3<=F3*(1.1),I3>=F3*0.95),"Maintained",IF(I3>=F3*0.86,"Minor Regression","Significant Regression")))) -> Maintained | O3: =IF(F3="","",IF((I3-F3)/F3>=0.2,5,IF((I3-F3)/F3>=0.1,4,IF((I3-F3)/F3>=-0.05,3,IF((I3-F3)/F3>=-0.14,2,1))))) -> 3 | Q3: =CHOOSE(MATCH(K3,{"A+","A","B+","B","C+","C","D","E"},0) - (O3-3),"A+","A","B+","B","C+","C","D","E") -> B
A4: 2 | B4: Male | C4: A | D4: 2024JULB00002 | E4: Aaditya K | F4: ='Final Sheet '!K5 -> 57.194444 | G4: ='Final Sheet '!V5 -> 65.319048 | H4: ='Final Sheet '!AG5 -> 35.257778 | I4: ='Final Sheet '!AR5 -> 58.859259 | J4: =AVERAGE(F4,G4,H4,I4) -> 54.157632 | K4: {=_xlfn.IFS(J4>=80,"A+",J4>=70,"A",J4=60,"B+",J4>=50,"B",J4>=40,"C+",J4>=30,"C",J4>=20,"D",J4<20,"E")} -> B | L4: =' PEP Grade'!L5 -> With Held | M4: =I4-F4 -> 1.6648148 | N4: =IF(I4>F4*(1.2),"Significant Progress",IF(I4>F4*(1.1),"Moderate Progress",IF(AND(I4<=F4*(1.1),I4>=F4*0.95),"Maintained",IF(I4>=F4*0.86,"Minor Regression","Significant Regression")))) -> Maintained | O4: =IF(F4="","",IF((I4-F4)/F4>=0.2,5,IF((I4-F4)/F4>=0.1,4,IF((I4-F4)/F4>=-0.05,3,IF((I4-F4)/F4>=-0.14,2,1))))) -> 3 | Q4: =CHOOSE(MATCH(K4,{"A+","A","B+","B","C+","C","D","E"},0) - (O4-3),"A+","A","B+","B","C+","C","D","E") -> B
A5: 3 | B5: Female | C5: A | D5: 2024JULB00003 | E5: Aanchal Sapra | F5: ='Final Sheet '!K6 -> 54.208333 | G5: ='Final Sheet '!V6 -> 44.435833 | H5: ='Final Sheet '!AG6 -> 33.617778 | I5: ='Final Sheet '!AR6 -> 38.742593 | J5: =AVERAGE(F5,G5,H5,I5) -> 42.751134 | K5: {=_xlfn.IFS(J5>=80,"A+",J5>=70,"A",J5=60,"B+",J5>=50,"B",J5>=40,"C+",J5>=30,"C",J5>=20,"D",J5<20,"E")} -> C+ | L5: =' PEP Grade'!L6 -> With Held | M5: =I5-F5 -> -15.465741 | N5: =IF(I5>F5*(1.2),"Significant Progress",IF(I5>F5*(1.1),"Moderate Progress",IF(AND(I5<=F5*(1.1),I5>=F5*0.95),"Maintained",IF(I5>=F5*0.86,"Minor Regression","Significant Regression")))) -> Significant Regression | O5: =IF(F5="","",IF((I5-F5)/F5>=0.2,5,IF((I5-F5)/F5>=0.1,4,IF((I5-F5)/F5>=-0.05,3,IF((I5-F5)/F5>=-0.14,2,1))))) -> 1 | Q5: =CHOOSE(MATCH(K5,{"A+","A","B+","B","C+","C","D","E"},0) - (O5-3),"A+","A","B+","B","C+","C","D","E") -> D
A6: 4 | B6: Male | C6: A | D6: 2024JULB00004 | E6: Abhinav B | F6: ='Final Sheet '!K7 -> 64.083333 | G6: ='Final Sheet '!V7 -> 46.654524 | H6: ='Final Sheet '!AG7 -> 45.537778 | I6: ='Final Sheet '!AR7 -> 55.72963 | J6: =AVERAGE(F6,G6,H6,I6) -> 53.001316 | K6: {=_xlfn.IFS(J6>=80,"A+",J6>=70,"A",J6=60,"B+",J6>=50,"B",J6>=40,"C+",J6>=30,"C",J6>=20,"D",J6<20,"E")} -> B | L6: =' PEP Grade'!L7 -> With Held | M6: =I6-F6 -> -8.3537037 | N6: =IF(I6>F6*(1.2),"Significant Progress",IF(I6>F6*(1.1),"Moderate Progress",IF(AND(I6<=F6*(1.1),I6>=F6*0.95),"Maintained",IF(I6>=F6*0.86,"Minor Regression","Significant Regression")))) -> Minor Regression | O6: =IF(F6="","",IF((I6-F6)/F6>=0.2,5,IF((I6-F6)/F6>=0.1,4,IF((I6-F6)/F6>=-0.05,3,IF((I6-F6)/F6>=-0.14,2,1))))) -> 2 | Q6: =CHOOSE(MATCH(K6,{"A+","A","B+","B","C+","C","D","E"},0) - (O6-3),"A+","A","B+","B","C+","C","D","E") -> C+
A7: 5 | B7: Male | C7: D | D7: 2024JULB00005 | E7: Abhirup Choudhury | F7: ='Final Sheet '!K8 -> 7.5 | G7: ='Final Sheet '!V8 -> 3.2 | H7: ='Final Sheet '!AG8 -> 30.004444 | I7: ='Final Sheet '!AR8 -> 6.0444444 | J7: =AVERAGE(F7,G7,H7,I7) -> 11.687222 | K7: {=_xlfn.IFS(J7>=80,"A+",J7>=70,"A",J7=60,"B+",J7>=50,"B",J7>=40,"C+",J7>=30,"C",J7>=20,"D",J7<20,"E")} -> E | L7: =' PEP Grade'!L8 -> With Held | M7: =I7-F7 -> -1.4555556 | N7: =IF(I7>F7*(1.2),"Significant Progress",IF(I7>F7*(1.1),"Moderate Progress",IF(AND(I7<=F7*(1.1),I7>=F7*0.95),"Maintained",IF(I7>=F7*0.86,"Minor Regression","Significant Regression")))) -> Significant Regression | O7: =IF(F7="","",IF((I7-F7)/F7>=0.2,5,IF((I7-F7)/F7>=0.1,4,IF((I7-F7)/F7>=-0.05,3,IF((I7-F7)/F7>=-0.14,2,1))))) -> 1 | Q7: =CHOOSE(MATCH(K7,{"A+","A","B+","B","C+","C","D","E"},0) - (O7-3),"A+","A","B+","B","C+","C","D","E") -> #VALUE!
A8: 6 | B8: Male | C8: A | D8: 2024JULB00006 | E8: Abhyuday Tripathi | F8: ='Final Sheet '!K9 -> 66.291667 | G8: ='Final Sheet '!V9 -> 58.275714 | H8: ='Final Sheet '!AG9 -> 48.646667 | I8: ='Final Sheet '!AR9 -> 66.865741 | J8: =AVERAGE(F8,G8,H8,I8) -> 60.019947 | K8: {=_xlfn.IFS(J8>=80,"A+",J8>=70,"A",J8=60,"B+",J8>=50,"B",J8>=40,"C+",J8>=30,"C",J8>=20,"D",J8<20,"E")} -> B | L8: =' PEP Grade'!L9 -> With Held | M8: =I8-F8 -> 0.57407407 | N8: =IF(I8>F8*(1.2),"Significant Progress",IF(I8>F8*(1.1),"Moderate Progress",IF(AND(I8<=F8*(1.1),I8>=F8*0.95),"Maintained",IF(I8>=F8*0.86,"Minor Regression","Significant Regression")))) -> Maintained | O8: =IF(F8="","",IF((I8-F8)/F8>=0.2,5,IF((I8-F8)/F8>=0.1,4,IF((I8-F8)/F8>=-0.05,3,IF((I8-F8)/F8>=-0.14,2,1))))) -> 3 | Q8: =CHOOSE(MATCH(K8,{"A+","A","B+","B","C+","C","D","E"},0) - (O8-3),"A+","A","B+","B","C+","C","D","E") -> B
A9: 7 | B9: Male | C9: A | D9: 2024JULB00007 | E9: Adarsh G | F9: ='Final Sheet '!K10 -> 59.541667 | G9: ='Final Sheet '!V10 -> 67.376071 | H9: ='Final Sheet '!AG10 -> 44.433333 | I9: ='Final Sheet '!AR10 -> 50.237963 | J9: =AVERAGE(F9,G9,H9,I9) -> 55.397259 | K9: {=_xlfn.IFS(J9>=80,"A+",J9>=70,"A",J9=60,"B+",J9>=50,"B",J9>=40,"C+",J9>=30,"C",J9>=20,"D",J9<20,"E")} -> B | L9: =' PEP Grade'!L10 -> With Held | M9: =I9-F9 -> -9.3037037 | N9: =IF(I9>F9*(1.2),"Significant Progress",IF(I9>F9*(1.1),"Moderate Progress",IF(AND(I9<=F9*(1.1),I9>=F9*0.95),"Maintained",IF(I9>=F9*0.86,"Minor Regression","Significant Regression")))) -> Significant Regression | O9: =IF(F9="","",IF((I9-F9)/F9>=0.2,5,IF((I9-F9)/F9>=0.1,4,IF((I9-F9)/F9>=-0.05,3,IF((I9-F9)/F9>=-0.14,2,1))))) -> 1 | Q9: =CHOOSE(MATCH(K9,{"A+","A","B+","B","C+","C","D","E"},0) - (O9-3),"A+","A","B+","B","C+","C","D","E") -> C
A10: 8 | B10: Male | C10: C | D10: 2024JULB00008 | E10: Adarsh Raj Barman | F10: ='Final Sheet '!K11 -> 57.320933 | G10: ='Final Sheet '!V11 -> 60.902381 | H10: ='Final Sheet '!AG11 -> 48.315556 | I10: ='Final Sheet '!AR11 -> 59.963889 | J10: =AVERAGE(F10,G10,H10,I10) -> 56.625689 | K10: {=_xlfn.IFS(J10>=80,"A+",J10>=70,"A",J10=60,"B+",J10>=50,"B",J10>=40,"C+",J10>=30,"C",J10>=20,"D",J10<20,"E")} -> B | L10: =' PEP Grade'!L11 -> Passed | M10: =I10-F10 -> 2.6429563 | N10: =IF(I10>F10*(1.2),"Significant Progress",IF(I10>F10*(1.1),"Moderate Progress",IF(AND(I10<=F10*(1.1),I10>=F10*0.95),"Maintained",IF(I10>=F10*0.86,"Minor Regression","Significant Regression")))) -> Maintained | O10: =IF(F10="","",IF((I10-F10)/F10>=0.2,5,IF((I10-F10)/F10>=0.1,4,IF((I10-F10)/F10>=-0.05,3,IF((I10-F10)/F10>=-0.14,2,1))))) -> 3 | Q10: =CHOOSE(MATCH(K10,{"A+","A","B+","B","C+","C","D","E"},0) - (O10-3),"A+","A","B+","B","C+","C","D","E") -> B
A11: 9 | B11: Female | C11: A | D11: 2024JULB00009 | E11: Aditi Kumari | F11: ='Final Sheet '!K12 -> 55.583333 | G11: ='Final Sheet '!V12 -> 61.93881 | H11: ='Final Sheet '!AG12 -> 55.363333 | I11: ='Final Sheet '!AR12 -> 62.644444 | J11: =AVERAGE(F11,G11,H11,I11) -> 58.88248 | K11: {=_xlfn.IFS(J11>=80,"A+",J11>=70,"A",J11=60,"B+",J11>=50,"B",J11>=40,"C+",J11>=30,"C",J11>=20,"D",J11<20,"E")} -> B | L11: =' PEP Grade'!L12 -> Passed | M11: =I11-F11 -> 7.0611111 | N11: =IF(I11>F11*(1.2),"Significant Progress",IF(I11>F11*(1.1),"Moderate Progress",IF(AND(I11<=F11*(1.1),I11>=F11*0.95),"Maintained",IF(I11>=F11*0.86,"Minor Regression","Significant Regression")))) -> Moderate Progress | O11: =IF(F11="","",IF((I11-F11)/F11>=0.2,5,IF((I11-F11)/F11>=0.1,4,IF((I11-F11)/F11>=-0.05,3,IF((I11-F11)/F11>=-0.14,2,1))))) -> 4 | Q11: =CHOOSE(MATCH(K11,{"A+","A","B+","B","C+","C","D","E"},0) - (O11-3),"A+","A","B+","B","C+","C","D","E") -> B+
A12: 10 | B12: Male | C12: A | D12: 2024JULB00012 | E12: Akarsh Narain | F12: ='Final Sheet '!K13 -> 66.875 | G12: ='Final Sheet '!V13 -> 54.611429 | H12: ='Final Sheet '!AG13 -> 46.605556 | I12: ='Final Sheet '!AR13 -> 60.651852 | J12: =AVERAGE(F12,G12,H12,I12) -> 57.185959 | K12: {=_xlfn.IFS(J12>=80,"A+",J12>=70,"A",J12=60,"B+",J12>=50,"B",J12>=40,"C+",J12>=30,"C",J12>=20,"D",J12<20,"E")} -> B | L12: =' PEP Grade'!L13 -> With Held | M12: =I12-F12 -> -6.2231481 | N12: =IF(I12>F12*(1.2),"Significant Progress",IF(I12>F12*(1.1),"Moderate Progress",IF(AND(I12<=F12*(1.1),I12>=F12*0.95),"Maintained",IF(I12>=F12*0.86,"Minor Regression","Significant Regression")))) -> Minor Regression | O12: =IF(F12="","",IF((I12-F12)/F12>=0.2,5,IF((I12-F12)/F12>=0.1,4,IF((I12-F12)/F12>=-0.05,3,IF((I12-F12)/F12>=-0.14,2,1))))) -> 2 | Q12: =CHOOSE(MATCH(K12,{"A+","A","B+","B","C+","C","D","E"},0) - (O12-3),"A+","A","B+","B","C+","C","D","E") -> C+
A13: 11 | B13: Male | C13: B | D13: 2024JULB00013 | E13: Akshat Singh | F13: ='Final Sheet '!K14 -> 52.25 | G13: ='Final Sheet '!V14 -> 57.246429 | H13: ='Final Sheet '!AG14 -> 48.557778 | I13: ='Final Sheet '!AR14 -> 49.768148 | J13: =AVERAGE(F13,G13,H13,I13) -> 51.955589 | K13: {=_xlfn.IFS(J13>=80,"A+",J13>=70,"A",J13=60,"B+",J13>=50,"B",J13>=40,"C+",J13>=30,"C",J13>=20,"D",J13<20,"E")} -> B | L13: =' PEP Grade'!L14 -> Passed | M13: =I13-F13 -> -2.4818519 | N13: =IF(I13>F13*(1.2),"Significant Progress",IF(I13>F13*(1.1),"Moderate Progress",IF(AND(I13<=F13*(1.1),I13>=F13*0.95),"Maintained",IF(I13>=F13*0.86,"Minor Regression","Significant Regression")))) -> Maintained | O13: =IF(F13="","",IF((I13-F13)/F13>=0.2,5,IF((I13-F13)/F13>=0.1,4,IF((I13-F13)/F13>=-0.05,3,IF((I13-F13)/F13>=-0.14,2,1))))) -> 3 | Q13: =CHOOSE(MATCH(K13,{"A+","A","B+","B","C+","C","D","E"},0) - (O13-3),"A+","A","B+","B","C+","C","D","E") -> B
A14: 12 | B14: Male | C14: B | D14: 2024JULB00014 | E14: Amal Shibu Balan | F14: ='Final Sheet '!K15 -> 58.861111 | G14: ='Final Sheet '!V15 -> 38.377143 | H14: ='Final Sheet '!AG15 -> 53.447778 | I14: ='Final Sheet '!AR15 -> 55.635185 | J14: =AVERAGE(F14,G14,H14,I14) -> 51.580304 | K14: {=_xlfn.IFS(J14>=80,"A+",J14>=70,"A",J14=60,"B+",J14>=50,"B",J14>=40,"C+",J14>=30,"C",J14>=20,"D",J14<20,"E")} -> B | L14: =' PEP Grade'!L15 -> With Held | M14: =I14-F14 -> -3.2259259 | N14: =IF(I14>F14*(1.2),"Significant Progress",IF(I14>F14*(1.1),"Moderate Progress",IF(AND(I14<=F14*(1.1),I14>=F14*0.95),"Maintained",IF(I14>=F14*0.86,"Minor Regression","Significant Regression")))) -> Minor Regression | O14: =IF(F14="","",IF((I14-F14)/F14>=0.2,5,IF((I14-F14)/F14>=0.1,4,IF((I14-F14)/F14>=-0.05,3,IF((I14-F14)/F14>=-0.14,2,1))))) -> 2 | Q14: =CHOOSE(MATCH(K14,{"A+","A","B+","B","C+","C","D","E"},0) - (O14-3),"A+","A","B+","B","C+","C","D","E") -> C+
... A230: 228 | B230: Male | C230: D | D230: 2024JULB00273 | E230: Harshit Gopawat | F230: ='Final Sheet '!K231 -> 8.5 | G230: ='Final Sheet '!V231 -> 3.6 | H230: ='Final Sheet '!AG231 -> 14.88 | I230: ='Final Sheet '!AR231 -> 30.035185 | J230: =AVERAGE(F230,G230,H230,I230) -> 14.253796 | K230: {=_xlfn.IFS(J230>=80,"A+",J230>=70,"A",J230=60,"B+",J230>=50,"B",J230>=40,"C+",J230>=30,"C",J230>=20,"D",J230<20,"E")} -> E | L230: =' PEP Grade'!L231 -> With Held | M230: =I230-F230 -> 21.535185 | N230: =IF(I230>F230*(1.2),"Significant Progress",IF(I230>F230*(1.1),"Moderate Progress",IF(AND(I230<=F230*(1.1),I230>=F230*0.95),"Maintained",IF(I230>=F230*0.86,"Minor Regression","Significant Regression")))) -> Significant Progress | O230: =IF(F230="","",IF((I230-F230)/F230>=0.2,5,IF((I230-F230)/F230>=0.1,4,IF((I230-F230)/F230>=-0.05,3,IF((I230-F230)/F230>=-0.14,2,1))))) -> 5 | Q230: =CHOOSE(MATCH(K230,{"A+","A","B+","B","C+","C","D","E"},0) - (O230-3),"A+","A","B+","B","C+","C","D","E") -> C

Sheet Final Sheet 
A1: RN | B1: Student name | C1: Level 0 / Term 1 | N1: Level 1 / Term 2 | Y1: Level 2 / Term 3 | AJ1: Level 3 / Term 4
C2: Persona | E2: Wellness | G2: Behavior | I2: Discipline | K2: Final HPS | L2: Result | N2: Persona | P2: Wellness | R2: Behavior | T2: Discipline | V2: Final HPS | W2: Result | Y2: Persona | AA2: Wellness | AC2: Behavior | AE2: Discipline | AG2: Final HPS | AH2: Result | AJ2: Persona | AL2: Wellness | AN2: Behavior | AP2: Discipline | AR2: Final HPS | AS2: Result
C3: Score | D3: Status | E3: Score | F3: Status | G3: Score | H3: Status | I3: Score | J3: Status | N3: Score | O3: Status | P3: Score | Q3: Status | R3: Score | S3: Status | T3: Score | U3: Status | Y3: Score | Z3: Status | AA3: Score | AB3: Status | AC3: Score | AD3: Status | AE3: Score | AF3: Status | AJ3: Score | AK3: Status | AL3: Score | AM3: Status | AN3: Score | AO3: Status | AP3: Score | AQ3: Status
A4: 2024JULB00001 | B4: A Divya Sree | C4: =Persona!Q99 -> 24.722222 | D4: =Persona!R5 -> Cleared | E4: =Wellness!T5 -> 13 | F4: =Wellness!W5 -> Cleared | G4: =Behavior!J5 -> 6 | H4: =Behavior!K5 -> Cleared | I4: =Discipline!O5 -> 5.625 | J4: =IF(I4>=6,"Cleared","NC") -> NC | K4: =C4+E4+G4+I4 -> 49.347222 | L4: =IF(D4&F4="ClearedCleared","Cleared",IF(D4="NC","Persona ","") &IF(F4="Attendance Test ","Wellness ","") &IF(F4="Attendance ","Wellness ","") &IF(F4="Test ","Wellness ","")) -> Cleared | N4: =Persona!AD5 -> 39.807143 | O4: =Persona!AE5 -> Cleared | P4: =Wellness!AN5 -> 0 | Q4: =Wellness!AQ5 -> Attendance Test | R4: =Behavior!R5 -> 8.6 | S4: =Behavior!S5 -> Cleared | T4: =Discipline!AB5 -> 5.3028571 | U4: =IF(T4>=6,"Cleared","NC") -> NC | V4: =N4+P4+R4+T4 -> 53.71 | W4: =IF(O4&Q4="ClearedCleared","Cleared",IF(O4="NC","Persona ","") &IF(Q4="Attendance Test ","Wellness ","") &IF(Q4="Attendance ","Wellness ","") &IF(Q4="Test ","Wellness ","")) -> Wellness | Y4: =Persona!AQ5 -> 34 | Z4: =Persona!AR5 -> Cleared | AA4: =Wellness!BH5 -> 10 | AB4: =Wellness!BK5 -> Cleared | AC4: =Behavior!Z5 -> 6.75 | AD4: =Behavior!AA5 -> Cleared | AE4: =Discipline!AO5 -> 3.7277778 | AF4: =IF(AE4>=6,"Cleared","NC") -> NC | AG4: =Y4+AA4+AC4+AE4 -> 54.477778 | AH4: =IF(Z4&AB4="ClearedCleared","Cleared",IF(Z4="NC","Persona ","") &IF(AB4="Attendance Test ","Wellness ","") &IF(AB4="Attendance ","Wellness ","") &IF(AB4="Test ","Wellness ","")) -> Cleared | AJ4: =Persona!BD5 -> 38.042593 | AK4: =Persona!BE5 -> Cleared | AL4: =Wellness!CB5 -> 3 | AM4: =Wellness!CE5 -> Test | AN4: =Behavior!AH5 -> 7.8 | AO4: =Behavior!AI5 -> Cleared | AP4: =Discipline!BB5 -> 4.7333333 | AQ4: =IF(AP4>=6,"Cleared","NC") -> NC | AR4: =AJ4+AL4+AN4+AP4 -> 53.575926 | AS4: =IF(AK4&AM4="ClearedCleared","Cleared",IF(AK4="NC","Persona ","") &IF(AM4="Attendance Test ","Wellness ","") &IF(AM4="Attendance ","Wellness ","") &IF(AM4="Test ","Wellness ","")) -> Wellness
A5: 2024JULB00002 | B5: Aaditya K | C5: =Persona!Q6 -> 24.444444 | D5: =Persona!R6 -> NC | E5: =Wellness!T6 -> 19 | F5: =Wellness!W6 -> Cleared | G5: =Behavior!J6 -> 6 | H5: =Behavior!K6 -> Cleared | I5: =Discipline!O6 -> 7.75 | J5: =IF(I5>=6,"Cleared","NC") -> Cleared | K5: =C5+E5+G5+I5 -> 57.194444 | L5: =IF(D5&F5="ClearedCleared","Cleared",IF(D5="NC","Persona ","") &IF(F5="Attendance Test ","Wellness ","") &IF(F5="Attendance ","Wellness ","") &IF(F5="Test ","Wellness ","")) -> Persona | N5: =Persona!AD6 -> 35.761905 | O5: =Persona!AE6 -> Cleared | P5: =Wellness!AN6 -> 16 | Q5: =Wellness!AQ6 -> Cleared | R5: =Behavior!R6 -> 7.1 | S5: =Behavior!S6 -> Cleared | T5: =Discipline!AB6 -> 6.4571429 | U5: =IF(T5>=6,"Cleared","NC") -> Cleared | V5: =N5+P5+R5+T5 -> 65.319048 | W5: =IF(O5&Q5="ClearedCleared","Cleared",IF(O5="NC","Persona ","") &IF(Q5="Attendance Test ","Wellness ","") &IF(Q5="Attendance ","Wellness ","") &IF(Q5="Test ","Wellness ","")) -> Cleared | Y5: =Persona!AQ6 -> 22.046667 | Z5: =Persona!AR6 -> NC | AA5: =Wellness!BH6 -> 5 | AB5: =Wellness!BK6 -> Test | AC5: =Behavior!Z6 -> 4.5 | AD5: =Behavior!AA6 -> NC | AE5: =Discipline!AO6 -> 3.7111111 | AF5: =IF(AE5>=6,"Cleared","NC") -> NC | AG5: =Y5+AA5+AC5+AE5 -> 35.257778 | AH5: =IF(Z5&AB5="ClearedCleared","Cleared",IF(Z5="NC","Persona ","") &IF(AB5="Attendance Test ","Wellness ","") &IF(AB5="Attendance ","Wellness ","") &IF(AB5="Test ","Wellness ","")) -> Persona Wellness | AJ5: =Persona!BD6 -> 31.459259 | AK5: =Persona!BE6 -> Cleared | AL5: =Wellness!CB6 -> 16 | AM5: =Wellness!CE6 -> Cleared | AN5: =Behavior!AH6 -> 5.6 | AO5: =Behavior!AI6 -> NC | AP5: =Discipline!BB6 -> 5.8 | AQ5: =IF(AP5>=6,"Cleared","NC") -> NC | AR5: =AJ5+AL5+AN5+AP5 -> 58.859259 | AS5: =IF(AK5&AM5="ClearedCleared","Cleared",IF(AK5="NC","Persona ","") &IF(AM5="Attendance Test ","Wellness ","") &IF(AM5="Attendance ","Wellness ","") &IF(AM5="Test ","Wellness ","")) -> Cleared
A6: 2024JULB00003 | B6: Aanchal Sapra | C6: =Persona!Q7 -> 33.333333 | D6: =Persona!R7 -> Cleared | E6: =Wellness!T7 -> 11 | F6: =Wellness!W7 -> Cleared | G6: =Behavior!J7 -> 6 | H6: =Behavior!K7 -> Cleared | I6: =Discipline!O7 -> 3.875 | J6: =IF(I6>=6,"Cleared","NC") -> NC | K6: =C6+E6+G6+I6 -> 54.208333 | L6: =IF(D6&F6="ClearedCleared","Cleared",IF(D6="NC","Persona ","") &IF(F6="Attendance Test ","Wellness ","") &IF(F6="Attendance ","Wellness ","") &IF(F6="Test ","Wellness ","")) -> Cleared | N6: =Persona!AD7 -> 31.710119 | O6: =Persona!AE7 -> Cleared | P6: =Wellness!AN7 -> 4 | Q6: =Wellness!AQ7 -> Attendance Test | R6: =Behavior!R7 -> 5.4 | S6: =Behavior!S7 -> NC | T6: =Discipline!AB7 -> 3.3257143 | U6: =IF(T6>=6,"Cleared","NC") -> NC | V6: =N6+P6+R6+T6 -> 44.435833 | W6: =IF(O6&Q6="ClearedCleared","Cleared",IF(O6="NC","Persona ","") &IF(Q6="Attendance Test ","Wellness ","") &IF(Q6="Attendance ","Wellness ","") &IF(Q6="Test ","Wellness ","")) -> Wellness | Y6: =Persona!AQ7 -> 24.406667 | Z6: =Persona!AR7 -> NC | AA6: =Wellness!BH7 -> 5 | AB6: =Wellness!BK7 -> Attendance Test | AC6: =Behavior!Z7 -> 2.5 | AD6: =Behavior!AA7 -> NC | AE6: =Discipline!AO7 -> 1.7111111 | AF6: =IF(AE6>=6,"Cleared","NC") -> NC | AG6: =Y6+AA6+AC6+AE6 -> 33.617778 | AH6: =IF(Z6&AB6="ClearedCleared","Cleared",IF(Z6="NC","Persona ","") &IF(AB6="Attendance Test ","Wellness ","") &IF(AB6="Attendance ","Wellness ","") &IF(AB6="Test ","Wellness ","")) -> Persona Wellness | AJ6: =Persona!BD7 -> 27.375926 | AK6: =Persona!BE7 -> Cleared | AL6: =Wellness!CB7 -> 3 | AM6: =Wellness!CE7 -> Attendance Test | AN6: =Behavior!AH7 -> 4 | AO6: =Behavior!AI7 -> NC | AP6: =Discipline!BB7 -> 4.3666667 | AQ6: =IF(AP6>=6,"Cleared","NC") -> NC | AR6: =AJ6+AL6+AN6+AP6 -> 38.742593 | AS6: =IF(AK6&AM6="ClearedCleared","Cleared",IF(AK6="NC","Persona ","") &IF(AM6="Attendance Test ","Wellness ","") &IF(AM6="Attendance ","Wellness ","") &IF(AM6="Test ","Wellness ","")) -> Wellness | AV6: Status | AW6: Level 0 | AX6: Level 1 | AY6: Level 2 | AZ6: Level 3
A7: 2024JULB00004 | B7: Abhinav B | C7: =Persona!Q8 -> 33.333333 | D7: =Persona!R8 -> Cleared | E7: =Wellness!T8 -> 19 | F7: =Wellness!W8 -> Cleared | G7: =Behavior!J8 -> 6 | H7: =Behavior!K8 -> Cleared | I7: =Discipline!O8 -> 5.75 | J7: =IF(I7>=6,"Cleared","NC") -> NC | K7: =C7+E7+G7+I7 -> 64.083333 | L7: =IF(D7&F7="ClearedCleared","Cleared",IF(D7="NC","Persona ","") &IF(F7="Attendance Test ","Wellness ","") &IF(F7="Attendance ","Wellness ","") &IF(F7="Test ","Wellness ","")) -> Cleared | N7: =Persona!AD8 -> 32.691667 | O7: =Persona!AE8 -> Cleared | P7: =Wellness!AN8 -> 5 | Q7: =Wellness!AQ8 -> Test | R7: =Behavior!R8 -> 5.1 | S7: =Behavior!S8 -> NC | T7: =Discipline!AB8 -> 3.8628571 | U7: =IF(T7>=6,"Cleared","NC") -> NC | V7: =N7+P7+R7+T7 -> 46.654524 | W7: =IF(O7&Q7="ClearedCleared","Cleared",IF(O7="NC","Persona ","") &IF(Q7="Attendance Test ","Wellness ","") &IF(Q7="Attendance ","Wellness ","") &IF(Q7="Test ","Wellness ","")) -> Wellness | Y7: =Persona!AQ8 -> 18.126667 | Z7: =Persona!AR8 -> NC | AA7: =Wellness!BH8 -> 19 | AB7: =Wellness!BK8 -> Attendance | AC7: =Behavior!Z8 -> 5.5 | AD7: =Behavior!AA8 -> NC | AE7: =Discipline!AO8 -> 2.9111111 | AF7: =IF(AE7>=6,"Cleared","NC") -> NC | AG7: =Y7+AA7+AC7+AE7 -> 45.537778 | AH7: =IF(Z7&AB7="ClearedCleared","Cleared",IF(Z7="NC","Persona ","") &IF(AB7="Attendance Test ","Wellness ","") &IF(AB7="Attendance ","Wellness ","") &IF(AB7="Test ","Wellness ","")) -> Persona Wellness | AJ7: =Persona!BD8 -> 29.262963 | AK7: =Persona!BE8 -> Cleared | AL7: =Wellness!CB8 -> 15 | AM7: =Wellness!CE8 -> Attendance | AN7: =Behavior!AH8 -> 6.4 | AO7: =Behavior!AI8 -> Cleared | AP7: =Discipline!BB8 -> 5.0666667 | AQ7: =IF(AP7>=6,"Cleared","NC") -> NC | AR7: =AJ7+AL7+AN7+AP7 -> 55.72963 | AS7: =IF(AK7&AM7="ClearedCleared","Cleared",IF(AK7="NC","Persona ","") &IF(AM7="Attendance Test ","Wellness ","") &IF(AM7="Attendance ","Wellness ","") &IF(AM7="Test ","Wellness ","")) -> Wellness | AV7: Cleared | AW7: =COUNTIF($L$4:$L$231,"Cleared") -> 133 | AX7: =COUNTIF($W$4:$W$231,"Cleared") -> 51 | AY7: =COUNTIF($AH$4:$AH$231,"Cleared") -> 77 | AZ7: =COUNTIF($AS$4:$AS$231,"Cleared") -> 89
A8: 2024JULB00005 | B8: Abhirup Choudhury | C8: =Persona!Q9 -> 0 | D8: =Persona!R9 -> NC | E8: =Wellness!T9 -> 0 | F8: =Wellness!W9 -> Attendance Test | G8: =Behavior!J9 -> 6 | H8: =Behavior!K9 -> Cleared | I8: =Discipline!O9 -> 1.5 | J8: =IF(I8>=6,"Cleared","NC") -> NC | K8: =C8+E8+G8+I8 -> 7.5 | L8: =IF(D8&F8="ClearedCleared","Cleared",IF(D8="NC","Persona ","") &IF(F8="Attendance Test ","Wellness ","") &IF(F8="Attendance ","Wellness ","") &IF(F8="Test ","Wellness ","")) -> Persona Wellness | N8: =Persona!AD9 -> 0 | O8: =Persona!AE9 -> NC | P8: =Wellness!AN9 -> 0 | Q8: =Wellness!AQ9 -> Attendance Test | R8: =Behavior!R9 -> 3.2 | S8: =Behavior!S9 -> NC | T8: =Discipline!AB9 -> 0 | U8: =IF(T8>=6,"Cleared","NC") -> NC | V8: =N8+P8+R8+T8 -> 3.2 | W8: =IF(O8&Q8="ClearedCleared","Cleared",IF(O8="NC","Persona ","") &IF(Q8="Attendance Test ","Wellness ","") &IF(Q8="Attendance ","Wellness ","") &IF(Q8="Test ","Wellness ","")) -> Persona Wellness | Y8: =Persona!AQ9 -> 25.493333 | Z8: =Persona!AR9 -> Cleared | AA8: =Wellness!BH9 -> 0 | AB8: =Wellness!BK9 -> Attendance Test | AC8: =Behavior!Z9 -> 1 | AD8: =Behavior!AA9 -> NC | AE8: =Discipline!AO9 -> 3.5111111 | AF8: =IF(AE8>=6,"Cleared","NC") -> NC | AG8: =Y8+AA8+AC8+AE8 -> 30.004444 | AH8: =IF(Z8&AB8="ClearedCleared","Cleared",IF(Z8="NC","Persona ","") &IF(AB8="Attendance Test ","Wellness ","") &IF(AB8="Attendance ","Wellness ","") &IF(AB8="Test ","Wellness ","")) -> Wellness | AJ8: =Persona!BD9 -> 4.4444444 | AK8: =Persona!BE9 -> NC | AL8: =Wellness!CB9 -> 0 | AM8: =Wellness!CE9 -> Attendance Test | AN8: =Behavior!AH9 -> 0 | AO8: =Behavior!AI9 -> NC | AP8: =Discipline!BB9 -> 1.6 | AQ8: =IF(AP8>=6,"Cleared","NC") -> NC | AR8: =AJ8+AL8+AN8+AP8 -> 6.0444444 | AS8: =IF(AK8&AM8="ClearedCleared","Cleared",IF(AK8="NC","Persona ","") &IF(AM8="Attendance Test ","Wellness ","") &IF(AM8="Attendance ","Wellness ","") &IF(AM8="Test ","Wellness ","")) -> Persona Wellness | AV8: Persona Affliction | AW8: =COUNTIF($L$4:$L$231,"Persona ") -> 52 | AX8: =COUNTIF($W$4:$W$231,"Persona ") -> 21 | AY8: =COUNTIF($AH$4:$AH$231,"Persona ") -> 16 | AZ8: =COUNTIF($AS$4:$AS$231,"Persona ") -> 13
A9: 2024JULB00006 | B9: Abhyuday Tripathi | C9: =Persona!Q10 -> 36.666667 | D9: =Persona!R10 -> Cleared | E9: =Wellness!T10 -> 16 | F9: =Wellness!W10 -> Cleared | G9: =Behavior!J10 -> 6 | H9: =Behavior!K10 -> Cleared | I9: =Discipline!O10 -> 7.625 | J9: =IF(I9>=6,"Cleared","NC") -> Cleared | K9: =C9+E9+G9+I9 -> 66.291667 | L9: =IF(D9&F9="ClearedCleared","Cleared",IF(D9="NC","Persona ","") &IF(F9="Attendance Test ","Wellness ","") &IF(F9="Attendance ","Wellness ","") &IF(F9="Test ","Wellness ","")) -> Cleared | N9: =Persona!AD10 -> 36.835714 | O9: =Persona!AE10 -> Cleared | P9: =Wellness!AN10 -> 10 | Q9: =Wellness!AQ10 -> Cleared | R9: =Behavior!R10 -> 6.4 | S9: =Behavior!S10 -> Cleared | T9: =Discipline!AB10 -> 5.04 | U9: =IF(T9>=6,"Cleared","NC") -> NC | V9: =N9+P9+R9+T9 -> 58.275714 | W9: =IF(O9&Q9="ClearedCleared","Cleared",IF(O9="NC","Persona ","") &IF(Q9="Attendance Test ","Wellness ","") &IF(Q9="Attendance ","Wellness ","") &IF(Q9="Test ","Wellness ","")) -> Cleared | Y9: =Persona!AQ10 -> 32.413333 | Z9: =Persona!AR10 -> Cleared | AA9: =Wellness!BH10 -> 6 | AB9: =Wellness!BK10 -> Test | AC9: =Behavior!Z10 -> 6.3 | AD9: =Behavior!AA10 -> Cleared | AE9: =Discipline!AO10 -> 3.9333333 | AF9: =IF(AE9>=6,"Cleared","NC") -> NC | AG9: =Y9+AA9+AC9+AE9 -> 48.646667 | AH9: =IF(Z9&AB9="ClearedCleared","Cleared",IF(Z9="NC","Persona ","") &IF(AB9="Attendance Test ","Wellness ","") &IF(AB9="Attendance ","Wellness ","") &IF(AB9="Test ","Wellness ","")) -> Wellness | AJ9: =Persona!BD10 -> 36.332407 | AK9: =Persona!BE10 -> Cleared | AL9: =Wellness!CB10 -> 17 | AM9: =Wellness!CE10 -> Cleared | AN9: =Behavior!AH10 -> 7.6 | AO9: =Behavior!AI10 -> Cleared | AP9: =Discipline!BB10 -> 5.9333333 | AQ9: =IF(AP9>=6,"Cleared","NC") -> NC | AR9: =AJ9+AL9+AN9+AP9 -> 66.865741 | AS9: =IF(AK9&AM9="ClearedCleared","Cleared",IF(AK9="NC","Persona ","") &IF(AM9="Attendance Test ","Wellness ","") &IF(AM9="Attendance ","Wellness ","") &IF(AM9="Test ","Wellness ","")) -> Cleared | AV9: Wellness Affliction | AW9: =COUNTIF($L$4:$L$231,"Wellness ") -> 30 | AX9: =COUNTIF($W$4:$W$231,"Wellness ") -> 100 | AY9: =COUNTIF($AH$4:$AH$231,"Wellness ") -> 98 | AZ9: =COUNTIF($AS$4:$AS$231,"Wellness ") -> 105
A10: 2024JULB00007 | B10: Adarsh G | C10: =Persona!Q11 -> 31.666667 | D10: =Persona!R11 -> Cleared | E10: =Wellness!T11 -> 15 | F10: =Wellness!W11 -> Cleared | G10: =Behavior!J11 -> 6 | H10: =Behavior!K11 -> Cleared | I10: =Discipline!O11 -> 6.875 | J10: =IF(I10>=6,"Cleared","NC") -> Cleared | K10: =C10+E10+G10+I10 -> 59.541667 | L10: =IF(D10&F10="ClearedCleared","Cleared",IF(D10="NC","Persona ","") &IF(F10="Attendance Test ","Wellness ","") &IF(F10="Attendance ","Wellness ","") &IF(F10="Test ","Wellness ","")) -> Cleared | N10: =Persona!AD11 -> 40.430357 | O10: =Persona!AE11 -> Cleared | P10: =Wellness!AN11 -> 15 | Q10: =Wellness!AQ11 -> Attendance | R10: =Behavior!R11 -> 6.7 | S10: =Behavior!S11 -> Cleared | T10: =Discipline!AB11 -> 5.2457143 | U10: =IF(T10>=6,"Cleared","NC") -> NC | V10: =N10+P10+R10+T10 -> 67.376071 | W10: =IF(O10&Q10="ClearedCleared","Cleared",IF(O10="NC","Persona ","") &IF(Q10="Attendance Test ","Wellness ","") &IF(Q10="Attendance ","Wellness ","") &IF(Q10="Test ","Wellness ","")) -> Wellness | Y10: =Persona!AQ11 -> 28.4 | Z10: =Persona!AR11 -> Cleared | AA10: =Wellness!BH11 -> 7 | AB10: =Wellness!BK11 -> Attendance Test | AC10: =Behavior!Z11 -> 7 | AD10: =Behavior!AA11 -> Cleared | AE10: =Discipline!AO11 -> 2.0333333 | AF10: =IF(AE10>=6,"Cleared","NC") -> NC | AG10: =Y10+AA10+AC10+AE10 -> 44.433333 | AH10: =IF(Z10&AB10="ClearedCleared","Cleared",IF(Z10="NC","Persona ","") &IF(AB10="Attendance Test ","Wellness ","") &IF(AB10="Attendance ","Wellness ","") &IF(AB10="Test ","Wellness ","")) -> Wellness | AJ10: =Persona!BD11 -> 28.987963 | AK10: =Persona!BE11 -> Cleared | AL10: =Wellness!CB11 -> 10 | AM10: =Wellness!CE11 -> Attendance | AN10: =Behavior!AH11 -> 6 | AO10: =Behavior!AI11 -> Cleared | AP10: =Discipline!BB11 -> 5.25 | AQ10: =IF(AP10>=6,"Cleared","NC") -> NC | AR10: =AJ10+AL10+AN10+AP10 -> 50.237963 | AS10: =IF(AK10&AM10="ClearedCleared","Cleared",IF(AK10="NC","Persona ","") &IF(AM10="Attendance Test ","Wellness ","") &IF(AM10="Attendance ","Wellness ","") &IF(AM10="Test ","Wellness ","")) -> Wellness | AV10: Persona & Wellness Affliction | AW10: =COUNTIF($L$4:$L$231,"Persona Wellness ") -> 13 | AX10: =COUNTIF($W$4:$W$231,"Persona Wellness ") -> 56 | AY10: =COUNTIF($AH$4:$AH$231,"Persona Wellness ") -> 37 | AZ10: =COUNTIF($AS$4:$AS$231,"Persona Wellness ") -> 21
A11: 2024JULB00008 | B11: Adarsh Raj Barman | C11: =Persona!Q12 -> 31.111111 | D11: =Persona!R12 -> Cleared | E11: =Wellness!T12 -> 14 | F11: =Wellness!W12 -> Cleared | G11: =Behavior!J12 -> 6 | H11: =Behavior!K12 -> Cleared | I11: =Discipline!O12 -> 6.2098214 | J11: =IF(I11>=6,"Cleared","NC") -> Cleared | K11: =C11+E11+G11+I11 -> 57.320933 | L11: =IF(D11&F11="ClearedCleared","Cleared",IF(D11="NC","Persona ","") &IF(F11="Attendance Test ","Wellness ","") &IF(F11="Attendance ","Wellness ","") &IF(F11="Test ","Wellness ","")) -> Cleared | N11: =Persona!AD12 -> 35.616667 | O11: =Persona!AE12 -> Cleared | P11: =Wellness!AN12 -> 11 | Q11: =Wellness!AQ12 -> Cleared | R11: =Behavior!R12 -> 8.4 | S11: =Behavior!S12 -> Cleared | T11: =Discipline!AB12 -> 5.8857143 | U11: =IF(T11>=6,"Cleared","NC") -> NC | V11: =N11+P11+R11+T11 -> 60.902381 | W11: =IF(O11&Q11="ClearedCleared","Cleared",IF(O11="NC","Persona ","") &IF(Q11="Attendance Test ","Wellness ","") &IF(Q11="Attendance ","Wellness ","") &IF(Q11="Test ","Wellness ","")) -> Cleared | Y11: =Persona!AQ12 -> 27.16 | Z11: =Persona!AR12 -> Cleared | AA11: =Wellness!BH12 -> 10 | AB11: =Wellness!BK12 -> Cleared | AC11: =Behavior!Z12 -> 5.5 | AD11: =Behavior!AA12 -> NC | AE11: =Discipline!AO12 -> 5.6555556 | AF11: =IF(AE11>=6,"Cleared","NC") -> NC | AG11: =Y11+AA11+AC11+AE11 -> 48.315556 | AH11: =IF(Z11&AB11="ClearedCleared","Cleared",IF(Z11="NC","Persona ","") &IF(AB11="Attendance Test ","Wellness ","") &IF(AB11="Attendance ","Wellness ","") &IF(AB11="Test ","Wellness ","")) -> Cleared | AJ11: =Persona!BD12 -> 37.313889 | AK11: =Persona!BE12 -> Cleared | AL11: =Wellness!CB12 -> 11 | AM11: =Wellness!CE12 -> Cleared | AN11: =Behavior!AH12 -> 6 | AO11: =Behavior!AI12 -> Cleared | AP11: =Discipline!BB12 -> 5.65 | AQ11: =IF(AP11>=6,"Cleared","NC") -> NC | AR11: =AJ11+AL11+AN11+AP11 -> 59.963889 | AS11: =IF(AK11&AM11="ClearedCleared","Cleared",IF(AK11="NC","Persona ","") &IF(AM11="Attendance Test ","Wellness ","") &IF(AM11="Attendance ","Wellness ","") &IF(AM11="Test ","Wellness ","")) -> Cleared | AV11: Total | AW11: =SUM(AW7:AW10) -> 228 | AX11: =SUM(AX7:AX10) -> 228 | AY11: =SUM(AY7:AY10) -> 228 | AZ11: =SUM(AZ7:AZ10) -> 228
A12: 2024JULB00009 | B12: Aditi Kumari | C12: =Persona!Q13 -> 28.333333 | D12: =Persona!R13 -> Cleared | E12: =Wellness!T13 -> 14 | F12: =Wellness!W13 -> Cleared | G12: =Behavior!J13 -> 6 | H12: =Behavior!K13 -> Cleared | I12: =Discipline!O13 -> 7.25 | J12: =IF(I12>=6,"Cleared","NC") -> Cleared | K12: =C12+E12+G12+I12 -> 55.583333 | L12: =IF(D12&F12="ClearedCleared","Cleared",IF(D12="NC","Persona ","") &IF(F12="Attendance Test ","Wellness ","") &IF(F12="Attendance ","Wellness ","") &IF(F12="Test ","Wellness ","")) -> Cleared | N12: =Persona!AD13 -> 34.270238 | O12: =Persona!AE13 -> Cleared | P12: =Wellness!AN13 -> 15 | Q12: =Wellness!AQ13 -> Cleared | R12: =Behavior!R13 -> 6.2 | S12: =Behavior!S13 -> Cleared | T12: =Discipline!AB13 -> 6.4685714 | U12: =IF(T12>=6,"Cleared","NC") -> Cleared | V12: =N12+P12+R12+T12 -> 61.93881 | W12: =IF(O12&Q12="ClearedCleared","Cleared",IF(O12="NC","Persona ","") &IF(Q12="Attendance Test ","Wellness ","") &IF(Q12="Attendance ","Wellness ","") &IF(Q12="Test ","Wellness ","")) -> Cleared | Y12: =Persona!AQ13 -> 28.68 | Z12: =Persona!AR13 -> Cleared | AA12: =Wellness!BH13 -> 14 | AB12: =Wellness!BK13 -> Cleared | AC12: =Behavior!Z13 -> 7 | AD12: =Behavior!AA13 -> Cleared | AE12: =Discipline!AO13 -> 5.6833333 | AF12: =IF(AE12>=6,"Cleared","NC") -> NC | AG12: =Y12+AA12+AC12+AE12 -> 55.363333 | AH12: =IF(Z12&AB12="ClearedCleared","Cleared",IF(Z12="NC","Persona ","") &IF(AB12="Attendance Test ","Wellness ","") &IF(AB12="Attendance ","Wellness ","") &IF(AB12="Test ","Wellness ","")) -> Cleared | AJ12: =Persona!BD13 -> 34.661111 | AK12: =Persona!BE13 -> Cleared | AL12: =Wellness!CB13 -> 15 | AM12: =Wellness!CE13 -> Cleared | AN12: =Behavior!AH13 -> 6.8 | AO12: =Behavior!AI13 -> Cleared | AP12: =Discipline!BB13 -> 6.1833333 | AQ12: =IF(AP12>=6,"Cleared","NC") -> Cleared | AR12: =AJ12+AL12+AN12+AP12 -> 62.644444 | AS12: =IF(AK12&AM12="ClearedCleared","Cleared",IF(AK12="NC","Persona ","") &IF(AM12="Attendance Test ","Wellness ","") &IF(AM12="Attendance ","Wellness ","") &IF(AM12="Test ","Wellness ","")) -> Cleared
A13: 2024JULB00012 | B13: Akarsh Narain | C13: =Persona!Q14 -> 40 | D13: =Persona!R14 -> Cleared | E13: =Wellness!T14 -> 14 | F13: =Wellness!W14 -> Cleared | G13: =Behavior!J14 -> 6 | H13: =Behavior!K14 -> Cleared | I13: =Discipline!O14 -> 6.875 | J13: =IF(I13>=6,"Cleared","NC") -> Cleared | K13: =C13+E13+G13+I13 -> 66.875 | L13: =IF(D13&F13="ClearedCleared","Cleared",IF(D13="NC","Persona ","") &IF(F13="Attendance Test ","Wellness ","") &IF(F13="Attendance ","Wellness ","") &IF(F13="Test ","Wellness ","")) -> Cleared | N13: =Persona!AD14 -> 38.7 | O13: =Persona!AE14 -> Cleared | P13: =Wellness!AN14 -> 4 | Q13: =Wellness!AQ14 -> Test | R13: =Behavior!R14 -> 7.1 | S13: =Behavior!S14 -> Cleared | T13: =Discipline!AB14 -> 4.8114286 | U13: =IF(T13>=6,"Cleared","NC") -> NC | V13: =N13+P13+R13+T13 -> 54.611429 | W13: =IF(O13&Q13="ClearedCleared","Cleared",IF(O13="NC","Persona ","") &IF(Q13="Attendance Test ","Wellness ","") &IF(Q13="Attendance ","Wellness ","") &IF(Q13="Test ","Wellness ","")) -> Wellness | Y13: =Persona!AQ14 -> 26.433333 | Z13: =Persona!AR14 -> Cleared | AA13: =Wellness!BH14 -> 9 | AB13: =Wellness!BK14 -> Cleared | AC13: =Behavior!Z14 -> 8.1666667 | AD13: =Behavior!AA14 -> Cleared | AE13: =Discipline!AO14 -> 3.0055556 | AF13: =IF(AE13>=6,"Cleared","NC") -> NC | AG13: =Y13+AA13+AC13+AE13 -> 46.605556 | AH13: =IF(Z13&AB13="ClearedCleared","Cleared",IF(Z13="NC","Persona ","") &IF(AB13="Attendance Test ","Wellness ","") &IF(AB13="Attendance ","Wellness ","") &IF(AB13="Test ","Wellness ","")) -> Cleared | AJ13: =Persona!BD14 -> 41.551852 | AK13: =Persona!BE14 -> Cleared | AL13: =Wellness!CB14 -> 5 | AM13: =Wellness!CE14 -> Test | AN13: =Behavior!AH14 -> 8.2 | AO13: =Behavior!AI14 -> Cleared | AP13: =Discipline!BB14 -> 5.9 | AQ13: =IF(AP13>=6,"Cleared","NC") -> NC | AR13: =AJ13+AL13+AN13+AP13 -> 60.651852 | AS13: =IF(AK13&AM13="ClearedCleared","Cleared",IF(AK13="NC","Persona ","") &IF(AM13="Attendance Test ","Wellness ","") &IF(AM13="Attendance ","Wellness ","") &IF(AM13="Test ","Wellness ","")) -> Wellness
A14: 2024JULB00013 | B14: Akshat Singh | C14: =Persona!Q15 -> 27.5 | D14: =Persona!R15 -> Cleared | E14: =Wellness!T15 -> 13 | F14: =Wellness!W15 -> Cleared | G14: =Behavior!J15 -> 6 | H14: =Behavior!K15 -> Cleared | I14: =Discipline!O15 -> 5.75 | J14: =IF(I14>=6,"Cleared","NC") -> NC | K14: =C14+E14+G14+I14 -> 52.25 | L14: =IF(D14&F14="ClearedCleared","Cleared",IF(D14="NC","Persona ","") &IF(F14="Attendance Test ","Wellness ","") &IF(F14="Attendance ","Wellness ","") &IF(F14="Test ","Wellness ","")) -> Cleared | N14: =Persona!AD15 -> 33.19881 | O14: =Persona!AE15 -> Cleared | P14: =Wellness!AN15 -> 12 | Q14: =Wellness!AQ15 -> Cleared | R14: =Behavior!R15 -> 7.1733333 | S14: =Behavior!S15 -> Cleared | T14: =Discipline!AB15 -> 4.8742857 | U14: =IF(T14>=6,"Cleared","NC") -> NC | V14: =N14+P14+R14+T14 -> 57.246429 | W14: =IF(O14&Q14="ClearedCleared","Cleared",IF(O14="NC","Persona ","") &IF(Q14="Attendance Test ","Wellness ","") &IF(Q14="Attendance ","Wellness ","") &IF(Q14="Test ","Wellness ","")) -> Cleared | Y14: =Persona!AQ15 -> 27.88 | Z14: =Persona!AR15 -> Cleared | AA14: =Wellness!BH15 -> 10 | AB14: =Wellness!BK15 -> Cleared | AC14: =Behavior!Z15 -> 6.75 | AD14: =Behavior!AA15 -> Cleared | AE14: =Discipline!AO15 -> 3.9277778 | AF14: =IF(AE14>=6,"Cleared","NC") -> NC | AG14: =Y14+AA14+AC14+AE14 -> 48.557778 | AH14: =IF(Z14&AB14="ClearedCleared","Cleared",IF(Z14="NC","Persona ","") &IF(AB14="Attendance Test ","Wellness ","") &IF(AB14="Attendance ","Wellness ","") &IF(AB14="Test ","Wellness ","")) -> Cleared | AJ14: =Persona!BD15 -> 25.681481 | AK14: =Persona!BE15 -> Cleared | AL14: =Wellness!CB15 -> 12 | AM14: =Wellness!CE15 -> Cleared | AN14: =Behavior!AH15 -> 7.12 | AO14: =Behavior!AI15 -> Cleared | AP14: =Discipline!BB15 -> 4.9666667 | AQ14: =IF(AP14>=6,"Cleared","NC") -> NC | AR14: =AJ14+AL14+AN14+AP14 -> 49.768148 | AS14: =IF(AK14&AM14="ClearedCleared","Cleared",IF(AK14="NC","Persona ","") &IF(AM14="Attendance Test ","Wellness ","") &IF(AM14="Attendance ","Wellness ","") &IF(AM14="Test ","Wellness ","")) -> Cleared | AV14: Wellness Affliction - Test | AW14: =COUNTIF($F$4:$F$231,"Test ") -> 11 | AX14: =COUNTIF($Q$4:$Q$231,"Test ") -> 79 | AY14: =COUNTIF($AB$4:$AB$231,"Test ") -> 48 | AZ14: =COUNTIF($AM$4:$AM$231,"Test ") -> 46
A15: 2024JULB00014 | B15: Amal Shibu Balan | C15: =Persona!Q16 -> 28.611111 | D15: =Persona!R16 -> Cleared | E15: =Wellness!T16 -> 20 | F15: =Wellness!W16 -> Cleared | G15: =Behavior!J16 -> 6 | H15: =Behavior!K16 -> Cleared | I15: =Discipline!O16 -> 4.25 | J15: =IF(I15>=6,"Cleared","NC") -> NC | K15: =C15+E15+G15+I15 -> 58.861111 | L15: =IF(D15&F15="ClearedCleared","Cleared",IF(D15="NC","Persona ","") &IF(F15="Attendance Test ","Wellness ","") &IF(F15="Attendance ","Wellness ","") &IF(F15="Test ","Wellness ","")) -> Cleared | N15: =Persona!AD16 -> 25.2 | O15: =Persona!AE16 -> Cleared | P15: =Wellness!AN16 -> 1 | Q15: =Wellness!AQ16 -> Test | R15: =Behavior!R16 -> 6.76 | S15: =Behavior!S16 -> Cleared | T15: =Discipline!AB16 -> 5.4171429 | U15: =IF(T15>=6,"Cleared","NC") -> NC | V15: =N15+P15+R15+T15 -> 38.377143 | W15: =IF(O15&Q15="ClearedCleared","Cleared",IF(O15="NC","Persona ","") &IF(Q15="Attendance Test ","Wellness ","") &IF(Q15="Attendance ","Wellness ","") &IF(Q15="Test ","Wellness ","")) -> Wellness | Y15: =Persona!AQ16 -> 28.92 | Z15: =Persona!AR16 -> Cleared | AA15: =Wellness!BH16 -> 14 | AB15: =Wellness!BK16 -> Cleared | AC15: =Behavior!Z16 -> 6.2 | AD15: =Behavior!AA16 -> Cleared | AE15: =Discipline!AO16 -> 4.3277778 | AF15: =IF(AE15>=6,"Cleared","NC") -> NC | AG15: =Y15+AA15+AC15+AE15 -> 53.447778 | AH15: =IF(Z15&AB15="ClearedCleared","Cleared",IF(Z15="NC","Persona ","") &IF(AB15="Attendance Test ","Wellness ","") &IF(AB15="Attendance ","Wellness ","") &IF(AB15="Test ","Wellness ","")) -> Cleared | AJ15: =Persona!BD16 -> 31.235185 | AK15: =Persona!BE16 -> Cleared | AL15: =Wellness!CB16 -> 15 | AM15: =Wellness!CE16 -> Cleared | AN15: =Behavior!AH16 -> 5.8 | AO15: =Behavior!AI16 -> NC | AP15: =Discipline!BB16 -> 3.6 | AQ15: =IF(AP15>=6,"Cleared","NC") -> NC | AR15: =AJ15+AL15+AN15+AP15 -> 55.635185 | AS15: =IF(AK15&AM15="ClearedCleared","Cleared",IF(AK15="NC","Persona ","") &IF(AM15="Attendance Test ","Wellness ","") &IF(AM15="Attendance ","Wellness ","") &IF(AM15="Test ","Wellness ","")) -> Cleared | AV15: Wellness Affliction - Attendance | AW15: =COUNTIF($F$4:$F$231,"Attendance ") -> 24 | AX15: =COUNTIF($Q$4:$Q$231,"Attendance ") -> 12 | AY15: =COUNTIF($AB$4:$AB$231,"Attendance ") -> 26 | AZ15: =COUNTIF($AM$4:$AM$231,"Attendance ") -> 22
A16: 2024JULB00017 | B16: Anamitra Dutta | C16: =Persona!Q17 -> 27.777778 | D16: =Persona!R17 -> Cleared | E16: =Wellness!T17 -> 10 | F16: =Wellness!W17 -> Cleared | G16: =Behavior!J17 -> 6 | H16: =Behavior!K17 -> Cleared | I16: =Discipline!O17 -> 7.5 | J16: =IF(I16>=6,"Cleared","NC") -> Cleared | K16: =C16+E16+G16+I16 -> 51.277778 | L16: =IF(D16&F16="ClearedCleared","Cleared",IF(D16="NC","Persona ","") &IF(F16="Attendance Test ","Wellness ","") &IF(F16="Attendance ","Wellness ","") &IF(F16="Test ","Wellness ","")) -> Cleared | N16: =Persona!AD17 -> 28.994048 | O16: =Persona!AE17 -> Cleared | P16: =Wellness!AN17 -> 9 | Q16: =Wellness!AQ17 -> Cleared | R16: =Behavior!R17 -> 5.7 | S16: =Behavior!S17 -> NC | T16: =Discipline!AB17 -> 4.5066667 | U16: =IF(T16>=6,"Cleared","NC") -> NC | V16: =N16+P16+R16+T16 -> 48.200714 | W16: =IF(O16&Q16="ClearedCleared","Cleared",IF(O16="NC","Persona ","") &IF(Q16="Attendance Test ","Wellness ","") &IF(Q16="Attendance ","Wellness ","") &IF(Q16="Test ","Wellness ","")) -> Cleared | Y16: =Persona!AQ17 -> 25.913333 | Z16: =Persona!AR17 -> Cleared | AA16: =Wellness!BH17 -> 9 | AB16: =Wellness!BK17 -> Cleared | AC16: =Behavior!Z17 -> 5.5 | AD16: =Behavior!AA17 -> NC | AE16: =Discipline!AO17 -> 5.9555556 | AF16: =IF(AE16>=6,"Cleared","NC") -> NC | AG16: =Y16+AA16+AC16+AE16 -> 46.368889 | AH16: =IF(Z16&AB16="ClearedCleared","Cleared",IF(Z16="NC","Persona ","") &IF(AB16="Attendance Test ","Wellness ","") &IF(AB16="Attendance ","Wellness ","") &IF(AB16="Test ","Wellness ","")) -> Cleared | AJ16: =Persona!BD17 -> 32.131481 | AK16: =Persona!BE17 -> Cleared | AL16: =Wellness!CB17 -> 9 | AM16: =Wellness!CE17 -> Cleared | AN16: =Behavior!AH17 -> 7.2 | AO16: =Behavior!AI17 -> Cleared | AP16: =Discipline!BB17 -> 6.55 | AQ16: =IF(AP16>=6,"Cleared","NC") -> Cleared | AR16: =AJ16+AL16+AN16+AP16 -> 54.881481 | AS16: =IF(AK16&AM16="ClearedCleared","Cleared",IF(AK16="NC","Persona ","") &IF(AM16="Attendance Test ","Wellness ","") &IF(AM16="Attendance ","Wellness ","") &IF(AM16="Test ","Wellness ","")) -> Cleared | AV16: Wellness Affliction - Attendance & test | AW16: =COUNTIF($F$4:$F$231,"Attendance Test ") -> 8 | AX16: =COUNTIF($Q$4:$Q$231,"Attendance Test ") -> 65 | AY16: =COUNTIF($AB$4:$AB$231,"Attendance Test ") -> 61 | AZ16: =COUNTIF($AM$4:$AM$231,"Attendance Test ") -> 58
A17: 2024JULB00019 | B17: Anantaa Paul | C17: =Persona!Q18 -> 28.888889 | D17: =Persona!R18 -> Cleared | E17: =Wellness!T18 -> 13 | F17: =Wellness!W18 -> Cleared | G17: =Behavior!J18 -> 6 | H17: =Behavior!K18 -> Cleared | I17: =Discipline!O18 -> 6.875 | J17: =IF(I17>=6,"Cleared","NC") -> Cleared | K17: =C17+E17+G17+I17 -> 54.763889 | L17: =IF(D17&F17="ClearedCleared","Cleared",IF(D17="NC","Persona ","") &IF(F17="Attendance Test ","Wellness ","") &IF(F17="Attendance ","Wellness ","") &IF(F17="Test ","Wellness ","")) -> Cleared | N17: =Persona!AD18 -> 39.457143 | O17: =Persona!AE18 -> Cleared | P17: =Wellness!AN18 -> 0 | Q17: =Wellness!AQ18 -> Attendance Test | R17: =Behavior!R18 -> 7.04 | S17: =Behavior!S18 -> Cleared | T17: =Discipline!AB18 -> 5.0628571 | U17: =IF(T17>=6,"Cleared","NC") -> NC | V17: =N17+P17+R17+T17 -> 51.56 | W17: =IF(O17&Q17="ClearedCleared","Cleared",IF(O17="NC","Persona ","") &IF(Q17="Attendance Test ","Wellness ","") &IF(Q17="Attendance ","Wellness ","") &IF(Q17="Test ","Wellness ","")) -> Wellness | Y17: =Persona!AQ18 -> 26.346667 | Z17: =Persona!AR18 -> Cleared | AA17: =Wellness!BH18 -> 14 | AB17: =Wellness!BK18 -> Attendance | AC17: =Behavior!Z18 -> 6.4166667 | AD17: =Behavior!AA18 -> Cleared | AE17: =Discipline!AO18 -> 2.95 | AF17: =IF(AE17>=6,"Cleared","NC") -> NC | AG17: =Y17+AA17+AC17+AE17 -> 49.713333 | AH17: =IF(Z17&AB17="ClearedCleared","Cleared",IF(Z17="NC","Persona ","") &IF(AB17="Attendance Test ","Wellness ","") &IF(AB17="Attendance ","Wellness ","") &IF(AB17="Test ","Wellness ","")) -> Wellness | AJ17: =Persona!BD18 -> 36.097222 | AK17: =Persona!BE18 -> Cleared | AL17: =Wellness!CB18 -> 7 | AM17: =Wellness!CE18 -> Test | AN17: =Behavior!AH18 -> 7.2 | AO17: =Behavior!AI18 -> Cleared | AP17: =Discipline!BB18 -> 5.3833333 | AQ17: =IF(AP17>=6,"Cleared","NC") -> NC | AR17: =AJ17+AL17+AN17+AP17 -> 55.680556 | AS17: =IF(AK17&AM17="ClearedCleared","Cleared",IF(AK17="NC","Persona ","") &IF(AM17="Attendance Test ","Wellness ","") &IF(AM17="Attendance ","Wellness ","") &IF(AM17="Test ","Wellness ","")) -> Wellness
A18: 2024JULB00020 | B18: Ananya Das | C18: =Persona!Q19 -> 32.777778 | D18: =Persona!R19 -> Cleared | E18: =Wellness!T19 -> 9 | F18: =Wellness!W19 -> Attendance | G18: =Behavior!J19 -> 6 | H18: =Behavior!K19 -> Cleared | I18: =Discipline!O19 -> 3.6116071 | J18: =IF(I18>=6,"Cleared","NC") -> NC | K18: =C18+E18+G18+I18 -> 51.389385 | L18: =IF(D18&F18="ClearedCleared","Cleared",IF(D18="NC","Persona ","") &IF(F18="Attendance Test ","Wellness ","") &IF(F18="Attendance ","Wellness ","") &IF(F18="Test ","Wellness ","")) -> Wellness | N18: =Persona!AD19 -> 35.188095 | O18: =Persona!AE19 -> Cleared | P18: =Wellness!AN19 -> 0 | Q18: =Wellness!AQ19 -> Attendance Test | R18: =Behavior!R19 -> 7.4 | S18: =Behavior!S19 -> Cleared | T18: =Discipline!AB19 -> 3.4971429 | U18: =IF(T18>=6,"Cleared","NC") -> NC | V18: =N18+P18+R18+T18 -> 46.085238 | W18: =IF(O18&Q18="ClearedCleared","Cleared",IF(O18="NC","Persona ","") &IF(Q18="Attendance Test ","Wellness ","") &IF(Q18="Attendance ","Wellness ","") &IF(Q18="Test ","Wellness ","")) -> Wellness | Y18: =Persona!AQ19 -> 31.433333 | Z18: =Persona!AR19 -> Cleared | AA18: =Wellness!BH19 -> 0 | AB18: =Wellness!BK19 -> Attendance Test | AC18: =Behavior!Z19 -> 6 | AD18: =Behavior!AA19 -> Cleared | AE18: =Discipline!AO19 -> 3.8777778 | AF18: =IF(AE18>=6,"Cleared","NC") -> NC | AG18: =Y18+AA18+AC18+AE18 -> 41.311111 | AH18: =IF(Z18&AB18="ClearedCleared","Cleared",IF(Z18="NC","Persona ","") &IF(AB18="Attendance Test ","Wellness ","") &IF(AB18="Attendance ","Wellness ","") &IF(AB18="Test ","Wellness ","")) -> Wellness | AJ18: =Persona!BD19 -> 24.166667 | AK18: =Persona!BE19 -> NC | AL18: =Wellness!CB19 -> 0 | AM18: =Wellness!CE19 -> Attendance Test | AN18: =Behavior!AH19 -> 7.2 | AO18: =Behavior!AI19 -> Cleared | AP18: =Discipline!BB19 -> 1.4 | AQ18: =IF(AP18>=6,"Cleared","NC") -> NC | AR18: =AJ18+AL18+AN18+AP18 -> 32.766667 | AS18: =IF(AK18&AM18="ClearedCleared","Cleared",IF(AK18="NC","Persona ","") &IF(AM18="Attendance Test ","Wellness ","") &IF(AM18="Attendance ","Wellness ","") &IF(AM18="Test ","Wellness ","")) -> Persona Wellness
A19: 2024JULB00021 | B19: Aniket Inani | C19: =Persona!Q20 -> 28.333333 | D19: =Persona!R20 -> Cleared | E19: =Wellness!T20 -> 10 | F19: =Wellness!W20 -> Cleared | G19: =Behavior!J20 -> 6 | H19: =Behavior!K20 -> Cleared | I19: =Discipline!O20 -> 6.25 | J19: =IF(I19>=6,"Cleared","NC") -> Cleared | K19: =C19+E19+G19+I19 -> 50.583333 | L19: =IF(D19&F19="ClearedCleared","Cleared",IF(D19="NC","Persona ","") &IF(F19="Attendance Test ","Wellness ","") &IF(F19="Attendance ","Wellness ","") &IF(F19="Test ","Wellness ","")) -> Cleared | N19: =Persona!AD20 -> 29.547619 | O19: =Persona!AE20 -> Cleared | P19: =Wellness!AN20 -> 2 | Q19: =Wellness!AQ20 -> Attendance Test | R19: =Behavior!R20 -> 6.8 | S19: =Behavior!S20 -> Cleared | T19: =Discipline!AB20 -> 4.2057143 | U19: =IF(T19>=6,"Cleared","NC") -> NC | V19: =N19+P19+R19+T19 -> 42.553333 | W19: =IF(O19&Q19="ClearedCleared","Cleared",IF(O19="NC","Persona ","") &IF(Q19="Attendance Test ","Wellness ","") &IF(Q19="Attendance ","Wellness ","") &IF(Q19="Test ","Wellness ","")) -> Wellness | Y19: =Persona!AQ20 -> 20.646667 | Z19: =Persona!AR20 -> NC | AA19: =Wellness!BH20 -> 2 | AB19: =Wellness!BK20 -> Attendance Test | AC19: =Behavior!Z20 -> 6.9 | AD19: =Behavior!AA20 -> Cleared | AE19: =Discipline!AO20 -> 3.8611111 | AF19: =IF(AE19>=6,"Cleared","NC") -> NC | AG19: =Y19+AA19+AC19+AE19 -> 33.407778 | AH19: =IF(Z19&AB19="ClearedCleared","Cleared",IF(Z19="NC","Persona ","") &IF(AB19="Attendance Test ","Wellness ","") &IF(AB19="Attendance ","Wellness ","") &IF(AB19="Test ","Wellness ","")) -> Persona Wellness | AJ19: =Persona!BD20 -> 27.177778 | AK19: =Persona!BE20 -> Cleared | AL19: =Wellness!CB20 -> 0 | AM19: =Wellness!CE20 -> Attendance Test | AN19: =Behavior!AH20 -> 5.68 | AO19: =Behavior!AI20 -> NC | AP19: =Discipline!BB20 -> 3.7666667 | AQ19: =IF(AP19>=6,"Cleared","NC") -> NC | AR19: =AJ19+AL19+AN19+AP19 -> 36.624444 | AS19: =IF(AK19&AM19="ClearedCleared","Cleared",IF(AK19="NC","Persona ","") &IF(AM19="Attendance Test ","Wellness ","") &IF(AM19="Attendance ","Wellness ","") &IF(AM19="Test ","Wellness ","")) -> Wellness
A20: 2024JULB00022 | B20: Anupa Maheshwari | C20: =Persona!Q21 -> 32.777778 | D20: =Persona!R21 -> Cleared | E20: =Wellness!T21 -> 11 | F20: =Wellness!W21 -> Cleared | G20: =Behavior!J21 -> 6 | H20: =Behavior!K21 -> Cleared | I20: =Discipline!O21 -> 6.4151786 | J20: =IF(I20>=6,"Cleared","NC") -> Cleared | K20: =C20+E20+G20+I20 -> 56.192956 | L20: =IF(D20&F20="ClearedCleared","Cleared",IF(D20="NC","Persona ","") &IF(F20="Attendance Test ","Wellness ","") &IF(F20="Attendance ","Wellness ","") &IF(F20="Test ","Wellness ","")) -> Cleared | N20: =Persona!AD21 -> 35.285714 | O20: =Persona!AE21 -> Cleared | P20: =Wellness!AN21 -> 10 | Q20: =Wellness!AQ21 -> Cleared | R20: =Behavior!R21 -> 8.8 | S20: =Behavior!S21 -> Cleared | T20: =Discipline!AB21 -> 6.1485714 | U20: =IF(T20>=6,"Cleared","NC") -> Cleared | V20: =N20+P20+R20+T20 -> 60.234286 | W20: =IF(O20&Q20="ClearedCleared","Cleared",IF(O20="NC","Persona ","") &IF(Q20="Attendance Test ","Wellness ","") &IF(Q20="Attendance ","Wellness ","") &IF(Q20="Test ","Wellness ","")) -> Cleared | Y20: =Persona!AQ21 -> 35.706667 | Z20: =Persona!AR21 -> Cleared | AA20: =Wellness!BH21 -> 9 | AB20: =Wellness!BK21 -> Cleared | AC20: =Behavior!Z21 -> 7.5 | AD20: =Behavior!AA21 -> Cleared | AE20: =Discipline!AO21 -> 6.0222222 | AF20: =IF(AE20>=6,"Cleared","NC") -> Cleared | AG20: =Y20+AA20+AC20+AE20 -> 58.228889 | AH20: =IF(Z20&AB20="ClearedCleared","Cleared",IF(Z20="NC","Persona ","") &IF(AB20="Attendance Test ","Wellness ","") &IF(AB20="Attendance ","Wellness ","") &IF(AB20="Test ","Wellness ","")) -> Cleared | AJ20: =Persona!BD21 -> 38.522222 | AK20: =Persona!BE21 -> Cleared | AL20: =Wellness!CB21 -> 15 | AM20: =Wellness!CE21 -> Cleared | AN20: =Behavior!AH21 -> 8 | AO20: =Behavior!AI21 -> Cleared | AP20: =Discipline!BB21 -> 6.2 | AQ20: =IF(AP20>=6,"Cleared","NC") -> Cleared | AR20: =AJ20+AL20+AN20+AP20 -> 67.722222 | AS20: =IF(AK20&AM20="ClearedCleared","Cleared",IF(AK20="NC","Persona ","") &IF(AM20="Attendance Test ","Wellness ","") &IF(AM20="Attendance ","Wellness ","") &IF(AM20="Test ","Wellness ","")) -> Cleared
A21: 2024JULB00023 | B21: Anushk Goel | C21: =Persona!Q22 -> 35 | D21: =Persona!R22 -> Cleared | E21: =Wellness!T22 -> 9 | F21: =Wellness!W22 -> Cleared | G21: =Behavior!J22 -> 6 | H21: =Behavior!K22 -> Cleared | I21: =Discipline!O22 -> 6.625 | J21: =IF(I21>=6,"Cleared","NC") -> Cleared | K21: =C21+E21+G21+I21 -> 56.625 | L21: =IF(D21&F21="ClearedCleared","Cleared",IF(D21="NC","Persona ","") &IF(F21="Attendance Test ","Wellness ","") &IF(F21="Attendance ","Wellness ","") &IF(F21="Test ","Wellness ","")) -> Cleared | N21: =Persona!AD22 -> 30.377381 | O21: =Persona!AE22 -> Cleared | P21: =Wellness!AN22 -> 2 | Q21: =Wellness!AQ22 -> Attendance Test | R21: =Behavior!R22 -> 7.8 | S21: =Behavior!S22 -> Cleared | T21: =Discipline!AB22 -> 2.64 | U21: =IF(T21>=6,"Cleared","NC") -> NC | V21: =N21+P21+R21+T21 -> 42.817381 | W21: =IF(O21&Q21="ClearedCleared","Cleared",IF(O21="NC","Persona ","") &IF(Q21="Attendance Test ","Wellness ","") &IF(Q21="Attendance ","Wellness ","") &IF(Q21="Test ","Wellness ","")) -> Wellness | Y21: =Persona!AQ22 -> 36.986667 | Z21: =Persona!AR22 -> Cleared | AA21: =Wellness!BH22 -> 1 | AB21: =Wellness!BK22 -> Attendance Test | AC21: =Behavior!Z22 -> 7 | AD21: =Behavior!AA22 -> Cleared | AE21: =Discipline!AO22 -> 3.2388889 | AF21: =IF(AE21>=6,"Cleared","NC") -> NC | AG21: =Y21+AA21+AC21+AE21 -> 48.225556 | AH21: =IF(Z21&AB21="ClearedCleared","Cleared",IF(Z21="NC","Persona ","") &IF(AB21="Attendance Test ","Wellness ","") &IF(AB21="Attendance ","Wellness ","") &IF(AB21="Test ","Wellness ","")) -> Wellness | AJ21: =Persona!BD22 -> 31.463889 | AK21: =Persona!BE22 -> Cleared | AL21: =Wellness!CB22 -> 0 | AM21: =Wellness!CE22 -> Attendance Test | AN21: =Behavior!AH22 -> 6 | AO21: =Behavior!AI22 -> Cleared | AP21: =Discipline!BB22 -> 5.5666667 | AQ21: =IF(AP21>=6,"Cleared","NC") -> NC | AR21: =AJ21+AL21+AN21+AP21 -> 43.030556 | AS21: =IF(AK21&AM21="ClearedCleared","Cleared",IF(AK21="NC","Persona ","") &IF(AM21="Attendance Test ","Wellness ","") &IF(AM21="Attendance ","Wellness ","") &IF(AM21="Test ","Wellness ","")) -> Wellness
A22: 2024JULB00024 | B22: Apoorwa Mishra | C22: =Persona!Q23 -> 31.666667 | D22: =Persona!R23 -> Cleared | E22: =Wellness!T23 -> 15 | F22: =Wellness!W23 -> Cleared | G22: =Behavior!J23 -> 6 | H22: =Behavior!K23 -> Cleared | I22: =Discipline!O23 -> 6.75 | J22: =IF(I22>=6,"Cleared","NC") -> Cleared | K22: =C22+E22+G22+I22 -> 59.416667 | L22: =IF(D22&F22="ClearedCleared","Cleared",IF(D22="NC","Persona ","") &IF(F22="Attendance Test ","Wellness ","") &IF(F22="Attendance ","Wellness ","") &IF(F22="Test ","Wellness ","")) -> Cleared | N22: =Persona!AD23 -> 41.521429 | O22: =Persona!AE23 -> Cleared | P22: =Wellness!AN23 -> 1 | Q22: =Wellness!AQ23 -> Test | R22: =Behavior!R23 -> 7.1 | S22: =Behavior!S23 -> Cleared | T22: =Discipline!AB23 -> 4.9066667 | U22: =IF(T22>=6,"Cleared","NC") -> NC | V22: =N22+P22+R22+T22 -> 54.528095 | W22: =IF(O22&Q22="ClearedCleared","Cleared",IF(O22="NC","Persona ","") &IF(Q22="Attendance Test ","Wellness ","") &IF(Q22="Attendance ","Wellness ","") &IF(Q22="Test ","Wellness ","")) -> Wellness | Y22: =Persona!AQ23 -> 32.133333 | Z22: =Persona!AR23 -> Cleared | AA22: =Wellness!BH23 -> 6 | AB22: =Wellness!BK23 -> Test | AC22: =Behavior!Z23 -> 8.25 | AD22: =Behavior!AA23 -> Cleared | AE22: =Discipline!AO23 -> 3.1166667 | AF22: =IF(AE22>=6,"Cleared","NC") -> NC | AG22: =Y22+AA22+AC22+AE22 -> 49.5 | AH22: =IF(Z22&AB22="ClearedCleared","Cleared",IF(Z22="NC","Persona ","") &IF(AB22="Attendance Test ","Wellness ","") &IF(AB22="Attendance ","Wellness ","") &IF(AB22="Test ","Wellness ","")) -> Wellness | AJ22: =Persona!BD23 -> 40.437037 | AK22: =Persona!BE23 -> Cleared | AL22: =Wellness!CB23 -> 2 | AM22: =Wellness!CE23 -> Test | AN22: =Behavior!AH23 -> 7.9333333 | AO22: =Behavior!AI23 -> Cleared | AP22: =Discipline!BB23 -> 5.7666667 | AQ22: =IF(AP22>=6,"Cleared","NC") -> NC | AR22: =AJ22+AL22+AN22+AP22 -> 56.137037 | AS22: =IF(AK22&AM22="ClearedCleared","Cleared",IF(AK22="NC","Persona ","") &IF(AM22="Attendance Test ","Wellness ","") &IF(AM22="Attendance ","Wellness ","") &IF(AM22="Test ","Wellness ","")) -> Wellness
A23: 2024JULB00025 | B23: Arit Roy | C23: =Persona!Q24 -> 25.833333 | D23: =Persona!R24 -> Cleared | E23: =Wellness!T24 -> 12 | F23: =Wellness!W24 -> Cleared | G23: =Behavior!J24 -> 6 | H23: =Behavior!K24 -> Cleared | I23: =Discipline!O24 -> 6.5625 | J23: =IF(I23>=6,"Cleared","NC") -> Cleared | K23: =C23+E23+G23+I23 -> 50.395833 | L23: =IF(D23&F23="ClearedCleared","Cleared",IF(D23="NC","Persona ","") &IF(F23="Attendance Test ","Wellness ","") &IF(F23="Attendance ","Wellness ","") &IF(F23="Test ","Wellness ","")) -> Cleared | N23: =Persona!AD24 -> 38.182143 | O23: =Persona!AE24 -> Cleared | P23: =Wellness!AN24 -> 4 | Q23: =Wellness!AQ24 -> Attendance Test | R23: =Behavior!R24 -> 7.3866667 | S23: =Behavior!S24 -> Cleared | T23: =Discipline!AB24 -> 4.4057143 | U23: =IF(T23>=6,"Cleared","NC") -> NC | V23: =N23+P23+R23+T23 -> 53.974524 | W23: =IF(O23&Q23="ClearedCleared","Cleared",IF(O23="NC","Persona ","") &IF(Q23="Attendance Test ","Wellness ","") &IF(Q23="Attendance ","Wellness ","") &IF(Q23="Test ","Wellness ","")) -> Wellness | Y23: =Persona!AQ24 -> 39.253333 | Z23: =Persona!AR24 -> Cleared | AA23: =Wellness!BH24 -> 0 | AB23: =Wellness!BK24 -> Attendance Test | AC23: =Behavior!Z24 -> 7 | AD23: =Behavior!AA24 -> Cleared | AE23: =Discipline!AO24 -> 3.0222222 | AF23: =IF(AE23>=6,"Cleared","NC") -> NC | AG23: =Y23+AA23+AC23+AE23 -> 49.275556 | AH23: =IF(Z23&AB23="ClearedCleared","Cleared",IF(Z23="NC","Persona ","") &IF(AB23="Attendance Test ","Wellness ","") &IF(AB23="Attendance ","Wellness ","") &IF(AB23="Test ","Wellness ","")) -> Wellness | AJ23: =Persona!BD24 -> 39.205556 | AK23: =Persona!BE24 -> Cleared | AL23: =Wellness!CB24 -> 4 | AM23: =Wellness!CE24 -> Attendance Test | AN23: =Behavior!AH24 -> 0 | AO23: =Behavior!AI24 -> NC | AP23: =Discipline!BB24 -> 4.6833333 | AQ23: =IF(AP23>=6,"Cleared","NC") -> NC | AR23: =AJ23+AL23+AN23+AP23 -> 47.888889 | AS23: =IF(AK23&AM23="ClearedCleared","Cleared",IF(AK23="NC","Persona ","") &IF(AM23="Attendance Test ","Wellness ","") &IF(AM23="Attendance ","Wellness ","") &IF(AM23="Test ","Wellness ","")) -> Wellness
A24: 2024JULB00026 | B24: Arush Mangal | C24: =Persona!Q25 -> 28.611111 | D24: =Persona!R25 -> Cleared | E24: =Wellness!T25 -> 17 | F24: =Wellness!W25 -> Cleared | G24: =Behavior!J25 -> 6 | H24: =Behavior!K25 -> Cleared | I24: =Discipline!O25 -> 6.0625 | J24: =IF(I24>=6,"Cleared","NC") -> Cleared | K24: =C24+E24+G24+I24 -> 57.673611 | L24: =IF(D24&F24="ClearedCleared","Cleared",IF(D24="NC","Persona ","") &IF(F24="Attendance Test ","Wellness ","") &IF(F24="Attendance ","Wellness ","") &IF(F24="Test ","Wellness ","")) -> Cleared | N24: =Persona!AD25 -> 33.810714 | O24: =Persona!AE25 -> Cleared | P24: =Wellness!AN25 -> 6 | Q24: =Wellness!AQ25 -> Test | R24: =Behavior!R25 -> 6.6133333 | S24: =Behavior!S25 -> Cleared | T24: =Discipline!AB25 -> 5 | U24: =IF(T24>=6,"Cleared","NC") -> NC | V24: =N24+P24+R24+T24 -> 51.424048 | W24: =IF(O24&Q24="ClearedCleared","Cleared",IF(O24="NC","Persona ","") &IF(Q24="Attendance Test ","Wellness ","") &IF(Q24="Attendance ","Wellness ","") &IF(Q24="Test ","Wellness ","")) -> Wellness | Y24: =Persona!AQ25 -> 22.386667 | Z24: =Persona!AR25 -> NC | AA24: =Wellness!BH25 -> 0 | AB24: =Wellness!BK25 -> Test | AC24: =Behavior!Z25 -> 7 | AD24: =Behavior!AA25 -> Cleared | AE24: =Discipline!AO25 -> 4.6333333 | AF24: =IF(AE24>=6,"Cleared","NC") -> NC | AG24: =Y24+AA24+AC24+AE24 -> 34.02 | AH24: =IF(Z24&AB24="ClearedCleared","Cleared",IF(Z24="NC","Persona ","") &IF(AB24="Attendance Test ","Wellness ","") &IF(AB24="Attendance ","Wellness ","") &IF(AB24="Test ","Wellness ","")) -> Persona Wellness | AJ24: =Persona!BD25 -> 28.244444 | AK24: =Persona!BE25 -> Cleared | AL24: =Wellness!CB25 -> 0 | AM24: =Wellness!CE25 -> Test | AN24: =Behavior!AH25 -> 4.4 | AO24: =Behavior!AI25 -> NC | AP24: =Discipline!BB25 -> 6 | AQ24: =IF(AP24>=6,"Cleared","NC") -> Cleared | AR24: =AJ24+AL24+AN24+AP24 -> 38.644444 | AS24: =IF(AK24&AM24="ClearedCleared","Cleared",IF(AK24="NC","Persona ","") &IF(AM24="Attendance Test ","Wellness ","") &IF(AM24="Attendance ","Wellness ","") &IF(AM24="Test ","Wellness ","")) -> Wellness
A25: 2024JULB00027 | B25: Aryan Atreya | C25: =Persona!Q26 -> 30 | D25: =Persona!R26 -> Cleared | E25: =Wellness!T26 -> 16 | F25: =Wellness!W26 -> Cleared | G25: =Behavior!J26 -> 6 | H25: =Behavior!K26 -> Cleared | I25: =Discipline!O26 -> 5.75 | J25: =IF(I25>=6,"Cleared","NC") -> NC | K25: =C25+E25+G25+I25 -> 57.75 | L25: =IF(D25&F25="ClearedCleared","Cleared",IF(D25="NC","Persona ","") &IF(F25="Attendance Test ","Wellness ","") &IF(F25="Attendance ","Wellness ","") &IF(F25="Test ","Wellness ","")) -> Cleared | N25: =Persona!AD26 -> 33.986905 | O25: =Persona!AE26 -> Cleared | P25: =Wellness!AN26 -> 11 | Q25: =Wellness!AQ26 -> Attendance | R25: =Behavior!R26 -> 5.2 | S25: =Behavior!S26 -> NC | T25: =Discipline!AB26 -> 3.0514286 | U25: =IF(T25>=6,"Cleared","NC") -> NC | V25: =N25+P25+R25+T25 -> 53.238333 | W25: =IF(O25&Q25="ClearedCleared","Cleared",IF(O25="NC","Persona ","") &IF(Q25="Attendance Test ","Wellness ","") &IF(Q25="Attendance ","Wellness ","") &IF(Q25="Test ","Wellness ","")) -> Wellness | Y25: =Persona!AQ26 -> 26.88 | Z25: =Persona!AR26 -> Cleared | AA25: =Wellness!BH26 -> 1 | AB25: =Wellness!BK26 -> Test | AC25: =Behavior!Z26 -> 5.5 | AD25: =Behavior!AA26 -> NC | AE25: =Discipline!AO26 -> 3.7833333 | AF25: =IF(AE25>=6,"Cleared","NC") -> NC | AG25: =Y25+AA25+AC25+AE25 -> 37.163333 | AH25: =IF(Z25&AB25="ClearedCleared","Cleared",IF(Z25="NC","Persona ","") &IF(AB25="Attendance Test ","Wellness ","") &IF(AB25="Attendance ","Wellness ","") &IF(AB25="Test ","Wellness ","")) -> Wellness | AJ25: =Persona!BD26 -> 36.277778 | AK25: =Persona!BE26 -> Cleared | AL25: =Wellness!CB26 -> 12 | AM25: =Wellness!CE26 -> Attendance | AN25: =Behavior!AH26 -> 6.4 | AO25: =Behavior!AI26 -> Cleared | AP25: =Discipline!BB26 -> 5.5 | AQ25: =IF(AP25>=6,"Cleared","NC") -> NC | AR25: =AJ25+AL25+AN25+AP25 -> 60.177778 | AS25: =IF(AK25&AM25="ClearedCleared","Cleared",IF(AK25="NC","Persona ","") &IF(AM25="Attendance Test ","Wellness ","") &IF(AM25="Attendance ","Wellness ","") &IF(AM25="Test ","Wellness ","")) -> Wellness
A26: 2024JULB00028 | B26: Aryan Balapure | C26: =Persona!Q27 -> 20 | D26: =Persona!R27 -> NC | E26: =Wellness!T27 -> 14 | F26: =Wellness!W27 -> Cleared | G26: =Behavior!J27 -> 6 | H26: =Behavior!K27 -> Cleared | I26: =Discipline!O27 -> 5.6875 | J26: =IF(I26>=6,"Cleared","NC") -> NC | K26: =C26+E26+G26+I26 -> 45.6875 | L26: =IF(D26&F26="ClearedCleared","Cleared",IF(D26="NC","Persona ","") &IF(F26="Attendance Test ","Wellness ","") &IF(F26="Attendance ","Wellness ","") &IF(F26="Test ","Wellness ","")) -> Persona | N26: =Persona!AD27 -> 25.347619 | O26: =Persona!AE27 -> Cleared | P26: =Wellness!AN27 -> 13 | Q26: =Wellness!AQ27 -> Cleared | R26: =Behavior!R27 -> 6.4 | S26: =Behavior!S27 -> Cleared | T26: =Discipline!AB27 -> 4.6171429 | U26: =IF(T26>=6,"Cleared","NC") -> NC | V26: =N26+P26+R26+T26 -> 49.364762 | W26: =IF(O26&Q26="ClearedCleared","Cleared",IF(O26="NC","Persona ","") &IF(Q26="Attendance Test ","Wellness ","") &IF(Q26="Attendance ","Wellness ","") &IF(Q26="Test ","Wellness ","")) -> Cleared | Y26: =Persona!AQ27 -> 31.473333 | Z26: =Persona!AR27 -> Cleared | AA26: =Wellness!BH27 -> 3 | AB26: =Wellness!BK27 -> Test | AC26: =Behavior!Z27 -> 6.75 | AD26: =Behavior!AA27 -> Cleared | AE26: =Discipline!AO27 -> 3.6666667 | AF26: =IF(AE26>=6,"Cleared","NC") -> NC | AG26: =Y26+AA26+AC26+AE26 -> 44.89 | AH26: =IF(Z26&AB26="ClearedCleared","Cleared",IF(Z26="NC","Persona ","") &IF(AB26="Attendance Test ","Wellness ","") &IF(AB26="Attendance ","Wellness ","") &IF(AB26="Test ","Wellness ","")) -> Wellness | AJ26: =Persona!BD27 -> 34.827778 | AK26: =Persona!BE27 -> Cleared | AL26: =Wellness!CB27 -> 8 | AM26: =Wellness!CE27 -> Test | AN26: =Behavior!AH27 -> 5.8 | AO26: =Behavior!AI27 -> NC | AP26: =Discipline!BB27 -> 4.9833333 | AQ26: =IF(AP26>=6,"Cleared","NC") -> NC | AR26: =AJ26+AL26+AN26+AP26 -> 53.611111 | AS26: =IF(AK26&AM26="ClearedCleared","Cleared",IF(AK26="NC","Persona ","") &IF(AM26="Attendance Test ","Wellness ","") &IF(AM26="Attendance ","Wellness ","") &IF(AM26="Test ","Wellness ","")) -> Wellness
A27: 2024JULB00029 | B27: Aryan Trivedi | C27: =Persona!Q28 -> 25 | D27: =Persona!R28 -> Cleared | E27: =Wellness!T28 -> 14 | F27: =Wellness!W28 -> Cleared | G27: =Behavior!J28 -> 6 | H27: =Behavior!K28 -> Cleared | I27: =Discipline!O28 -> 6 | J27: =IF(I27>=6,"Cleared","NC") -> Cleared | K27: =C27+E27+G27+I27 -> 51 | L27: =IF(D27&F27="ClearedCleared","Cleared",IF(D27="NC","Persona ","") &IF(F27="Attendance Test ","Wellness ","") &IF(F27="Attendance ","Wellness ","") &IF(F27="Test ","Wellness ","")) -> Cleared | N27: =Persona!AD28 -> 25.2 | O27: =Persona!AE28 -> Cleared | P27: =Wellness!AN28 -> 5 | Q27: =Wellness!AQ28 -> Test | R27: =Behavior!R28 -> 6 | S27: =Behavior!S28 -> Cleared | T27: =Discipline!AB28 -> 3.8057143 | U27: =IF(T27>=6,"Cleared","NC") -> NC | V27: =N27+P27+R27+T27 -> 40.005714 | W27: =IF(O27&Q27="ClearedCleared","Cleared",IF(O27="NC","Persona ","") &IF(Q27="Attendance Test ","Wellness ","") &IF(Q27="Attendance ","Wellness ","") &IF(Q27="Test ","Wellness ","")) -> Wellness | Y27: =Persona!AQ28 -> 28.413333 | Z27: =Persona!AR28 -> Cleared | AA27: =Wellness!BH28 -> 0 | AB27: =Wellness!BK28 -> Attendance Test | AC27: =Behavior!Z28 -> 6.7 | AD27: =Behavior!AA28 -> Cleared | AE27: =Discipline!AO28 -> 2.2555556 | AF27: =IF(AE27>=6,"Cleared","NC") -> NC | AG27: =Y27+AA27+AC27+AE27 -> 37.368889 | AH27: =IF(Z27&AB27="ClearedCleared","Cleared",IF(Z27="NC","Persona ","") &IF(AB27="Attendance Test ","Wellness ","") &IF(AB27="Attendance ","Wellness ","") &IF(AB27="Test ","Wellness ","")) -> Wellness | AJ27: =Persona!BD28 -> 32.547222 | AK27: =Persona!BE28 -> Cleared | AL27: =Wellness!CB28 -> 13 | AM27: =Wellness!CE28 -> Attendance | AN27: =Behavior!AH28 -> 6.9 | AO27: =Behavior!AI28 -> Cleared | AP27: =Discipline!BB28 -> 4.5 | AQ27: =IF(AP27>=6,"Cleared","NC") -> NC | AR27: =AJ27+AL27+AN27+AP27 -> 56.947222 | AS27: =IF(AK27&AM27="ClearedCleared","Cleared",IF(AK27="NC","Persona ","") &IF(AM27="Attendance Test ","Wellness ","") &IF(AM27="Attendance ","Wellness ","") &IF(AM27="Test ","Wellness ","")) -> Wellness
A28: 2024JULB00030 | B28: Ashish Abraham John | C28: =Persona!Q29 -> 31.666667 | D28: =Persona!R29 -> Cleared | E28: =Wellness!T29 -> 14 | F28: =Wellness!W29 -> Cleared | G28: =Behavior!J29 -> 6 | H28: =Behavior!K29 -> Cleared | I28: =Discipline!O29 -> 7 | J28: =IF(I28>=6,"Cleared","NC") -> Cleared | K28: =C28+E28+G28+I28 -> 58.666667 | L28: =IF(D28&F28="ClearedCleared","Cleared",IF(D28="NC","Persona ","") &IF(F28="Attendance Test ","Wellness ","") &IF(F28="Attendance ","Wellness ","") &IF(F28="Test ","Wellness ","")) -> Cleared | N28: =Persona!AD29 -> 35.202381 | O28: =Persona!AE29 -> Cleared | P28: =Wellness!AN29 -> 1 | Q28: =Wellness!AQ29 -> Attendance Test | R28: =Behavior!R29 -> 6.72 | S28: =Behavior!S29 -> Cleared | T28: =Discipline!AB29 -> 4.2171429 | U28: =IF(T28>=6,"Cleared","NC") -> NC | V28: =N28+P28+R28+T28 -> 47.139524 | W28: =IF(O28&Q28="ClearedCleared","Cleared",IF(O28="NC","Persona ","") &IF(Q28="Attendance Test ","Wellness ","") &IF(Q28="Attendance ","Wellness ","") &IF(Q28="Test ","Wellness ","")) -> Wellness | Y28: =Persona!AQ29 -> 28.94 | Z28: =Persona!AR29 -> Cleared | AA28: =Wellness!BH29 -> 11 | AB28: =Wellness!BK29 -> Attendance | AC28: =Behavior!Z29 -> 7.25 | AD28: =Behavior!AA29 -> Cleared | AE28: =Discipline!AO29 -> 4.6722222 | AF28: =IF(AE28>=6,"Cleared","NC") -> NC | AG28: =Y28+AA28+AC28+AE28 -> 51.862222 | AH28: =IF(Z28&AB28="ClearedCleared","Cleared",IF(Z28="NC","Persona ","") &IF(AB28="Attendance Test ","Wellness ","") &IF(AB28="Attendance ","Wellness ","") &IF(AB28="Test ","Wellness ","")) -> Wellness | AJ28: =Persona!BD29 -> 24.747222 | AK28: =Persona!BE29 -> NC | AL28: =Wellness!CB29 -> 7 | AM28: =Wellness!CE29 -> Test | AN28: =Behavior!AH29 -> 6 | AO28: =Behavior!AI29 -> Cleared | AP28: =Discipline!BB29 -> 5.15 | AQ28: =IF(AP28>=6,"Cleared","NC") -> NC | AR28: =AJ28+AL28+AN28+AP28 -> 42.897222 | AS28: =IF(AK28&AM28="ClearedCleared","Cleared",IF(AK28="NC","Persona ","") &IF(AM28="Attendance Test ","Wellness ","") &IF(AM28="Attendance ","Wellness ","") &IF(AM28="Test ","Wellness ","")) -> Persona Wellness
... A231: 2024JULB00273 | B231: Harshit Gopawat | C231: =Persona!Q232 -> 0 | D231: =Persona!R232 -> NC | E231: =Wellness!T232 -> 0 | F231: =Wellness!W232 -> Attendance Test | G231: =Behavior!J232 -> 6 | H231: =Behavior!K232 -> Cleared | I231: =Discipline!O232 -> 2.5 | J231: =IF(I231>=6,"Cleared","NC") -> NC | K231: =C231+E231+G231+I231 -> 8.5 | L231: =IF(D231&F231="ClearedCleared","Cleared",IF(D231="NC","Persona ","") &IF(F231="Attendance Test ","Wellness ","") &IF(F231="Attendance ","Wellness ","") &IF(F231="Test ","Wellness ","")) -> Persona Wellness | N231: =Persona!AD232 -> 0 | O231: =Persona!AE232 -> NC | P231: =Wellness!AN232 -> 0 | Q231: =Wellness!AQ232 -> Attendance Test | R231: =Behavior!R232 -> 3.2 | S231: =Behavior!S232 -> NC | T231: =Discipline!AB232 -> 0.4 | U231: =IF(T231>=6,"Cleared","NC") -> NC | V231: =N231+P231+R231+T231 -> 3.6 | W231: =IF(O231&Q231="ClearedCleared","Cleared",IF(O231="NC","Persona ","") &IF(Q231="Attendance Test ","Wellness ","") &IF(Q231="Attendance ","Wellness ","") &IF(Q231="Test ","Wellness ","")) -> Persona Wellness | Y231: =Persona!AQ232 -> 8.68 | Z231: =Persona!AR232 -> NC | AA231: =Wellness!BH232 -> 0 | AB231: =Wellness!BK232 -> Test | AC231: =Behavior!Z232 -> 2 | AD231: =Behavior!AA232 -> NC | AE231: =Discipline!AO232 -> 4.2 | AF231: =IF(AE231>=6,"Cleared","NC") -> NC | AG231: =Y231+AA231+AC231+AE231 -> 14.88 | AH231: =IF(Z231&AB231="ClearedCleared","Cleared",IF(Z231="NC","Persona ","") &IF(AB231="Attendance Test ","Wellness ","") &IF(AB231="Attendance ","Wellness ","") &IF(AB231="Test ","Wellness ","")) -> Persona Wellness | AJ231: =Persona!BD232 -> 21.268519 | AK231: =Persona!BE232 -> NC | AL231: =Wellness!CB232 -> 0 | AM231: =Wellness!CE232 -> Test | AN231: =Behavior!AH232 -> 6.4 | AO231: =Behavior!AI232 -> Cleared | AP231: =Discipline!BB232 -> 2.3666667 | AQ231: =IF(AP231>=6,"Cleared","NC") -> NC | AR231: =AJ231+AL231+AN231+AP231 -> 30.035185 | AS231: =IF(AK231&AM231="ClearedCleared","Cleared",IF(AK231="NC","Persona ","") &IF(AM231="Attendance Test ","Wellness ","") &IF(AM231="Attendance ","Wellness ","") &IF(AM231="Test ","Wellness ","")) -> Persona Wellness

Sheet Wellness Afflictions
A2: SN | B2: RN | C2: Name | D2: All 4 Terms | I2: SN | J2: RN | K2: Name | M2: All 3 Terms | Q2: SN | R2: RN | S2: Name | U2: All 3 Terms | Y2: SN | Z2: RN | AA2: Name | AC2: All 3 Terms
D3: Term 1 | E3: Term 2 | F3: Term 3 | G3: Term 4 | L3: Term 1 | M3: Term 2 | N3: Term 3 | O3: Term 4 | T3: Term 1 | U3: Term 2 | V3: Term 3 | W3: Term 4 | AB3: Term 1 | AC3: Term 2 | AD3: Term 3 | AE3: Term 4
A4: 1 | B4: 2024JULB00005 | C4: Abhirup Choudhury | D4: Wellness | E4: Persona Wellness | F4: Persona Wellness | G4: Persona Wellness | I4: 1 | J4: 2024JULB00003 | K4: Aanchal Sapra | M4: Wellness | N4: Wellness | O4: Wellness | Q4: 1 | R4: 2024JULB00004 | S4: Abhinav B | V4: Wellness | W4: Wellness | Y4: 1 | Z4: 2024JULB00027 | AA4: Aryan Atreya | AE4: Wellness
A5: 2 | B5: 2024JULB00020 | C5: Ananya Das | D5: Wellness | E5: Wellness | F5: Wellness | G5: Wellness | I5: 2 | J5: 2024JULB00007 | K5: Adarsh G | M5: Wellness | N5: Wellness | O5: Wellness | Q5: 2 | R5: 2024JULB00029 | S5: Aryan Trivedi | V5: Wellness | W5: Wellness | Y5: 2 | Z5: 2024JULB00046 | AA5: Darsh Nimesh Shah | AE5: Wellness
A6: 3 | B6: 2024JULB00033 | C6: Ashwin Bhaskar | D6: Wellness | E6: Wellness | F6: Wellness | G6: Wellness | I6: 3 | J6: 2024JULB00021 | K6: Aniket Inani | M6: Wellness | N6: Wellness | O6: Wellness | Q6: 3 | R6: 2024JULB00038 | S6: Bibek Kumar Muduli | V6: Persona Wellness | W6: Wellness | Y6: 3 | Z6: 2024JULB00056 | AA6: Elina Mahanta | AE6: Wellness
A7: 4 | B7: 2024JULB00039 | C7: Bipasha Mandal | D7: Wellness | E7: Wellness | F7: Wellness | G7: Wellness | I7: 4 | J7: 2024JULB00023 | K7: Anushk Goel | M7: Wellness | N7: Wellness | O7: Wellness | Q7: 4 | R7: 2024JULB00042 | S7: Chaitya Swaroop Sahu | V7: Wellness | W7: Wellness | Y7: 4 | Z7: 2024JULB00065 | AA7: Himanshu Chahar | AE7: Wellness
A8: 5 | B8: 2024JULB00057 | C8: Faizulhusen A Niaz | D8: Wellness | E8: Wellness | F8: Wellness | G8: Wellness | I8: 5 | J8: 2024JULB00025 | K8: Arit Roy | M8: Wellness | N8: Wellness | O8: Wellness | Q8: 5 | R8: 2024JULB00076 | S8: Karthik Gr | V8: Wellness | W8: Wellness | Y8: 5 | Z8: 2024JULB00130 | AA8: Sadya Anwar | AE8: Wellness
A9: 6 | B9: 2024JULB00071 | C9: Jyoti Sahoo | D9: Wellness | E9: Wellness | F9: Wellness | G9: Wellness | I9: 6 | J9: 2024JULB00058 | K9: Farheena Taskin Jamadar | M9: Wellness | N9: Wellness | O9: Wellness | Q9: 6 | R9: 2024JULB00080 | S9: Koustav Biswas | V9: Wellness | W9: Persona Wellness | Y9: 6 | Z9: 2024JULB00139 | AA9: Shaswat Mishra | AE9: Wellness
A10: 7 | B10: 2024JULB00078 | C10: Keshav Dhoot | D10: Wellness | E10: Wellness | F10: Wellness | G10: Wellness | I10: 7 | J10: 2024JULB00062 | K10: Harish Kumar R | M10: Wellness | N10: Wellness | O10: Wellness | Q10: 7 | R10: 2024JULB00098 | S10: Naitik Roy | V10: Wellness | W10: Wellness | Y10: 7 | Z10: 2024JULB00243 | AA10: Sahil Gupta | AE10: Wellness
A11: 8 | B11: 2024JULB00101 | C11: Nimisha Baruah | D11: Wellness | E11: Wellness | F11: Wellness | G11: Wellness | I11: 8 | J11: 2024JULB00064 | K11: Hemant Prajapat | M11: Wellness | N11: Wellness | O11: Wellness | Q11: 8 | R11: 2024JULB00103 | S11: Nishant Mishra | V11: Wellness | W11: Wellness | Y11: 8 | Z11: 2024JULB00264 | AA11: Nikita Sehgal | AB11: Wellness
A12: 9 | B12: 2024JULB00102 | C12: Niranjana Hari | D12: Wellness | E12: Wellness | F12: Wellness | G12: Wellness | I12: 9 | J12: 2024JULB00074 | K12: Karan Kashyap | M12: Wellness | N12: Wellness | O12: Wellness | Q12: 9 | R12: 2024JULB00156 | S12: Souvik Roy | V12: Wellness | W12: Persona Wellness
A13: 10 | B13: 2024JULB00113 | C13: Prajwal P Kulkarni | D13: Wellness | E13: Persona Wellness | F13: Persona Wellness | G13: Persona Wellness | I13: 10 | J13: 2024JULB00081 | K13: Krish Chakraborty | M13: Wellness | N13: Wellness | O13: Wellness | Q13: 10 | R13: 2024JULB00172 | S13: Trinanjan Purkait | V13: Persona Wellness | W13: Wellness
A14: 11 | B14: 2024JULB00115 | C14: Pujarchana Nayak | D14: Wellness | E14: Wellness | F14: Wellness | G14: Wellness | I14: 11 | J14: 2024JULB00083 | K14: Kunal Khurana | M14: Persona Wellness | N14: Persona Wellness | O14: Persona Wellness | Q14: 11 | R14: 2024JULB00198 | S14: Suvam Basak | V14: Wellness | W14: Wellness
A15: 12 | B15: 2024JULB00134 | C15: Sanjay Baliga | D15: Wellness | E15: Wellness | F15: Wellness | G15: Wellness | I15: 12 | J15: 2024JULB00085 | K15: Kushal Srivastav | M15: Wellness | N15: Wellness | O15: Wellness | Q15: 12 | R15: 2024JULB00211 | S15: Purnita Gupta | V15: Persona Wellness | W15: Wellness
A16: 13 | B16: 2024JULB00147 | C16: Shruti Vishamber Buchasia | D16: Wellness | E16: Wellness | F16: Wellness | G16: Wellness | I16: 13 | J16: 2024JULB00086 | K16: Lakshita Chandak | M16: Persona Wellness | N16: Wellness | O16: Wellness | Q16: 13 | R16: 2024JULB00220 | S16: Rohan Agrawal | V16: Wellness | W16: Wellness
A17: 14 | B17: 2024JULB00162 | C17: Subhrojit Ghosh | D17: Wellness | E17: Persona Wellness | F17: Wellness | G17: Persona Wellness | I17: 14 | J17: 2024JULB00099 | K17: Nandan Ganapati Bhat | M17: Wellness | N17: Wellness | O17: Wellness | Q17: 14 | R17: 2024JULB00240 | S17: Prabhansha Vyas | V17: Wellness | W17: Wellness
A18: 15 | B18: 2024JULB00167 | C18: Sukhman Sandhu | D18: Wellness | E18: Wellness | F18: Wellness | G18: Wellness | I18: 15 | J18: 2024JULB00109 | K18: Poulami Sarkar | M18: Wellness | N18: Wellness | O18: Wellness | Q18: 15 | R18: 2024JULB00241 | S18: Anu Kumari | V18: Wellness | W18: Persona Wellness
A19: 16 | B19: 2024JULB00175 | C19: Vaibhav Laldas | D19: Wellness | E19: Wellness | F19: Wellness | G19: Wellness | I19: 16 | J19: 2024JULB00142 | K19: Shivang Mishra | M19: Wellness | N19: Wellness | O19: Wellness | Q19: 16 | R19: 2024JULB00256 | S19: Riya Kumari | T19: Wellness | W19: Persona Wellness
A20: 17 | B20: 2024JULB00187 | C20: Sejal Negi | D20: Wellness | E20: Wellness | F20: Wellness | G20: Wellness | I20: 17 | J20: 2024JULB00146 | K20: Shruti Sharma | M20: Wellness | N20: Persona Wellness | O20: Wellness | Q20: 17 | R20: 2024JULB00263 | S20: Soumya Roy | T20: Wellness | W20: Wellness
A21: 18 | B21: 2024JULB00195 | C21: Nikhitha Sriya Pottangi | D21: Wellness | E21: Wellness | F21: Wellness | G21: Wellness | I21: 18 | J21: 2024JULB00150 | K21: Siddharth Singh | M21: Wellness | N21: Wellness | O21: Wellness
A22: 19 | B22: 2024JULB00201 | C22: Varun Thampi | D22: Wellness | E22: Wellness | F22: Wellness | G22: Wellness | I22: 19 | J22: 2024JULB00154 | K22: Somya Sahoo | M22: Wellness | N22: Wellness | O22: Wellness
A23: 20 | B23: 2024JULB00208 | C23: Garima Sarraf | D23: Wellness | E23: Wellness | F23: Wellness | G23: Wellness | I23: 20 | J23: 2024JULB00176 | K23: Vaibhav Pandey | M23: Wellness | N23: Wellness | O23: Wellness
A24: 21 | B24: 2024JULB00213 | C24: Govinda Rajulu Boya | D24: Wellness | E24: Wellness | F24: Wellness | G24: Wellness | I24: 21 | J24: 2024JULB00179 | K24: Veeraj Vasu Poojari | M24: Wellness | N24: Wellness | O24: Wellness
A25: 22 | B25: 2024JULB00227 | C25: Sumit Sharma | D25: Wellness | E25: Wellness | F25: Wellness | G25: Wellness | I25: 22 | J25: 2024JULB00181 | K25: Vishal Bhagat | M25: Wellness | N25: Persona Wellness | O25: Wellness
A26: 23 | B26: 2024JULB00239 | C26: Abhishek Nanda | D26: Wellness | E26: Wellness | F26: Wellness | G26: Wellness | I26: 23 | J26: 2024JULB00183 | K26: Yasaswini Reddy Sagili | M26: Wellness | N26: Wellness | O26: Wellness
A27: 24 | B27: 2024JULB00242 | C27: Shreya Sethi | D27: Wellness | E27: Wellness | F27: Wellness | G27: Wellness | I27: 24 | J27: 2024JULB00189 | K27: Rahul Kumar Mallick | M27: Wellness | N27: Persona Wellness | O27: Wellness
A28: 25 | B28: 2024JULB00244 | C28: Harshita Chauhan | D28: Wellness | E28: Wellness | F28: Wellness | G28: Wellness | I28: 25 | J28: 2024JULB00191 | K28: Jayant Pal | M28: Wellness | N28: Wellness | O28: Wellness
A29: 26 | B29: 2024JULB00249 | C29: Kartik Garg | D29: Wellness | E29: Persona Wellness | F29: Wellness | G29: Persona Wellness | I29: 26 | J29: 2024JULB00217 | K29: Vittika Dnyaneshwar Chavhan | M29: Wellness | N29: Wellness | O29: Wellness
A30: 27 | B30: 2024JULB00272 | C30: Vikash Kumar | D30: Wellness | E30: Persona Wellness | F30: Wellness | G30: Wellness | I30: 27 | J30: 2024JULB00225 | K30: Abhishek KumarNema | M30: Wellness | N30: Wellness | O30: Wellness
A31: 28 | B31: 2024JULB00273 | C31: Harshit Gopawat | D31: Wellness | E31: Wellness | F31: Wellness | G31: Wellness | I31: 28 | J31: 2024JULB00230 | K31: Jaladi Blessy Susanthika | M31: Persona Wellness | N31: Wellness | O31: Wellness

Sheet HPS grading
B1: 3 | C1: 4 | D1: 1 | E1: 2
A2: Sr # | B2: Gender | C2: Section | D2: RN | E2: Student name | F2: Level 0 | K2: Level 1 | P2: Level 2 | U2: Level 3 | Z2: Fial Grade
F3: HPS | G3: Temperary grade | H3: Persona | I3: Wellness | J3: Final Result | K3: HPS | L3: Temperary grade | M3: Persona | N3: Wellness | O3: Final Result | P3: HPS | Q3: Temperary grade | R3: Persona | S3: Wellness | T3: Final Result | U3: HPS | V3: Temperary grade | W3: Persona | X3: Wellness | Y3: Final Result | Z3: HPS | AA3: Temperary grade
A4: 1 | B4: Female | C4: A | D4: 2024JULB00001 | E4: A Divya Sree | F4: =HPS!$U4 -> 55.736111 | G4: {=_xlfn.IFS('HPS grading'!$F4>=90,"A+",'HPS grading'!$F4>=80,"A",'HPS grading'!$F4>=70,"B+",'HPS grading'!$F4>=60,"B",'HPS grading'!$F4>=50,"C+",'HPS grading'!$F4>=40,"C",'HPS grading'!$F4>=30,"D",'HPS grading'!$F4<30,"E")} -> C+ | H4: =Persona!R5 -> Cleared | I4: =Wellness!V5 -> Cleared | J4: =IF(H4="NC","NC",IF(I4="NC","NC","Cleared")) -> Cleared | K4: =HPS!AK4 -> 53.71 | L4: {=_xlfn.IFS('HPS grading'!K4>=90,"A+",'HPS grading'!K4>=80,"A",'HPS grading'!K4>=70,"B+",'HPS grading'!K4>=60,"B",'HPS grading'!K4>=50,"C+",'HPS grading'!K4>=40,"C",'HPS grading'!K4>=30,"D",'HPS grading'!K4<30,"E")} -> C+ | M4: =Persona!AE5 -> Cleared | N4: =Wellness!AP5 -> NC | O4: =IF(M4="NC","NC",IF(N4="NC","NC","None")) -> NC | P4: =HPS!BA4 -> 55.527778 | Q4: {=_xlfn.IFS('HPS grading'!P4>=90,"A+",'HPS grading'!P4>=80,"A",'HPS grading'!P4>=70,"B+",'HPS grading'!P4>=60,"B",'HPS grading'!P4>=50,"C+",'HPS grading'!P4>=40,"C",'HPS grading'!P4>=30,"D",'HPS grading'!P4<30,"E")} -> C+ | R4: =Persona!AR5 -> Cleared | S4: =Wellness!BJ5 -> Cleared | T4: =IF(R4="NC","NC",IF(S4="NC","NC","None")) -> None | U4: =HPS!BQ4 -> 53.575926 | V4: {=_xlfn.IFS('HPS grading'!U4>=90,"A+",'HPS grading'!U4>=80,"A",'HPS grading'!U4>=70,"B+",'HPS grading'!U4>=60,"B",'HPS grading'!U4>=50,"C+",'HPS grading'!U4>=40,"C",'HPS grading'!U4>=30,"D",'HPS grading'!U4<30,"E")} -> C+ | W4: =Persona!BE5 -> Cleared | X4: =Wellness!CD5 -> NC | Y4: =IF(W4="NC","NC",IF(X4="NC","NC","None")) -> NC | Z4: =AVERAGE('HPS grading'!$F4,'HPS grading'!$K4,'HPS grading'!$P4,'HPS grading'!$U4) -> 54.637454 | AA4: {=_xlfn.IFS('HPS grading'!Z4>=90,"A+",'HPS grading'!Z4>=80,"A",'HPS grading'!Z4>=70,"B+",'HPS grading'!Z4>=60,"B",'HPS grading'!Z4>=50,"C+",'HPS grading'!Z4>=40,"C",'HPS grading'!Z4>=30,"D",'HPS grading'!Z4<30,"E")} -> C+
A5: 2 | B5: Male | C5: A | D5: 2024JULB00002 | E5: Aaditya K | F5: =HPS!$U5 -> 57.194444 | G5: {=_xlfn.IFS('HPS grading'!$F5>=90,"A+",'HPS grading'!$F5>=80,"A",'HPS grading'!$F5>=70,"B+",'HPS grading'!$F5>=60,"B",'HPS grading'!$F5>=50,"C+",'HPS grading'!$F5>=40,"C",'HPS grading'!$F5>=30,"D",'HPS grading'!$F5<30,"E")} -> C+ | H5: =Persona!R6 -> NC | I5: =Wellness!V6 -> Cleared | J5: =IF(H5="NC","NC",IF(I5="NC","NC","None")) -> NC | K5: =HPS!AK5 -> 65.319048 | L5: {=_xlfn.IFS('HPS grading'!K5>=90,"A+",'HPS grading'!K5>=80,"A",'HPS grading'!K5>=70,"B+",'HPS grading'!K5>=60,"B",'HPS grading'!K5>=50,"C+",'HPS grading'!K5>=40,"C",'HPS grading'!K5>=30,"D",'HPS grading'!K5<30,"E")} -> B | M5: =Persona!AE6 -> Cleared | N5: =Wellness!AP6 -> Cleared | O5: =IF(M5="NC","NC",IF(N5="NC","NC","None")) -> None | P5: =HPS!BA5 -> 36.357778 | Q5: {=_xlfn.IFS('HPS grading'!P5>=90,"A+",'HPS grading'!P5>=80,"A",'HPS grading'!P5>=70,"B+",'HPS grading'!P5>=60,"B",'HPS grading'!P5>=50,"C+",'HPS grading'!P5>=40,"C",'HPS grading'!P5>=30,"D",'HPS grading'!P5<30,"E")} -> D | R5: =Persona!AR6 -> NC | S5: =Wellness!BJ6 -> NC | T5: =IF(R5="NC","NC",IF(S5="NC","NC","None")) -> NC | U5: =HPS!BQ5 -> 58.859259 | V5: {=_xlfn.IFS('HPS grading'!U5>=90,"A+",'HPS grading'!U5>=80,"A",'HPS grading'!U5>=70,"B+",'HPS grading'!U5>=60,"B",'HPS grading'!U5>=50,"C+",'HPS grading'!U5>=40,"C",'HPS grading'!U5>=30,"D",'HPS grading'!U5<30,"E")} -> C+ | W5: =Persona!BE6 -> Cleared | X5: =Wellness!CD6 -> Cleared | Y5: =IF(W5="NC","NC",IF(X5="NC","NC","None")) -> None | Z5: =AVERAGE('HPS grading'!$F5,'HPS grading'!$K5,'HPS grading'!$P5,'HPS grading'!$U5) -> 54.432632 | AA5: {=_xlfn.IFS('HPS grading'!Z5>=90,"A+",'HPS grading'!Z5>=80,"A",'HPS grading'!Z5>=70,"B+",'HPS grading'!Z5>=60,"B",'HPS grading'!Z5>=50,"C+",'HPS grading'!Z5>=40,"C",'HPS grading'!Z5>=30,"D",'HPS grading'!Z5<30,"E")} -> C+
A6: 3 | B6: Female | C6: A | D6: 2024JULB00003 | E6: Aanchal Sapra | F6: =HPS!$U6 -> 54.208333 | G6: {=_xlfn.IFS('HPS grading'!$F6>=90,"A+",'HPS grading'!$F6>=80,"A",'HPS grading'!$F6>=70,"B+",'HPS grading'!$F6>=60,"B",'HPS grading'!$F6>=50,"C+",'HPS grading'!$F6>=40,"C",'HPS grading'!$F6>=30,"D",'HPS grading'!$F6<30,"E")} -> C+ | H6: =Persona!R7 -> Cleared | I6: =Wellness!V7 -> Cleared | J6: =IF(H6="NC","NC",IF(I6="NC","NC","None")) -> None | K6: =HPS!AK6 -> 44.435833 | L6: {=_xlfn.IFS('HPS grading'!K6>=90,"A+",'HPS grading'!K6>=80,"A",'HPS grading'!K6>=70,"B+",'HPS grading'!K6>=60,"B",'HPS grading'!K6>=50,"C+",'HPS grading'!K6>=40,"C",'HPS grading'!K6>=30,"D",'HPS grading'!K6<30,"E")} -> C | M6: =Persona!AE7 -> Cleared | N6: =Wellness!AP7 -> NC | O6: =IF(M6="NC","NC",IF(N6="NC","NC","None")) -> NC | P6: =HPS!BA6 -> 35.117778 | Q6: {=_xlfn.IFS('HPS grading'!P6>=90,"A+",'HPS grading'!P6>=80,"A",'HPS grading'!P6>=70,"B+",'HPS grading'!P6>=60,"B",'HPS grading'!P6>=50,"C+",'HPS grading'!P6>=40,"C",'HPS grading'!P6>=30,"D",'HPS grading'!P6<30,"E")} -> D | R6: =Persona!AR7 -> NC | S6: =Wellness!BJ7 -> NC | T6: =IF(R6="NC","NC",IF(S6="NC","NC","None")) -> NC | U6: =HPS!BQ6 -> 38.742593 | V6: {=_xlfn.IFS('HPS grading'!U6>=90,"A+",'HPS grading'!U6>=80,"A",'HPS grading'!U6>=70,"B+",'HPS grading'!U6>=60,"B",'HPS grading'!U6>=50,"C+",'HPS grading'!U6>=40,"C",'HPS grading'!U6>=30,"D",'HPS grading'!U6<30,"E")} -> D | W6: =Persona!BE7 -> Cleared | X6: =Wellness!CD7 -> NC | Y6: =IF(W6="NC","NC",IF(X6="NC","NC","None")) -> NC | Z6: =AVERAGE('HPS grading'!$F6,'HPS grading'!$K6,'HPS grading'!$P6,'HPS grading'!$U6) -> 43.126134 | AA6: {=_xlfn.IFS('HPS grading'!Z6>=90,"A+",'HPS grading'!Z6>=80,"A",'HPS grading'!Z6>=70,"B+",'HPS grading'!Z6>=60,"B",'HPS grading'!Z6>=50,"C+",'HPS grading'!Z6>=40,"C",'HPS grading'!Z6>=30,"D",'HPS grading'!Z6<30,"E")} -> C
A7: 4 | B7: Male | C7: A | D7: 2024JULB00004 | E7: Abhinav B | F7: =HPS!$U7 -> 64.083333 | G7: {=_xlfn.IFS('HPS grading'!$F7>=90,"A+",'HPS grading'!$F7>=80,"A",'HPS grading'!$F7>=70,"B+",'HPS grading'!$F7>=60,"B",'HPS grading'!$F7>=50,"C+",'HPS grading'!$F7>=40,"C",'HPS grading'!$F7>=30,"D",'HPS grading'!$F7<30,"E")} -> B | H7: =Persona!R8 -> Cleared | I7: =Wellness!V8 -> Cleared | J7: =IF(H7="NC","NC",IF(I7="NC","NC","None")) -> None | K7: =HPS!AK7 -> 46.654524 | L7: {=_xlfn.IFS('HPS grading'!K7>=90,"A+",'HPS grading'!K7>=80,"A",'HPS grading'!K7>=70,"B+",'HPS grading'!K7>=60,"B",'HPS grading'!K7>=50,"C+",'HPS grading'!K7>=40,"C",'HPS grading'!K7>=30,"D",'HPS grading'!K7<30,"E")} -> C | M7: =Persona!AE8 -> Cleared | N7: =Wellness!AP8 -> NC | O7: =IF(M7="NC","NC",IF(N7="NC","NC","None")) -> NC | P7: =HPS!BA7 -> 46.437778 | Q7: {=_xlfn.IFS('HPS grading'!P7>=90,"A+",'HPS grading'!P7>=80,"A",'HPS grading'!P7>=70,"B+",'HPS grading'!P7>=60,"B",'HPS grading'!P7>=50,"C+",'HPS grading'!P7>=40,"C",'HPS grading'!P7>=30,"D",'HPS grading'!P7<30,"E")} -> C | R7: =Persona!AR8 -> NC | S7: =Wellness!BJ8 -> NC | T7: =IF(R7="NC","NC",IF(S7="NC","NC","None")) -> NC | U7: =HPS!BQ7 -> 55.72963 | V7: {=_xlfn.IFS('HPS grading'!U7>=90,"A+",'HPS grading'!U7>=80,"A",'HPS grading'!U7>=70,"B+",'HPS grading'!U7>=60,"B",'HPS grading'!U7>=50,"C+",'HPS grading'!U7>=40,"C",'HPS grading'!U7>=30,"D",'HPS grading'!U7<30,"E")} -> C+ | W7: =Persona!BE8 -> Cleared | X7: =Wellness!CD8 -> NC | Y7: =IF(W7="NC","NC",IF(X7="NC","NC","None")) -> NC | Z7: =AVERAGE('HPS grading'!$F7,'HPS grading'!$K7,'HPS grading'!$P7,'HPS grading'!$U7) -> 53.226316 | AA7: {=_xlfn.IFS('HPS grading'!Z7>=90,"A+",'HPS grading'!Z7>=80,"A",'HPS grading'!Z7>=70,"B+",'HPS grading'!Z7>=60,"B",'HPS grading'!Z7>=50,"C+",'HPS grading'!Z7>=40,"C",'HPS grading'!Z7>=30,"D",'HPS grading'!Z7<30,"E")} -> C+
A8: 5 | B8: Male | C8: D | D8: 2024JULB00005 | E8: Abhirup Choudhury | F8: =HPS!$U8 -> 7.5 | G8: {=_xlfn.IFS('HPS grading'!$F8>=90,"A+",'HPS grading'!$F8>=80,"A",'HPS grading'!$F8>=70,"B+",'HPS grading'!$F8>=60,"B",'HPS grading'!$F8>=50,"C+",'HPS grading'!$F8>=40,"C",'HPS grading'!$F8>=30,"D",'HPS grading'!$F8<30,"E")} -> E | H8: =Persona!R9 -> NC | I8: =Wellness!V9 -> NC | J8: =IF(H8="NC","NC",IF(I8="NC","NC","None")) -> NC | K8: =HPS!AK8 -> 3.2 | L8: {=_xlfn.IFS('HPS grading'!K8>=90,"A+",'HPS grading'!K8>=80,"A",'HPS grading'!K8>=70,"B+",'HPS grading'!K8>=60,"B",'HPS grading'!K8>=50,"C+",'HPS grading'!K8>=40,"C",'HPS grading'!K8>=30,"D",'HPS grading'!K8<30,"E")} -> E | M8: =Persona!AE9 -> NC | N8: =Wellness!AP9 -> NC | O8: =IF(M8="NC","NC",IF(N8="NC","NC","None")) -> NC | P8: =HPS!BA8 -> 29.004444 | Q8: {=_xlfn.IFS('HPS grading'!P8>=90,"A+",'HPS grading'!P8>=80,"A",'HPS grading'!P8>=70,"B+",'HPS grading'!P8>=60,"B",'HPS grading'!P8>=50,"C+",'HPS grading'!P8>=40,"C",'HPS grading'!P8>=30,"D",'HPS grading'!P8<30,"E")} -> E | R8: =Persona!AR9 -> Cleared | S8: =Wellness!BJ9 -> NC | T8: =IF(R8="NC","NC",IF(S8="NC","NC","None")) -> NC | U8: =HPS!BQ8 -> 6.0444444 | V8: {=_xlfn.IFS('HPS grading'!U8>=90,"A+",'HPS grading'!U8>=80,"A",'HPS grading'!U8>=70,"B+",'HPS grading'!U8>=60,"B",'HPS grading'!U8>=50,"C+",'HPS grading'!U8>=40,"C",'HPS grading'!U8>=30,"D",'HPS grading'!U8<30,"E")} -> E | W8: =Persona!BE9 -> NC | X8: =Wellness!CD9 -> NC | Y8: =IF(W8="NC","NC",IF(X8="NC","NC","None")) -> NC | Z8: =AVERAGE('HPS grading'!$F8,'HPS grading'!$K8,'HPS grading'!$P8,'HPS grading'!$U8) -> 11.437222 | AA8: {=_xlfn.IFS('HPS grading'!Z8>=90,"A+",'HPS grading'!Z8>=80,"A",'HPS grading'!Z8>=70,"B+",'HPS grading'!Z8>=60,"B",'HPS grading'!Z8>=50,"C+",'HPS grading'!Z8>=40,"C",'HPS grading'!Z8>=30,"D",'HPS grading'!Z8<30,"E")} -> E
A9: 6 | B9: Male | C9: A | D9: 2024JULB00006 | E9: Abhyuday Tripathi | F9: =HPS!$U9 -> 66.291667 | G9: {=_xlfn.IFS('HPS grading'!$F9>=90,"A+",'HPS grading'!$F9>=80,"A",'HPS grading'!$F9>=70,"B+",'HPS grading'!$F9>=60,"B",'HPS grading'!$F9>=50,"C+",'HPS grading'!$F9>=40,"C",'HPS grading'!$F9>=30,"D",'HPS grading'!$F9<30,"E")} -> B | H9: =Persona!R10 -> Cleared | I9: =Wellness!V10 -> Cleared | J9: =IF(H9="NC","NC",IF(I9="NC","NC","None")) -> None | K9: =HPS!AK9 -> 58.275714 | L9: {=_xlfn.IFS('HPS grading'!K9>=90,"A+",'HPS grading'!K9>=80,"A",'HPS grading'!K9>=70,"B+",'HPS grading'!K9>=60,"B",'HPS grading'!K9>=50,"C+",'HPS grading'!K9>=40,"C",'HPS grading'!K9>=30,"D",'HPS grading'!K9<30,"E")} -> C+ | M9: =Persona!AE10 -> Cleared | N9: =Wellness!AP10 -> Cleared | O9: =IF(M9="NC","NC",IF(N9="NC","NC","None")) -> None | P9: =HPS!BA9 -> 49.946667 | Q9: {=_xlfn.IFS('HPS grading'!P9>=90,"A+",'HPS grading'!P9>=80,"A",'HPS grading'!P9>=70,"B+",'HPS grading'!P9>=60,"B",'HPS grading'!P9>=50,"C+",'HPS grading'!P9>=40,"C",'HPS grading'!P9>=30,"D",'HPS grading'!P9<30,"E")} -> C | R9: =Persona!AR10 -> Cleared | S9: =Wellness!BJ10 -> NC | T9: =IF(R9="NC","NC",IF(S9="NC","NC","None")) -> NC | U9: =HPS!BQ9 -> 66.865741 | V9: {=_xlfn.IFS('HPS grading'!U9>=90,"A+",'HPS grading'!U9>=80,"A",'HPS grading'!U9>=70,"B+",'HPS grading'!U9>=60,"B",'HPS grading'!U9>=50,"C+",'HPS grading'!U9>=40,"C",'HPS grading'!U9>=30,"D",'HPS grading'!U9<30,"E")} -> B | W9: =Persona!BE10 -> Cleared | X9: =Wellness!CD10 -> Cleared | Y9: =IF(W9="NC","NC",IF(X9="NC","NC","None")) -> None | Z9: =AVERAGE('HPS grading'!$F9,'HPS grading'!$K9,'HPS grading'!$P9,'HPS grading'!$U9) -> 60.344947 | AA9: {=_xlfn.IFS('HPS grading'!Z9>=90,"A+",'HPS grading'!Z9>=80,"A",'HPS grading'!Z9>=70,"B+",'HPS grading'!Z9>=60,"B",'HPS grading'!Z9>=50,"C+",'HPS grading'!Z9>=40,"C",'HPS grading'!Z9>=30,"D",'HPS grading'!Z9<30,"E")} -> B
A10: 7 | B10: Male | C10: A | D10: 2024JULB00007 | E10: Adarsh G | F10: =HPS!$U10 -> 59.541667 | G10: {=_xlfn.IFS('HPS grading'!$F10>=90,"A+",'HPS grading'!$F10>=80,"A",'HPS grading'!$F10>=70,"B+",'HPS grading'!$F10>=60,"B",'HPS grading'!$F10>=50,"C+",'HPS grading'!$F10>=40,"C",'HPS grading'!$F10>=30,"D",'HPS grading'!$F10<30,"E")} -> C+ | H10: =Persona!R11 -> Cleared | I10: =Wellness!V11 -> Cleared | J10: =IF(H10="NC","NC",IF(I10="NC","NC","None")) -> None | K10: =HPS!AK10 -> 67.376071 | L10: {=_xlfn.IFS('HPS grading'!K10>=90,"A+",'HPS grading'!K10>=80,"A",'HPS grading'!K10>=70,"B+",'HPS grading'!K10>=60,"B",'HPS grading'!K10>=50,"C+",'HPS grading'!K10>=40,"C",'HPS grading'!K10>=30,"D",'HPS grading'!K10<30,"E")} -> B | M10: =Persona!AE11 -> Cleared | N10: =Wellness!AP11 -> NC | O10: =IF(M10="NC","NC",IF(N10="NC","NC","None")) -> NC | P10: =HPS!BA10 -> 43.433333 | Q10: {=_xlfn.IFS('HPS grading'!P10>=90,"A+",'HPS grading'!P10>=80,"A",'HPS grading'!P10>=70,"B+",'HPS grading'!P10>=60,"B",'HPS grading'!P10>=50,"C+",'HPS grading'!P10>=40,"C",'HPS grading'!P10>=30,"D",'HPS grading'!P10<30,"E")} -> C | R10: =Persona!AR11 -> Cleared | S10: =Wellness!BJ11 -> NC | T10: =IF(R10="NC","NC",IF(S10="NC","NC","None")) -> NC | U10: =HPS!BQ10 -> 50.237963 | V10: {=_xlfn.IFS('HPS grading'!U10>=90,"A+",'HPS grading'!U10>=80,"A",'HPS grading'!U10>=70,"B+",'HPS grading'!U10>=60,"B",'HPS grading'!U10>=50,"C+",'HPS grading'!U10>=40,"C",'HPS grading'!U10>=30,"D",'HPS grading'!U10<30,"E")} -> C+ | W10: =Persona!BE11 -> Cleared | X10: =Wellness!CD11 -> NC | Y10: =IF(W10="NC","NC",IF(X10="NC","NC","None")) -> NC | Z10: =AVERAGE('HPS grading'!$F10,'HPS grading'!$K10,'HPS grading'!$P10,'HPS grading'!$U10) -> 55.147259 | AA10: {=_xlfn.IFS('HPS grading'!Z10>=90,"A+",'HPS grading'!Z10>=80,"A",'HPS grading'!Z10>=70,"B+",'HPS grading'!Z10>=60,"B",'HPS grading'!Z10>=50,"C+",'HPS grading'!Z10>=40,"C",'HPS grading'!Z10>=30,"D",'HPS grading'!Z10<30,"E")} -> C+
A11: 8 | B11: Male | C11: C | D11: 2024JULB00008 | E11: Adarsh Raj Barman | F11: =HPS!$U11 -> 57.320933 | G11: {=_xlfn.IFS('HPS grading'!$F11>=90,"A+",'HPS grading'!$F11>=80,"A",'HPS grading'!$F11>=70,"B+",'HPS grading'!$F11>=60,"B",'HPS grading'!$F11>=50,"C+",'HPS grading'!$F11>=40,"C",'HPS grading'!$F11>=30,"D",'HPS grading'!$F11<30,"E")} -> C+ | H11: =Persona!R12 -> Cleared | I11: =Wellness!V12 -> Cleared | J11: =IF(H11="NC","NC",IF(I11="NC","NC","None")) -> None | K11: =HPS!AK11 -> 60.902381 | L11: {=_xlfn.IFS('HPS grading'!K11>=90,"A+",'HPS grading'!K11>=80,"A",'HPS grading'!K11>=70,"B+",'HPS grading'!K11>=60,"B",'HPS grading'!K11>=50,"C+",'HPS grading'!K11>=40,"C",'HPS grading'!K11>=30,"D",'HPS grading'!K11<30,"E")} -> B | M11: =Persona!AE12 -> Cleared | N11: =Wellness!AP12 -> Cleared | O11: =IF(M11="NC","NC",IF(N11="NC","NC","None")) -> None | P11: =HPS!BA11 -> 48.815556 | Q11: {=_xlfn.IFS('HPS grading'!P11>=90,"A+",'HPS grading'!P11>=80,"A",'HPS grading'!P11>=70,"B+",'HPS grading'!P11>=60,"B",'HPS grading'!P11>=50,"C+",'HPS grading'!P11>=40,"C",'HPS grading'!P11>=30,"D",'HPS grading'!P11<30,"E")} -> C | R11: =Persona!AR12 -> Cleared | S11: =Wellness!BJ12 -> Cleared | T11: =IF(R11="NC","NC",IF(S11="NC","NC","None")) -> None | U11: =HPS!BQ11 -> 59.963889 | V11: {=_xlfn.IFS('HPS grading'!U11>=90,"A+",'HPS grading'!U11>=80,"A",'HPS grading'!U11>=70,"B+",'HPS grading'!U11>=60,"B",'HPS grading'!U11>=50,"C+",'HPS grading'!U11>=40,"C",'HPS grading'!U11>=30,"D",'HPS grading'!U11<30,"E")} -> C+ | W11: =Persona!BE12 -> Cleared | X11: =Wellness!CD12 -> Cleared | Y11: =IF(W11="NC","NC",IF(X11="NC","NC","None")) -> None | Z11: =AVERAGE('HPS grading'!$F11,'HPS grading'!$K11,'HPS grading'!$P11,'HPS grading'!$U11) -> 56.750689 | AA11: {=_xlfn.IFS('HPS grading'!Z11>=90,"A+",'HPS grading'!Z11>=80,"A",'HPS grading'!Z11>=70,"B+",'HPS grading'!Z11>=60,"B",'HPS grading'!Z11>=50,"C+",'HPS grading'!Z11>=40,"C",'HPS grading'!Z11>=30,"D",'HPS grading'!Z11<30,"E")} -> C+
A12: 9 | B12: Female | C12: A | D12: 2024JULB00009 | E12: Aditi Kumari | F12: =HPS!$U12 -> 55.583333 | G12: {=_xlfn.IFS('HPS grading'!$F12>=90,"A+",'HPS grading'!$F12>=80,"A",'HPS grading'!$F12>=70,"B+",'HPS grading'!$F12>=60,"B",'HPS grading'!$F12>=50,"C+",'HPS grading'!$F12>=40,"C",'HPS grading'!$F12>=30,"D",'HPS grading'!$F12<30,"E")} -> C+ | H12: =Persona!R13 -> Cleared | I12: =Wellness!V13 -> Cleared | J12: =IF(H12="NC","NC",IF(I12="NC","NC","None")) -> None | K12: =HPS!AK12 -> 61.93881 | L12: {=_xlfn.IFS('HPS grading'!K12>=90,"A+",'HPS grading'!K12>=80,"A",'HPS grading'!K12>=70,"B+",'HPS grading'!K12>=60,"B",'HPS grading'!K12>=50,"C+",'HPS grading'!K12>=40,"C",'HPS grading'!K12>=30,"D",'HPS grading'!K12<30,"E")} -> B | M12: =Persona!AE13 -> Cleared | N12: =Wellness!AP13 -> Cleared | O12: =IF(M12="NC","NC",IF(N12="NC","NC","None")) -> None | P12: =HPS!BA12 -> 55.163333 | Q12: {=_xlfn.IFS('HPS grading'!P12>=90,"A+",'HPS grading'!P12>=80,"A",'HPS grading'!P12>=70,"B+",'HPS grading'!P12>=60,"B",'HPS grading'!P12>=50,"C+",'HPS grading'!P12>=40,"C",'HPS grading'!P12>=30,"D",'HPS grading'!P12<30,"E")} -> C+ | R12: =Persona!AR13 -> Cleared | S12: =Wellness!BJ13 -> Cleared | T12: =IF(R12="NC","NC",IF(S12="NC","NC","None")) -> None | U12: =HPS!BQ12 -> 62.644444 | V12: {=_xlfn.IFS('HPS grading'!U12>=90,"A+",'HPS grading'!U12>=80,"A",'HPS grading'!U12>=70,"B+",'HPS grading'!U12>=60,"B",'HPS grading'!U12>=50,"C+",'HPS grading'!U12>=40,"C",'HPS grading'!U12>=30,"D",'HPS grading'!U12<30,"E")} -> B | W12: =Persona!BE13 -> Cleared | X12: =Wellness!CD13 -> Cleared | Y12: =IF(W12="NC","NC",IF(X12="NC","NC","None")) -> None | Z12: =AVERAGE('HPS grading'!$F12,'HPS grading'!$K12,'HPS grading'!$P12,'HPS grading'!$U12) -> 58.83248 | AA12: {=_xlfn.IFS('HPS grading'!Z12>=90,"A+",'HPS grading'!Z12>=80,"A",'HPS grading'!Z12>=70,"B+",'HPS grading'!Z12>=60,"B",'HPS grading'!Z12>=50,"C+",'HPS grading'!Z12>=40,"C",'HPS grading'!Z12>=30,"D",'HPS grading'!Z12<30,"E")} -> C+
A13: 10 | B13: Male | C13: A | D13: 2024JULB00012 | E13: Akarsh Narain | F13: =HPS!$U13 -> 66.875 | G13: {=_xlfn.IFS('HPS grading'!$F13>=90,"A+",'HPS grading'!$F13>=80,"A",'HPS grading'!$F13>=70,"B+",'HPS grading'!$F13>=60,"B",'HPS grading'!$F13>=50,"C+",'HPS grading'!$F13>=40,"C",'HPS grading'!$F13>=30,"D",'HPS grading'!$F13<30,"E")} -> B | H13: =Persona!R14 -> Cleared | I13: =Wellness!V14 -> Cleared | J13: =IF(H13="NC","NC",IF(I13="NC","NC","None")) -> None | K13: =HPS!AK13 -> 54.611429 | L13: {=_xlfn.IFS('HPS grading'!K13>=90,"A+",'HPS grading'!K13>=80,"A",'HPS grading'!K13>=70,"B+",'HPS grading'!K13>=60,"B",'HPS grading'!K13>=50,"C+",'HPS grading'!K13>=40,"C",'HPS grading'!K13>=30,"D",'HPS grading'!K13<30,"E")} -> C+ | M13: =Persona!AE14 -> Cleared | N13: =Wellness!AP14 -> NC | O13: =IF(M13="NC","NC",IF(N13="NC","NC","None")) -> NC | P13: =HPS!BA13 -> 46.638889 | Q13: {=_xlfn.IFS('HPS grading'!P13>=90,"A+",'HPS grading'!P13>=80,"A",'HPS grading'!P13>=70,"B+",'HPS grading'!P13>=60,"B",'HPS grading'!P13>=50,"C+",'HPS grading'!P13>=40,"C",'HPS grading'!P13>=30,"D",'HPS grading'!P13<30,"E")} -> C | R13: =Persona!AR14 -> Cleared | S13: =Wellness!BJ14 -> Cleared | T13: =IF(R13="NC","NC",IF(S13="NC","NC","None")) -> None | U13: =HPS!BQ13 -> 60.651852 | V13: {=_xlfn.IFS('HPS grading'!U13>=90,"A+",'HPS grading'!U13>=80,"A",'HPS grading'!U13>=70,"B+",'HPS grading'!U13>=60,"B",'HPS grading'!U13>=50,"C+",'HPS grading'!U13>=40,"C",'HPS grading'!U13>=30,"D",'HPS grading'!U13<30,"E")} -> B | W13: =Persona!BE14 -> Cleared | X13: =Wellness!CD14 -> NC | Y13: =IF(W13="NC","NC",IF(X13="NC","NC","None")) -> NC | Z13: =AVERAGE('HPS grading'!$F13,'HPS grading'!$K13,'HPS grading'!$P13,'HPS grading'!$U13) -> 57.194292 | AA13: {=_xlfn.IFS('HPS grading'!Z13>=90,"A+",'HPS grading'!Z13>=80,"A",'HPS grading'!Z13>=70,"B+",'HPS grading'!Z13>=60,"B",'HPS grading'!Z13>=50,"C+",'HPS grading'!Z13>=40,"C",'HPS grading'!Z13>=30,"D",'HPS grading'!Z13<30,"E")} -> C+
A14: 11 | B14: Male | C14: B | D14: 2024JULB00013 | E14: Akshat Singh | F14: =HPS!$U14 -> 52.25 | G14: {=_xlfn.IFS('HPS grading'!$F14>=90,"A+",'HPS grading'!$F14>=80,"A",'HPS grading'!$F14>=70,"B+",'HPS grading'!$F14>=60,"B",'HPS grading'!$F14>=50,"C+",'HPS grading'!$F14>=40,"C",'HPS grading'!$F14>=30,"D",'HPS grading'!$F14<30,"E")} -> C+ | H14: =Persona!R15 -> Cleared | I14: =Wellness!V15 -> Cleared | J14: =IF(H14="NC","NC",IF(I14="NC","NC","None")) -> None | K14: =HPS!AK14 -> 57.246429 | L14: {=_xlfn.IFS('HPS grading'!K14>=90,"A+",'HPS grading'!K14>=80,"A",'HPS grading'!K14>=70,"B+",'HPS grading'!K14>=60,"B",'HPS grading'!K14>=50,"C+",'HPS grading'!K14>=40,"C",'HPS grading'!K14>=30,"D",'HPS grading'!K14<30,"E")} -> C+ | M14: =Persona!AE15 -> Cleared | N14: =Wellness!AP15 -> Cleared | O14: =IF(M14="NC","NC",IF(N14="NC","NC","None")) -> None | P14: =HPS!BA14 -> 48.927778 | Q14: {=_xlfn.IFS('HPS grading'!P14>=90,"A+",'HPS grading'!P14>=80,"A",'HPS grading'!P14>=70,"B+",'HPS grading'!P14>=60,"B",'HPS grading'!P14>=50,"C+",'HPS grading'!P14>=40,"C",'HPS grading'!P14>=30,"D",'HPS grading'!P14<30,"E")} -> C | R14: =Persona!AR15 -> Cleared | S14: =Wellness!BJ15 -> Cleared | T14: =IF(R14="NC","NC",IF(S14="NC","NC","None")) -> None | U14: =HPS!BQ14 -> 49.768148 | V14: {=_xlfn.IFS('HPS grading'!U14>=90,"A+",'HPS grading'!U14>=80,"A",'HPS grading'!U14>=70,"B+",'HPS grading'!U14>=60,"B",'HPS grading'!U14>=50,"C+",'HPS grading'!U14>=40,"C",'HPS grading'!U14>=30,"D",'HPS grading'!U14<30,"E")} -> C | W14: =Persona!BE15 -> Cleared | X14: =Wellness!CD15 -> Cleared | Y14: =IF(W14="NC","NC",IF(X14="NC","NC","None")) -> None | Z14: =AVERAGE('HPS grading'!$F14,'HPS grading'!$K14,'HPS grading'!$P14,'HPS grading'!$U14) -> 52.048089 | AA14: {=_xlfn.IFS('HPS grading'!Z14>=90,"A+",'HPS grading'!Z14>=80,"A",'HPS grading'!Z14>=70,"B+",'HPS grading'!Z14>=60,"B",'HPS grading'!Z14>=50,"C+",'HPS grading'!Z14>=40,"C",'HPS grading'!Z14>=30,"D",'HPS grading'!Z14<30,"E")} -> C+
A15: 12 | B15: Male | C15: B | D15: 2024JULB00014 | E15: Amal Shibu Balan | F15: =HPS!$U15 -> 58.861111 | G15: {=_xlfn.IFS('HPS grading'!$F15>=90,"A+",'HPS grading'!$F15>=80,"A",'HPS grading'!$F15>=70,"B+",'HPS grading'!$F15>=60,"B",'HPS grading'!$F15>=50,"C+",'HPS grading'!$F15>=40,"C",'HPS grading'!$F15>=30,"D",'HPS grading'!$F15<30,"E")} -> C+ | H15: =Persona!R16 -> Cleared | I15: =Wellness!V16 -> Cleared | J15: =IF(H15="NC","NC",IF(I15="NC","NC","None")) -> None | K15: =HPS!AK15 -> 38.377143 | L15: {=_xlfn.IFS('HPS grading'!K15>=90,"A+",'HPS grading'!K15>=80,"A",'HPS grading'!K15>=70,"B+",'HPS grading'!K15>=60,"B",'HPS grading'!K15>=50,"C+",'HPS grading'!K15>=40,"C",'HPS grading'!K15>=30,"D",'HPS grading'!K15<30,"E")} -> D | M15: =Persona!AE16 -> Cleared | N15: =Wellness!AP16 -> NC | O15: =IF(M15="NC","NC",IF(N15="NC","NC","None")) -> NC | P15: =HPS!BA15 -> 53.047778 | Q15: {=_xlfn.IFS('HPS grading'!P15>=90,"A+",'HPS grading'!P15>=80,"A",'HPS grading'!P15>=70,"B+",'HPS grading'!P15>=60,"B",'HPS grading'!P15>=50,"C+",'HPS grading'!P15>=40,"C",'HPS grading'!P15>=30,"D",'HPS grading'!P15<30,"E")} -> C+ | R15: =Persona!AR16 -> Cleared | S15: =Wellness!BJ16 -> Cleared | T15: =IF(R15="NC","NC",IF(S15="NC","NC","None")) -> None | U15: =HPS!BQ15 -> 55.635185 | V15: {=_xlfn.IFS('HPS grading'!U15>=90,"A+",'HPS grading'!U15>=80,"A",'HPS grading'!U15>=70,"B+",'HPS grading'!U15>=60,"B",'HPS grading'!U15>=50,"C+",'HPS grading'!U15>=40,"C",'HPS grading'!U15>=30,"D",'HPS grading'!U15<30,"E")} -> C+ | W15: =Persona!BE16 -> Cleared | X15: =Wellness!CD16 -> Cleared | Y15: =IF(W15="NC","NC",IF(X15="NC","NC","None")) -> None | Z15: =AVERAGE('HPS grading'!$F15,'HPS grading'!$K15,'HPS grading'!$P15,'HPS grading'!$U15) -> 51.480304 | AA15: {=_xlfn.IFS('HPS grading'!Z15>=90,"A+",'HPS grading'!Z15>=80,"A",'HPS grading'!Z15>=70,"B+",'HPS grading'!Z15>=60,"B",'HPS grading'!Z15>=50,"C+",'HPS grading'!Z15>=40,"C",'HPS grading'!Z15>=30,"D",'HPS grading'!Z15<30,"E")} -> C+
A16: 13 | B16: Male | C16: A | D16: 2024JULB00017 | E16: Anamitra Dutta | F16: =HPS!$U16 -> 51.277778 | G16: {=_xlfn.IFS('HPS grading'!$F16>=90,"A+",'HPS grading'!$F16>=80,"A",'HPS grading'!$F16>=70,"B+",'HPS grading'!$F16>=60,"B",'HPS grading'!$F16>=50,"C+",'HPS grading'!$F16>=40,"C",'HPS grading'!$F16>=30,"D",'HPS grading'!$F16<30,"E")} -> C+ | H16: =Persona!R17 -> Cleared | I16: =Wellness!V17 -> Cleared | J16: =IF(H16="NC","NC",IF(I16="NC","NC","None")) -> None | K16: =HPS!AK16 -> 48.200714 | L16: {=_xlfn.IFS('HPS grading'!K16>=90,"A+",'HPS grading'!K16>=80,"A",'HPS grading'!K16>=70,"B+",'HPS grading'!K16>=60,"B",'HPS grading'!K16>=50,"C+",'HPS grading'!K16>=40,"C",'HPS grading'!K16>=30,"D",'HPS grading'!K16<30,"E")} -> C | M16: =Persona!AE17 -> Cleared | N16: =Wellness!AP17 -> Cleared | O16: =IF(M16="NC","NC",IF(N16="NC","NC","None")) -> None | P16: =HPS!BA16 -> 48.068889 | Q16: {=_xlfn.IFS('HPS grading'!P16>=90,"A+",'HPS grading'!P16>=80,"A",'HPS grading'!P16>=70,"B+",'HPS grading'!P16>=60,"B",'HPS grading'!P16>=50,"C+",'HPS grading'!P16>=40,"C",'HPS grading'!P16>=30,"D",'HPS grading'!P16<30,"E")} -> C | R16: =Persona!AR17 -> Cleared | S16: =Wellness!BJ17 -> Cleared | T16: =IF(R16="NC","NC",IF(S16="NC","NC","None")) -> None | U16: =HPS!BQ16 -> 54.881481 | V16: {=_xlfn.IFS('HPS grading'!U16>=90,"A+",'HPS grading'!U16>=80,"A",'HPS grading'!U16>=70,"B+",'HPS grading'!U16>=60,"B",'HPS grading'!U16>=50,"C+",'HPS grading'!U16>=40,"C",'HPS grading'!U16>=30,"D",'HPS grading'!U16<30,"E")} -> C+ | W16: =Persona!BE17 -> Cleared | X16: =Wellness!CD17 -> Cleared | Y16: =IF(W16="NC","NC",IF(X16="NC","NC","None")) -> None | Z16: =AVERAGE('HPS grading'!$F16,'HPS grading'!$K16,'HPS grading'!$P16,'HPS grading'!$U16) -> 50.607216 | AA16: {=_xlfn.IFS('HPS grading'!Z16>=90,"A+",'HPS grading'!Z16>=80,"A",'HPS grading'!Z16>=70,"B+",'HPS grading'!Z16>=60,"B",'HPS grading'!Z16>=50,"C+",'HPS grading'!Z16>=40,"C",'HPS grading'!Z16>=30,"D",'HPS grading'!Z16<30,"E")} -> C+
... A231: 228 | B231: Male | C231: D | D231: 2024JULB00273 | E231: Harshit Gopawat | F231: =HPS!$U231 -> 8.5 | G231: {=_xlfn.IFS('HPS grading'!$F231>=90,"A+",'HPS grading'!$F231>=80,"A",'HPS grading'!$F231>=70,"B+",'HPS grading'!$F231>=60,"B",'HPS grading'!$F231>=50,"C+",'HPS grading'!$F231>=40,"C",'HPS grading'!$F231>=30,"D",'HPS grading'!$F231<30,"E")} -> E | H231: =Persona!R232 -> NC | I231: =Wellness!V232 -> NC | J231: =IF(H231="NC","NC",IF(I231="NC","NC","None")) -> NC | K231: =HPS!AK231 -> 3.6 | L231: {=_xlfn.IFS('HPS grading'!K231>=90,"A+",'HPS grading'!K231>=80,"A",'HPS grading'!K231>=70,"B+",'HPS grading'!K231>=60,"B",'HPS grading'!K231>=50,"C+",'HPS grading'!K231>=40,"C",'HPS grading'!K231>=30,"D",'HPS grading'!K231<30,"E")} -> E | M231: =Persona!AE232 -> NC | N231: =Wellness!AP232 -> NC | O231: =IF(M231="NC","NC",IF(N231="NC","NC","None")) -> NC | P231: =HPS!BA231 -> 19.28 | Q231: {=_xlfn.IFS('HPS grading'!P231>=90,"A+",'HPS grading'!P231>=80,"A",'HPS grading'!P231>=70,"B+",'HPS grading'!P231>=60,"B",'HPS grading'!P231>=50,"C+",'HPS grading'!P231>=40,"C",'HPS grading'!P231>=30,"D",'HPS grading'!P231<30,"E")} -> E | R231: =Persona!AR232 -> NC | S231: =Wellness!BJ232 -> NC | T231: =IF(R231="NC","NC",IF(S231="NC","NC","None")) -> NC | U231: =HPS!BQ231 -> 30.035185 | V231: {=_xlfn.IFS('HPS grading'!U231>=90,"A+",'HPS grading'!U231>=80,"A",'HPS grading'!U231>=70,"B+",'HPS grading'!U231>=60,"B",'HPS grading'!U231>=50,"C+",'HPS grading'!U231>=40,"C",'HPS grading'!U231>=30,"D",'HPS grading'!U231<30,"E")} -> D | W231: =Persona!BE232 -> NC | X231: =Wellness!CD232 -> NC | Y231: =IF(W231="NC","NC",IF(X231="NC","NC","None")) -> NC | Z231: =AVERAGE('HPS grading'!$F231,'HPS grading'!$K231,'HPS grading'!$P231,'HPS grading'!$U231) -> 15.353796 | AA231: {=_xlfn.IFS('HPS grading'!Z231>=90,"A+",'HPS grading'!Z231>=80,"A",'HPS grading'!Z231>=70,"B+",'HPS grading'!Z231>=60,"B",'HPS grading'!Z231>=50,"C+",'HPS grading'!Z231>=40,"C",'HPS grading'!Z231>=30,"D",'HPS grading'!Z231<30,"E")} -> E

Sheet HPS
B1: 3 | C1: 4 | D1: 1 | E1: 2 | F1: Level 0 | V1: Level 1 | AL1: Level 2 | BB1: Level 3
A2: Sr # | B2: Gender | C2: Section | D2: RN | E2: Student name | F2: Persona | K2: Wellness | O2: Behavior | R2: Discipline | U2: FINAL HPS | V2: Persona | AA2: Wellness | AE2: Behavior | AH2: Discipline | AK2: FINAL HPS | AL2: Persona | AQ2: Wellness | AU2: Behavior | AX2: Discipline | BA2: FINAL HPS | BB2: Persona | BG2: Wellness | BK2: Behavior | BN2: Discipline | BQ2: FINAL HPS
F3: Internal | G3: Capstone | H3: Total | I3: HPS | J3: Result | K3: Elgibility | L3: Fitnesss Test | M3: HPS | N3: Result | O3: Score | P3: HPS | Q3: Result | R3: score | S3: HPS | T3: Result | V3: Internal | W3: Capstone | X3: Total | Y3: HPS | Z3: Result | AA3: Elgibility | AB3: Fitnesss Test | AC3: HPS | AD3: Result | AE3: Score | AF3: HPS | AG3: Result | AH3: score | AI3: HPS | AJ3: Result | AL3: Internal | AM3: Capstone | AN3: Total | AO3: HPS | AP3: Result | AQ3: Elgibility | AR3: Fitnesss Test | AS3: HPS | AT3: Result | AU3: Score | AV3: HPS | AW3: Result | AX3: score | AY3: HPS | AZ3: Result | BB3: Internal | BC3: Capstone | BD3: Total | BE3: HPS | BF3: Result | BG3: Elgibility | BH3: Fitnesss Test | BI3: HPS | BJ3: Result | BK3: Score | BL3: HPS | BM3: Result | BN3: score | BO3: HPS | BP3: Result
A4: 1 | B4: Female | C4: A | D4: 2024JULB00001 | E4: A Divya Sree | F4: =Persona!O5 -> 0 | G4: =Persona!P5 -> 62.222222 | H4: =HPS!$G4+HPS!$F4 -> 62.222222 | I4: =HPS!$H4*0.5 -> 31.111111 | J4: =IF(HPS!$G4>=50,"Cleared","NC") -> Cleared | K4: =Wellness!K5 -> Cleared | L4: =Wellness!S5 -> 43.333333 | M4: =$L4*0.3 -> 13 | N4: =IF(M4>=9,"Cleared","NC") -> Cleared | O4: =Behavior!I5 -> 3 | P4: =HPS!$O4*2 -> 6 | Q4: =IF(HPS!$P4>=6,"Cleared","NC") -> Cleared | R4: =Discipline!N5 -> 56.25 | S4: =HPS!$R4*0.1 -> 5.625 | T4: =IF(HPS!$S4>=4,"Cleared","NC") -> Cleared | U4: =HPS!$I4+HPS!$M4+HPS!$P4+HPS!$S4 -> 55.736111 | V4: =Persona!AB5 -> 24.414286 | W4: =Persona!AC5 -> 55.2 | X4: =HPS!$V4+HPS!$W4 -> 79.614286 | Y4: =X4*0.5 -> 39.807143 | Z4: =IF(HPS!$X4>=40,"Cleared","NC") -> Cleared | AA4: =Wellness!AE5 -> NC | AB4: =Wellness!AM5 -> 0 | AC4: =AB4*0.3 -> 0 | AD4: =IF(AC4>=9,"Cleared","NC") -> NC | AE4: =Behavior!Q5 -> 4.3 | AF4: =Behavior!R5 -> 8.6 | AG4: =IF(HPS!$AF4>=6,"Cleared","NC") -> Cleared | AH4: =Discipline!AA5 -> 53.028571 | AI4: =AH4*0.1 -> 5.3028571 | AJ4: =IF(AI4>=4,"Cleared","NC") -> Cleared | AK4: =Y4+AC4+AF4+AI4 -> 53.71 | AL4: =Persona!AO5 -> 12 | AM4: =Persona!AP5 -> 56 | AN4: =AL4+AM4 -> 68 | AO4: =AN4*0.5 -> 34 | AP4: =IF(HPS!$AN4>=40,"Cleared","NC") -> Cleared | AQ4: =Wellness!AY5 -> Cleared | AR4: =Wellness!BG5 -> 33.333333 | AS4: =AR4*0.3 -> 10 | AT4: =IF(AS4>=9,"Cleared","NC") -> Cleared | AU4: =Behavior!AG5 -> 3.9 | AV4: =Behavior!AH5 -> 7.8 | AW4: =IF(AV4>=6,"Cleared","NC") -> Cleared | AX4: =Discipline!AN5 -> 37.277778 | AY4: =AX4*0.1 -> 3.7277778 | AZ4: =IF(AY4>=4,"Cleared","NC") -> NC | BA4: =AO4+AS4+AV4+AY4 -> 55.527778 | BB4: =Persona!BB5 -> 24.085185 | BC4: =Persona!BC5 -> 52 | BD4: =BB4+BC4 -> 76.085185 | BE4: =BD4*0.5 -> 38.042593 | BF4: =IF(BD4>=40,"Cleared","NC") -> Cleared | BG4: =Wellness!BS5 -> Cleared | BH4: =Wellness!CA5 -> 10 | BI4: =BH4*0.3 -> 3 | BJ4: =IF(BI4>=9,"Cleared","NC") -> NC | BK4: =Behavior!AG5 -> 3.9 | BL4: =Behavior!AH5 -> 7.8 | BM4: =IF(BL4>=6,"Cleared","NC") -> Cleared | BN4: =Discipline!BA5 -> 47.333333 | BO4: =BN4*0.1 -> 4.7333333 | BP4: =IF(BO4>=4,"Cleared","NC") -> Cleared | BQ4: =BE4+BI4+BL4+BO4 -> 53.575926
A5: 2 | B5: Male | C5: A | D5: 2024JULB00002 | E5: Aaditya K | F5: =Persona!O6 -> 0 | G5: =Persona!P6 -> 48.888889 | H5: =HPS!$G5+HPS!$F5 -> 48.888889 | I5: =HPS!$H5*0.5 -> 24.444444 | J5: =IF(HPS!$G5>=50,"Cleared","NC") -> NC | K5: =Wellness!K6 -> Cleared | L5: =Wellness!S6 -> 63.333333 | M5: =$L5*0.3 -> 19 | N5: =IF(M5>=9,"Cleared","NC") -> Cleared | O5: =Behavior!I6 -> 3 | P5: =HPS!$O5*2 -> 6 | Q5: =IF(HPS!$P5>=6,"Cleared","NC") -> Cleared | R5: =Discipline!N6 -> 77.5 | S5: =HPS!$R5*0.1 -> 7.75 | T5: =IF(HPS!$S5>=4,"Cleared","NC") -> Cleared | U5: =HPS!$I5+HPS!$M5+HPS!$P5+HPS!$S5 -> 57.194444 | V5: =Persona!AB6 -> 22.72381 | W5: =Persona!AC6 -> 48.8 | X5: =HPS!$V5+HPS!$W5 -> 71.52381 | Y5: =X5*0.5 -> 35.761905 | Z5: =IF(HPS!$X5>=40,"Cleared","NC") -> Cleared | AA5: =Wellness!AE6 -> Cleared | AB5: =Wellness!AM6 -> 53.333333 | AC5: =AB5*0.3 -> 16 | AD5: =IF(AC5>=9,"Cleared","NC") -> Cleared | AE5: =Behavior!Q6 -> 3.55 | AF5: =Behavior!R6 -> 7.1 | AG5: =IF(HPS!$AF5>=6,"Cleared","NC") -> Cleared | AH5: =Discipline!AA6 -> 64.571429 | AI5: =AH5*0.1 -> 6.4571429 | AJ5: =IF(AI5>=4,"Cleared","NC") -> Cleared | AK5: =Y5+AC5+AF5+AI5 -> 65.319048 | AL5: =Persona!AO6 -> 10.76 | AM5: =Persona!AP6 -> 33.333333 | AN5: =AL5+AM5 -> 44.093333 | AO5: =AN5*0.5 -> 22.046667 | AP5: =IF(HPS!$AN5>=40,"Cleared","NC") -> Cleared | AQ5: =Wellness!AY6 -> Cleared | AR5: =Wellness!BG6 -> 16.666667 | AS5: =AR5*0.3 -> 5 | AT5: =IF(AS5>=9,"Cleared","NC") -> NC | AU5: =Behavior!AG6 -> 2.8 | AV5: =Behavior!AH6 -> 5.6 | AW5: =IF(AV5>=6,"Cleared","NC") -> NC | AX5: =Discipline!AN6 -> 37.111111 | AY5: =AX5*0.1 -> 3.7111111 | AZ5: =IF(AY5>=4,"Cleared","NC") -> NC | BA5: =AO5+AS5+AV5+AY5 -> 36.357778 | BB5: =Persona!BB6 -> 22.918519 | BC5: =Persona!BC6 -> 40 | BD5: =BB5+BC5 -> 62.918519 | BE5: =BD5*0.5 -> 31.459259 | BF5: =IF(BD5>=40,"Cleared","NC") -> Cleared | BG5: =Wellness!BS6 -> Cleared | BH5: =Wellness!CA6 -> 53.333333 | BI5: =BH5*0.3 -> 16 | BJ5: =IF(BI5>=9,"Cleared","NC") -> Cleared | BK5: =Behavior!AG6 -> 2.8 | BL5: =Behavior!AH6 -> 5.6 | BM5: =IF(BL5>=6,"Cleared","NC") -> NC | BN5: =Discipline!BA6 -> 58 | BO5: =BN5*0.1 -> 5.8 | BP5: =IF(BO5>=4,"Cleared","NC") -> Cleared | BQ5: =BE5+BI5+BL5+BO5 -> 58.859259
A6: 3 | B6: Female | C6: A | D6: 2024JULB00003 | E6: Aanchal Sapra | F6: =Persona!O7 -> 0 | G6: =Persona!P7 -> 66.666667 | H6: =HPS!$G6+HPS!$F6 -> 66.666667 | I6: =HPS!$H6*0.5 -> 33.333333 | J6: =IF(HPS!$G6>=50,"Cleared","NC") -> Cleared | K6: =Wellness!K7 -> Cleared | L6: =Wellness!S7 -> 36.666667 | M6: =$L6*0.3 -> 11 | N6: =IF(M6>=9,"Cleared","NC") -> Cleared | O6: =Behavior!I7 -> 3 | P6: =HPS!$O6*2 -> 6 | Q6: =IF(HPS!$P6>=6,"Cleared","NC") -> Cleared | R6: =Discipline!N7 -> 38.75 | S6: =HPS!$R6*0.1 -> 3.875 | T6: =IF(HPS!$S6>=4,"Cleared","NC") -> NC | U6: =HPS!$I6+HPS!$M6+HPS!$P6+HPS!$S6 -> 54.208333 | V6: =Persona!AB7 -> 15.420238 | W6: =Persona!AC7 -> 48 | X6: =HPS!$V6+HPS!$W6 -> 63.420238 | Y6: =X6*0.5 -> 31.710119 | Z6: =IF(HPS!$X6>=40,"Cleared","NC") -> Cleared | AA6: =Wellness!AE7 -> NC | AB6: =Wellness!AM7 -> 13.333333 | AC6: =AB6*0.3 -> 4 | AD6: =IF(AC6>=9,"Cleared","NC") -> NC | AE6: =Behavior!Q7 -> 2.7 | AF6: =Behavior!R7 -> 5.4 | AG6: =IF(HPS!$AF6>=6,"Cleared","NC") -> NC | AH6: =Discipline!AA7 -> 33.257143 | AI6: =AH6*0.1 -> 3.3257143 | AJ6: =IF(AI6>=4,"Cleared","NC") -> NC | AK6: =Y6+AC6+AF6+AI6 -> 44.435833 | AL6: =Persona!AO7 -> 8.8133333 | AM6: =Persona!AP7 -> 40 | AN6: =AL6+AM6 -> 48.813333 | AO6: =AN6*0.5 -> 24.406667 | AP6: =IF(HPS!$AN6>=40,"Cleared","NC") -> Cleared | AQ6: =Wellness!AY7 -> NC | AR6: =Wellness!BG7 -> 16.666667 | AS6: =AR6*0.3 -> 5 | AT6: =IF(AS6>=9,"Cleared","NC") -> NC | AU6: =Behavior!AG7 -> 2 | AV6: =Behavior!AH7 -> 4 | AW6: =IF(AV6>=6,"Cleared","NC") -> NC | AX6: =Discipline!AN7 -> 17.111111 | AY6: =AX6*0.1 -> 1.7111111 | AZ6: =IF(AY6>=4,"Cleared","NC") -> NC | BA6: =AO6+AS6+AV6+AY6 -> 35.117778 | BB6: =Persona!BB7 -> 22.751852 | BC6: =Persona!BC7 -> 32 | BD6: =BB6+BC6 -> 54.751852 | BE6: =BD6*0.5 -> 27.375926 | BF6: =IF(BD6>=40,"Cleared","NC") -> Cleared | BG6: =Wellness!BS7 -> NC | BH6: =Wellness!CA7 -> 10 | BI6: =BH6*0.3 -> 3 | BJ6: =IF(BI6>=9,"Cleared","NC") -> NC | BK6: =Behavior!AG7 -> 2 | BL6: =Behavior!AH7 -> 4 | BM6: =IF(BL6>=6,"Cleared","NC") -> NC | BN6: =Discipline!BA7 -> 43.666667 | BO6: =BN6*0.1 -> 4.3666667 | BP6: =IF(BO6>=4,"Cleared","NC") -> Cleared | BQ6: =BE6+BI6+BL6+BO6 -> 38.742593
A7: 4 | B7: Male | C7: A | D7: 2024JULB00004 | E7: Abhinav B | F7: =Persona!O8 -> 0 | G7: =Persona!P8 -> 66.666667 | H7: =HPS!$G7+HPS!$F7 -> 66.666667 | I7: =HPS!$H7*0.5 -> 33.333333 | J7: =IF(HPS!$G7>=50,"Cleared","NC") -> Cleared | K7: =Wellness!K8 -> Cleared | L7: =Wellness!S8 -> 63.333333 | M7: =$L7*0.3 -> 19 | N7: =IF(M7>=9,"Cleared","NC") -> Cleared | O7: =Behavior!I8 -> 3 | P7: =HPS!$O7*2 -> 6 | Q7: =IF(HPS!$P7>=6,"Cleared","NC") -> Cleared | R7: =Discipline!N8 -> 57.5 | S7: =HPS!$R7*0.1 -> 5.75 | T7: =IF(HPS!$S7>=4,"Cleared","NC") -> Cleared | U7: =HPS!$I7+HPS!$M7+HPS!$P7+HPS!$S7 -> 64.083333 | V7: =Persona!AB8 -> 13.383333 | W7: =Persona!AC8 -> 52 | X7: =HPS!$V7+HPS!$W7 -> 65.383333 | Y7: =X7*0.5 -> 32.691667 | Z7: =IF(HPS!$X7>=40,"Cleared","NC") -> Cleared | AA7: =Wellness!AE8 -> Cleared | AB7: =Wellness!AM8 -> 16.666667 | AC7: =AB7*0.3 -> 5 | AD7: =IF(AC7>=9,"Cleared","NC") -> NC | AE7: =Behavior!Q8 -> 2.55 | AF7: =Behavior!R8 -> 5.1 | AG7: =IF(HPS!$AF7>=6,"Cleared","NC") -> NC | AH7: =Discipline!AA8 -> 38.628571 | AI7: =AH7*0.1 -> 3.8628571 | AJ7: =IF(AI7>=4,"Cleared","NC") -> NC | AK7: =Y7+AC7+AF7+AI7 -> 46.654524 | AL7: =Persona!AO8 -> 10.92 | AM7: =Persona!AP8 -> 25.333333 | AN7: =AL7+AM7 -> 36.253333 | AO7: =AN7*0.5 -> 18.126667 | AP7: =IF(HPS!$AN7>=40,"Cleared","NC") -> NC | AQ7: =Wellness!AY8 -> NC | AR7: =Wellness!BG8 -> 63.333333 | AS7: =AR7*0.3 -> 19 | AT7: =IF(AS7>=9,"Cleared","NC") -> Cleared | AU7: =Behavior!AG8 -> 3.2 | AV7: =Behavior!AH8 -> 6.4 | AW7: =IF(AV7>=6,"Cleared","NC") -> Cleared | AX7: =Discipline!AN8 -> 29.111111 | AY7: =AX7*0.1 -> 2.9111111 | AZ7: =IF(AY7>=4,"Cleared","NC") -> NC | BA7: =AO7+AS7+AV7+AY7 -> 46.437778 | BB7: =Persona!BB8 -> 25.859259 | BC7: =Persona!BC8 -> 32.666667 | BD7: =BB7+BC7 -> 58.525926 | BE7: =BD7*0.5 -> 29.262963 | BF7: =IF(BD7>=40,"Cleared","NC") -> Cleared | BG7: =Wellness!BS8 -> NC | BH7: =Wellness!CA8 -> 50 | BI7: =BH7*0.3 -> 15 | BJ7: =IF(BI7>=9,"Cleared","NC") -> Cleared | BK7: =Behavior!AG8 -> 3.2 | BL7: =Behavior!AH8 -> 6.4 | BM7: =IF(BL7>=6,"Cleared","NC") -> Cleared | BN7: =Discipline!BA8 -> 50.666667 | BO7: =BN7*0.1 -> 5.0666667 | BP7: =IF(BO7>=4,"Cleared","NC") -> Cleared | BQ7: =BE7+BI7+BL7+BO7 -> 55.72963
A8: 5 | B8: Male | C8: D | D8: 2024JULB00005 | E8: Abhirup Choudhury | F8: =Persona!O9 -> 0 | G8: =Persona!P9 -> 0 | H8: =HPS!$G8+HPS!$F8 -> 0 | I8: =HPS!$H8*0.5 -> 0 | J8: =IF(HPS!$G8>=50,"Cleared","NC") -> NC | K8: =Wellness!K9 -> NC | L8: =Wellness!S9 -> 0 | M8: =$L8*0.3 -> 0 | N8: =IF(M8>=9,"Cleared","NC") -> NC | O8: =Behavior!I9 -> 3 | P8: =HPS!$O8*2 -> 6 | Q8: =IF(HPS!$P8>=6,"Cleared","NC") -> Cleared | R8: =Discipline!N9 -> 15 | S8: =HPS!$R8*0.1 -> 1.5 | T8: =IF(HPS!$S8>=4,"Cleared","NC") -> NC | U8: =HPS!$I8+HPS!$M8+HPS!$P8+HPS!$S8 -> 7.5 | V8: =Persona!AB9 -> 0 | W8: =Persona!AC9 -> 0 | X8: =HPS!$V8+HPS!$W8 -> 0 | Y8: =X8*0.5 -> 0 | Z8: =IF(HPS!$X8>=40,"Cleared","NC") -> NC | AA8: =Wellness!AE9 -> NC | AB8: =Wellness!AM9 -> 0 | AC8: =AB8*0.3 -> 0 | AD8: =IF(AC8>=9,"Cleared","NC") -> NC | AE8: =Behavior!Q9 -> 1.6 | AF8: =Behavior!R9 -> 3.2 | AG8: =IF(HPS!$AF8>=6,"Cleared","NC") -> NC | AH8: =Discipline!AA9 -> 0 | AI8: =AH8*0.1 -> 0 | AJ8: =IF(AI8>=4,"Cleared","NC") -> NC | AK8: =Y8+AC8+AF8+AI8 -> 3.2 | AL8: =Persona!AO9 -> 20.986667 | AM8: =Persona!AP9 -> 30 | AN8: =AL8+AM8 -> 50.986667 | AO8: =AN8*0.5 -> 25.493333 | AP8: =IF(HPS!$AN8>=40,"Cleared","NC") -> Cleared | AQ8: =Wellness!AY9 -> NC | AR8: =Wellness!BG9 -> 0 | AS8: =AR8*0.3 -> 0 | AT8: =IF(AS8>=9,"Cleared","NC") -> NC | AU8: =Behavior!AG9 -> 0 | AV8: =Behavior!AH9 -> 0 | AW8: =IF(AV8>=6,"Cleared","NC") -> NC | AX8: =Discipline!AN9 -> 35.111111 | AY8: =AX8*0.1 -> 3.5111111 | AZ8: =IF(AY8>=4,"Cleared","NC") -> NC | BA8: =AO8+AS8+AV8+AY8 -> 29.004444 | BB8: =Persona!BB9 -> 8.8888889 | BC8: =Persona!BC9 -> 0 | BD8: =BB8+BC8 -> 8.8888889 | BE8: =BD8*0.5 -> 4.4444444 | BF8: =IF(BD8>=40,"Cleared","NC") -> NC | BG8: =Wellness!BS9 -> NC | BH8: =Wellness!CA9 -> 0 | BI8: =BH8*0.3 -> 0 | BJ8: =IF(BI8>=9,"Cleared","NC") -> NC | BK8: =Behavior!AG9 -> 0 | BL8: =Behavior!AH9 -> 0 | BM8: =IF(BL8>=6,"Cleared","NC") -> NC | BN8: =Discipline!BA9 -> 16 | BO8: =BN8*0.1 -> 1.6 | BP8: =IF(BO8>=4,"Cleared","NC") -> NC | BQ8: =BE8+BI8+BL8+BO8 -> 6.0444444
A9: 6 | B9: Male | C9: A | D9: 2024JULB00006 | E9: Abhyuday Tripathi | F9: =Persona!O10 -> 0 | G9: =Persona!P10 -> 73.333333 | H9: =HPS!$G9+HPS!$F9 -> 73.333333 | I9: =HPS!$H9*0.5 -> 36.666667 | J9: =IF(HPS!$G9>=50,"Cleared","NC") -> Cleared | K9: =Wellness!K10 -> Cleared | L9: =Wellness!S10 -> 53.333333 | M9: =$L9*0.3 -> 16 | N9: =IF(M9>=9,"Cleared","NC") -> Cleared | O9: =Behavior!I10 -> 3 | P9: =HPS!$O9*2 -> 6 | Q9: =IF(HPS!$P9>=6,"Cleared","NC") -> Cleared | R9: =Discipline!N10 -> 76.25 | S9: =HPS!$R9*0.1 -> 7.625 | T9: =IF(HPS!$S9>=4,"Cleared","NC") -> Cleared | U9: =HPS!$I9+HPS!$M9+HPS!$P9+HPS!$S9 -> 66.291667 | V9: =Persona!AB10 -> 16.871429 | W9: =Persona!AC10 -> 56.8 | X9: =HPS!$V9+HPS!$W9 -> 73.671429 | Y9: =X9*0.5 -> 36.835714 | Z9: =IF(HPS!$X9>=40,"Cleared","NC") -> Cleared | AA9: =Wellness!AE10 -> Cleared | AB9: =Wellness!AM10 -> 33.333333 | AC9: =AB9*0.3 -> 10 | AD9: =IF(AC9>=9,"Cleared","NC") -> Cleared | AE9: =Behavior!Q10 -> 3.2 | AF9: =Behavior!R10 -> 6.4 | AG9: =IF(HPS!$AF9>=6,"Cleared","NC") -> Cleared | AH9: =Discipline!AA10 -> 50.4 | AI9: =AH9*0.1 -> 5.04 | AJ9: =IF(AI9>=4,"Cleared","NC") -> Cleared | AK9: =Y9+AC9+AF9+AI9 -> 58.275714 | AL9: =Persona!AO10 -> 10.826667 | AM9: =Persona!AP10 -> 54 | AN9: =AL9+AM9 -> 64.826667 | AO9: =AN9*0.5 -> 32.413333 | AP9: =IF(HPS!$AN9>=40,"Cleared","NC") -> Cleared | AQ9: =Wellness!AY10 -> Cleared | AR9: =Wellness!BG10 -> 20 | AS9: =AR9*0.3 -> 6 | AT9: =IF(AS9>=9,"Cleared","NC") -> NC | AU9: =Behavior!AG10 -> 3.8 | AV9: =Behavior!AH10 -> 7.6 | AW9: =IF(AV9>=6,"Cleared","NC") -> Cleared | AX9: =Discipline!AN10 -> 39.333333 | AY9: =AX9*0.1 -> 3.9333333 | AZ9: =IF(AY9>=4,"Cleared","NC") -> NC | BA9: =AO9+AS9+AV9+AY9 -> 49.946667 | BB9: =Persona!BB10 -> 22.998148 | BC9: =Persona!BC10 -> 49.666667 | BD9: =BB9+BC9 -> 72.664815 | BE9: =BD9*0.5 -> 36.332407 | BF9: =IF(BD9>=40,"Cleared","NC") -> Cleared | BG9: =Wellness!BS10 -> Cleared | BH9: =Wellness!CA10 -> 56.666667 | BI9: =BH9*0.3 -> 17 | BJ9: =IF(BI9>=9,"Cleared","NC") -> Cleared | BK9: =Behavior!AG10 -> 3.8 | BL9: =Behavior!AH10 -> 7.6 | BM9: =IF(BL9>=6,"Cleared","NC") -> Cleared | BN9: =Discipline!BA10 -> 59.333333 | BO9: =BN9*0.1 -> 5.9333333 | BP9: =IF(BO9>=4,"Cleared","NC") -> Cleared | BQ9: =BE9+BI9+BL9+BO9 -> 66.865741
A10: 7 | B10: Male | C10: A | D10: 2024JULB00007 | E10: Adarsh G | F10: =Persona!O11 -> 0 | G10: =Persona!P11 -> 63.333333 | H10: =HPS!$G10+HPS!$F10 -> 63.333333 | I10: =HPS!$H10*0.5 -> 31.666667 | J10: =IF(HPS!$G10>=50,"Cleared","NC") -> Cleared | K10: =Wellness!K11 -> Cleared | L10: =Wellness!S11 -> 50 | M10: =$L10*0.3 -> 15 | N10: =IF(M10>=9,"Cleared","NC") -> Cleared | O10: =Behavior!I11 -> 3 | P10: =HPS!$O10*2 -> 6 | Q10: =IF(HPS!$P10>=6,"Cleared","NC") -> Cleared | R10: =Discipline!N11 -> 68.75 | S10: =HPS!$R10*0.1 -> 6.875 | T10: =IF(HPS!$S10>=4,"Cleared","NC") -> Cleared | U10: =HPS!$I10+HPS!$M10+HPS!$P10+HPS!$S10 -> 59.541667 | V10: =Persona!AB11 -> 23.260714 | W10: =Persona!AC11 -> 57.6 | X10: =HPS!$V10+HPS!$W10 -> 80.860714 | Y10: =X10*0.5 -> 40.430357 | Z10: =IF(HPS!$X10>=40,"Cleared","NC") -> Cleared | AA10: =Wellness!AE11 -> NC | AB10: =Wellness!AM11 -> 50 | AC10: =AB10*0.3 -> 15 | AD10: =IF(AC10>=9,"Cleared","NC") -> Cleared | AE10: =Behavior!Q11 -> 3.35 | AF10: =Behavior!R11 -> 6.7 | AG10: =IF(HPS!$AF10>=6,"Cleared","NC") -> Cleared | AH10: =Discipline!AA11 -> 52.457143 | AI10: =AH10*0.1 -> 5.2457143 | AJ10: =IF(AI10>=4,"Cleared","NC") -> Cleared | AK10: =Y10+AC10+AF10+AI10 -> 67.376071 | AL10: =Persona!AO11 -> 10.133333 | AM10: =Persona!AP11 -> 46.666667 | AN10: =AL10+AM10 -> 56.8 | AO10: =AN10*0.5 -> 28.4 | AP10: =IF(HPS!$AN10>=40,"Cleared","NC") -> Cleared | AQ10: =Wellness!AY11 -> NC | AR10: =Wellness!BG11 -> 23.333333 | AS10: =AR10*0.3 -> 7 | AT10: =IF(AS10>=9,"Cleared","NC") -> NC | AU10: =Behavior!AG11 -> 3 | AV10: =Behavior!AH11 -> 6 | AW10: =IF(AV10>=6,"Cleared","NC") -> Cleared | AX10: =Discipline!AN11 -> 20.333333 | AY10: =AX10*0.1 -> 2.0333333 | AZ10: =IF(AY10>=4,"Cleared","NC") -> NC | BA10: =AO10+AS10+AV10+AY10 -> 43.433333 | BB10: =Persona!BB11 -> 21.975926 | BC10: =Persona!BC11 -> 36 | BD10: =BB10+BC10 -> 57.975926 | BE10: =BD10*0.5 -> 28.987963 | BF10: =IF(BD10>=40,"Cleared","NC") -> Cleared | BG10: =Wellness!BS11 -> NC | BH10: =Wellness!CA11 -> 33.333333 | BI10: =BH10*0.3 -> 10 | BJ10: =IF(BI10>=9,"Cleared","NC") -> Cleared | BK10: =Behavior!AG11 -> 3 | BL10: =Behavior!AH11 -> 6 | BM10: =IF(BL10>=6,"Cleared","NC") -> Cleared | BN10: =Discipline!BA11 -> 52.5 | BO10: =BN10*0.1 -> 5.25 | BP10: =IF(BO10>=4,"Cleared","NC") -> Cleared | BQ10: =BE10+BI10+BL10+BO10 -> 50.237963
A11: 8 | B11: Male | C11: C | D11: 2024JULB00008 | E11: Adarsh Raj Barman | F11: =Persona!O12 -> 0 | G11: =Persona!P12 -> 62.222222 | H11: =HPS!$G11+HPS!$F11 -> 62.222222 | I11: =HPS!$H11*0.5 -> 31.111111 | J11: =IF(HPS!$G11>=50,"Cleared","NC") -> Cleared | K11: =Wellness!K12 -> Cleared | L11: =Wellness!S12 -> 46.666667 | M11: =$L11*0.3 -> 14 | N11: =IF(M11>=9,"Cleared","NC") -> Cleared | O11: =Behavior!I12 -> 3 | P11: =HPS!$O11*2 -> 6 | Q11: =IF(HPS!$P11>=6,"Cleared","NC") -> Cleared | R11: =Discipline!N12 -> 62.098214 | S11: =HPS!$R11*0.1 -> 6.2098214 | T11: =IF(HPS!$S11>=4,"Cleared","NC") -> Cleared | U11: =HPS!$I11+HPS!$M11+HPS!$P11+HPS!$S11 -> 57.320933 | V11: =Persona!AB12 -> 21.633333 | W11: =Persona!AC12 -> 49.6 | X11: =HPS!$V11+HPS!$W11 -> 71.233333 | Y11: =X11*0.5 -> 35.616667 | Z11: =IF(HPS!$X11>=40,"Cleared","NC") -> Cleared | AA11: =Wellness!AE12 -> Cleared | AB11: =Wellness!AM12 -> 36.666667 | AC11: =AB11*0.3 -> 11 | AD11: =IF(AC11>=9,"Cleared","NC") -> Cleared | AE11: =Behavior!Q12 -> 4.2 | AF11: =Behavior!R12 -> 8.4 | AG11: =IF(HPS!$AF11>=6,"Cleared","NC") -> Cleared | AH11: =Discipline!AA12 -> 58.857143 | AI11: =AH11*0.1 -> 5.8857143 | AJ11: =IF(AI11>=4,"Cleared","NC") -> Cleared | AK11: =Y11+AC11+AF11+AI11 -> 60.902381 | AL11: =Persona!AO12 -> 20.986667 | AM11: =Persona!AP12 -> 33.333333 | AN11: =AL11+AM11 -> 54.32 | AO11: =AN11*0.5 -> 27.16 | AP11: =IF(HPS!$AN11>=40,"Cleared","NC") -> Cleared | AQ11: =Wellness!AY12 -> Cleared | AR11: =Wellness!BG12 -> 33.333333 | AS11: =AR11*0.3 -> 10 | AT11: =IF(AS11>=9,"Cleared","NC") -> Cleared | AU11: =Behavior!AG12 -> 3 | AV11: =Behavior!AH12 -> 6 | AW11: =IF(AV11>=6,"Cleared","NC") -> Cleared | AX11: =Discipline!AN12 -> 56.555556 | AY11: =AX11*0.1 -> 5.6555556 | AZ11: =IF(AY11>=4,"Cleared","NC") -> Cleared | BA11: =AO11+AS11+AV11+AY11 -> 48.815556 | BB11: =Persona!BB12 -> 26.127778 | BC11: =Persona!BC12 -> 48.5 | BD11: =BB11+BC11 -> 74.627778 | BE11: =BD11*0.5 -> 37.313889 | BF11: =IF(BD11>=40,"Cleared","NC") -> Cleared | BG11: =Wellness!BS12 -> Cleared | BH11: =Wellness!CA12 -> 36.666667 | BI11: =BH11*0.3 -> 11 | BJ11: =IF(BI11>=9,"Cleared","NC") -> Cleared | BK11: =Behavior!AG12 -> 3 | BL11: =Behavior!AH12 -> 6 | BM11: =IF(BL11>=6,"Cleared","NC") -> Cleared | BN11: =Discipline!BA12 -> 56.5 | BO11: =BN11*0.1 -> 5.65 | BP11: =IF(BO11>=4,"Cleared","NC") -> Cleared | BQ11: =BE11+BI11+BL11+BO11 -> 59.963889
A12: 9 | B12: Female | C12: A | D12: 2024JULB00009 | E12: Aditi Kumari | F12: =Persona!O13 -> 0 | G12: =Persona!P13 -> 56.666667 | H12: =HPS!$G12+HPS!$F12 -> 56.666667 | I12: =HPS!$H12*0.5 -> 28.333333 | J12: =IF(HPS!$G12>=50,"Cleared","NC") -> Cleared | K12: =Wellness!K13 -> Cleared | L12: =Wellness!S13 -> 46.666667 | M12: =$L12*0.3 -> 14 | N12: =IF(M12>=9,"Cleared","NC") -> Cleared | O12: =Behavior!I13 -> 3 | P12: =HPS!$O12*2 -> 6 | Q12: =IF(HPS!$P12>=6,"Cleared","NC") -> Cleared | R12: =Discipline!N13 -> 72.5 | S12: =HPS!$R12*0.1 -> 7.25 | T12: =IF(HPS!$S12>=4,"Cleared","NC") -> Cleared | U12: =HPS!$I12+HPS!$M12+HPS!$P12+HPS!$S12 -> 55.583333 | V12: =Persona!AB13 -> 18.940476 | W12: =Persona!AC13 -> 49.6 | X12: =HPS!$V12+HPS!$W12 -> 68.540476 | Y12: =X12*0.5 -> 34.270238 | Z12: =IF(HPS!$X12>=40,"Cleared","NC") -> Cleared | AA12: =Wellness!AE13 -> Cleared | AB12: =Wellness!AM13 -> 50 | AC12: =AB12*0.3 -> 15 | AD12: =IF(AC12>=9,"Cleared","NC") -> Cleared | AE12: =Behavior!Q13 -> 3.1 | AF12: =Behavior!R13 -> 6.2 | AG12: =IF(HPS!$AF12>=6,"Cleared","NC") -> Cleared | AH12: =Discipline!AA13 -> 64.685714 | AI12: =AH12*0.1 -> 6.4685714 | AJ12: =IF(AI12>=4,"Cleared","NC") -> Cleared | AK12: =Y12+AC12+AF12+AI12 -> 61.93881 | AL12: =Persona!AO13 -> 14.693333 | AM12: =Persona!AP13 -> 42.666667 | AN12: =AL12+AM12 -> 57.36 | AO12: =AN12*0.5 -> 28.68 | AP12: =IF(HPS!$AN12>=40,"Cleared","NC") -> Cleared | AQ12: =Wellness!AY13 -> Cleared | AR12: =Wellness!BG13 -> 46.666667 | AS12: =AR12*0.3 -> 14 | AT12: =IF(AS12>=9,"Cleared","NC") -> Cleared | AU12: =Behavior!AG13 -> 3.4 | AV12: =Behavior!AH13 -> 6.8 | AW12: =IF(AV12>=6,"Cleared","NC") -> Cleared | AX12: =Discipline!AN13 -> 56.833333 | AY12: =AX12*0.1 -> 5.6833333 | AZ12: =IF(AY12>=4,"Cleared","NC") -> Cleared | BA12: =AO12+AS12+AV12+AY12 -> 55.163333 | BB12: =Persona!BB13 -> 27.322222 | BC12: =Persona!BC13 -> 42 | BD12: =BB12+BC12 -> 69.322222 | BE12: =BD12*0.5 -> 34.661111 | BF12: =IF(BD12>=40,"Cleared","NC") -> Cleared | BG12: =Wellness!BS13 -> Cleared | BH12: =Wellness!CA13 -> 50 | BI12: =BH12*0.3 -> 15 | BJ12: =IF(BI12>=9,"Cleared","NC") -> Cleared | BK12: =Behavior!AG13 -> 3.4 | BL12: =Behavior!AH13 -> 6.8 | BM12: =IF(BL12>=6,"Cleared","NC") -> Cleared | BN12: =Discipline!BA13 -> 61.833333 | BO12: =BN12*0.1 -> 6.1833333 | BP12: =IF(BO12>=4,"Cleared","NC") -> Cleared | BQ12: =BE12+BI12+BL12+BO12 -> 62.644444
A13: 10 | B13: Male | C13: A | D13: 2024JULB00012 | E13: Akarsh Narain | F13: =Persona!O14 -> 0 | G13: =Persona!P14 -> 80 | H13: =HPS!$G13+HPS!$F13 -> 80 | I13: =HPS!$H13*0.5 -> 40 | J13: =IF(HPS!$G13>=50,"Cleared","NC") -> Cleared | K13: =Wellness!K14 -> Cleared | L13: =Wellness!S14 -> 46.666667 | M13: =$L13*0.3 -> 14 | N13: =IF(M13>=9,"Cleared","NC") -> Cleared | O13: =Behavior!I14 -> 3 | P13: =HPS!$O13*2 -> 6 | Q13: =IF(HPS!$P13>=6,"Cleared","NC") -> Cleared | R13: =Discipline!N14 -> 68.75 | S13: =HPS!$R13*0.1 -> 6.875 | T13: =IF(HPS!$S13>=4,"Cleared","NC") -> Cleared | U13: =HPS!$I13+HPS!$M13+HPS!$P13+HPS!$S13 -> 66.875 | V13: =Persona!AB14 -> 24.6 | W13: =Persona!AC14 -> 52.8 | X13: =HPS!$V13+HPS!$W13 -> 77.4 | Y13: =X13*0.5 -> 38.7 | Z13: =IF(HPS!$X13>=40,"Cleared","NC") -> Cleared | AA13: =Wellness!AE14 -> Cleared | AB13: =Wellness!AM14 -> 13.333333 | AC13: =AB13*0.3 -> 4 | AD13: =IF(AC13>=9,"Cleared","NC") -> NC | AE13: =Behavior!Q14 -> 3.55 | AF13: =Behavior!R14 -> 7.1 | AG13: =IF(HPS!$AF13>=6,"Cleared","NC") -> Cleared | AH13: =Discipline!AA14 -> 48.114286 | AI13: =AH13*0.1 -> 4.8114286 | AJ13: =IF(AI13>=4,"Cleared","NC") -> Cleared | AK13: =Y13+AC13+AF13+AI13 -> 54.611429 | AL13: =Persona!AO14 -> 8.2 | AM13: =Persona!AP14 -> 44.666667 | AN13: =AL13+AM13 -> 52.866667 | AO13: =AN13*0.5 -> 26.433333 | AP13: =IF(HPS!$AN13>=40,"Cleared","NC") -> Cleared | AQ13: =Wellness!AY14 -> Cleared | AR13: =Wellness!BG14 -> 30 | AS13: =AR13*0.3 -> 9 | AT13: =IF(AS13>=9,"Cleared","NC") -> Cleared | AU13: =Behavior!AG14 -> 4.1 | AV13: =Behavior!AH14 -> 8.2 | AW13: =IF(AV13>=6,"Cleared","NC") -> Cleared | AX13: =Discipline!AN14 -> 30.055556 | AY13: =AX13*0.1 -> 3.0055556 | AZ13: =IF(AY13>=4,"Cleared","NC") -> NC | BA13: =AO13+AS13+AV13+AY13 -> 46.638889 | BB13: =Persona!BB14 -> 27.77037 | BC13: =Persona!BC14 -> 55.333333 | BD13: =BB13+BC13 -> 83.103704 | BE13: =BD13*0.5 -> 41.551852 | BF13: =IF(BD13>=40,"Cleared","NC") -> Cleared | BG13: =Wellness!BS14 -> Cleared | BH13: =Wellness!CA14 -> 16.666667 | BI13: =BH13*0.3 -> 5 | BJ13: =IF(BI13>=9,"Cleared","NC") -> NC | BK13: =Behavior!AG14 -> 4.1 | BL13: =Behavior!AH14 -> 8.2 | BM13: =IF(BL13>=6,"Cleared","NC") -> Cleared | BN13: =Discipline!BA14 -> 59 | BO13: =BN13*0.1 -> 5.9 | BP13: =IF(BO13>=4,"Cleared","NC") -> Cleared | BQ13: =BE13+BI13+BL13+BO13 -> 60.651852
A14: 11 | B14: Male | C14: B | D14: 2024JULB00013 | E14: Akshat Singh | F14: =Persona!O15 -> 0 | G14: =Persona!P15 -> 55 | H14: =HPS!$G14+HPS!$F14 -> 55 | I14: =HPS!$H14*0.5 -> 27.5 | J14: =IF(HPS!$G14>=50,"Cleared","NC") -> Cleared | K14: =Wellness!K15 -> Cleared | L14: =Wellness!S15 -> 43.333333 | M14: =$L14*0.3 -> 13 | N14: =IF(M14>=9,"Cleared","NC") -> Cleared | O14: =Behavior!I15 -> 3 | P14: =HPS!$O14*2 -> 6 | Q14: =IF(HPS!$P14>=6,"Cleared","NC") -> Cleared | R14: =Discipline!N15 -> 57.5 | S14: =HPS!$R14*0.1 -> 5.75 | T14: =IF(HPS!$S14>=4,"Cleared","NC") -> Cleared | U14: =HPS!$I14+HPS!$M14+HPS!$P14+HPS!$S14 -> 52.25 | V14: =Persona!AB15 -> 17.597619 | W14: =Persona!AC15 -> 48.8 | X14: =HPS!$V14+HPS!$W14 -> 66.397619 | Y14: =X14*0.5 -> 33.19881 | Z14: =IF(HPS!$X14>=40,"Cleared","NC") -> Cleared | AA14: =Wellness!AE15 -> Cleared | AB14: =Wellness!AM15 -> 40 | AC14: =AB14*0.3 -> 12 | AD14: =IF(AC14>=9,"Cleared","NC") -> Cleared | AE14: =Behavior!Q15 -> 3.5866667 | AF14: =Behavior!R15 -> 7.1733333 | AG14: =IF(HPS!$AF14>=6,"Cleared","NC") -> Cleared | AH14: =Discipline!AA15 -> 48.742857 | AI14: =AH14*0.1 -> 4.8742857 | AJ14: =IF(AI14>=4,"Cleared","NC") -> Cleared | AK14: =Y14+AC14+AF14+AI14 -> 57.246429 | AL14: =Persona!AO15 -> 18.76 | AM14: =Persona!AP15 -> 37 | AN14: =AL14+AM14 -> 55.76 | AO14: =AN14*0.5 -> 27.88 | AP14: =IF(HPS!$AN14>=40,"Cleared","NC") -> Cleared | AQ14: =Wellness!AY15 -> Cleared | AR14: =Wellness!BG15 -> 33.333333 | AS14: =AR14*0.3 -> 10 | AT14: =IF(AS14>=9,"Cleared","NC") -> Cleared | AU14: =Behavior!AG15 -> 3.56 | AV14: =Behavior!AH15 -> 7.12 | AW14: =IF(AV14>=6,"Cleared","NC") -> Cleared | AX14: =Discipline!AN15 -> 39.277778 | AY14: =AX14*0.1 -> 3.9277778 | AZ14: =IF(AY14>=4,"Cleared","NC") -> NC | BA14: =AO14+AS14+AV14+AY14 -> 48.927778 | BB14: =Persona!BB15 -> 21.696296 | BC14: =Persona!BC15 -> 29.666667 | BD14: =BB14+BC14 -> 51.362963 | BE14: =BD14*0.5 -> 25.681481 | BF14: =IF(BD14>=40,"Cleared","NC") -> Cleared | BG14: =Wellness!BS15 -> Cleared | BH14: =Wellness!CA15 -> 40 | BI14: =BH14*0.3 -> 12 | BJ14: =IF(BI14>=9,"Cleared","NC") -> Cleared | BK14: =Behavior!AG15 -> 3.56 | BL14: =Behavior!AH15 -> 7.12 | BM14: =IF(BL14>=6,"Cleared","NC") -> Cleared | BN14: =Discipline!BA15 -> 49.666667 | BO14: =BN14*0.1 -> 4.9666667 | BP14: =IF(BO14>=4,"Cleared","NC") -> Cleared | BQ14: =BE14+BI14+BL14+BO14 -> 49.768148
A15: 12 | B15: Male | C15: B | D15: 2024JULB00014 | E15: Amal Shibu Balan | F15: =Persona!O16 -> 0 | G15: =Persona!P16 -> 57.222222 | H15: =HPS!$G15+HPS!$F15 -> 57.222222 | I15: =HPS!$H15*0.5 -> 28.611111 | J15: =IF(HPS!$G15>=50,"Cleared","NC") -> Cleared | K15: =Wellness!K16 -> Cleared | L15: =Wellness!S16 -> 66.666667 | M15: =$L15*0.3 -> 20 | N15: =IF(M15>=9,"Cleared","NC") -> Cleared | O15: =Behavior!I16 -> 3 | P15: =HPS!$O15*2 -> 6 | Q15: =IF(HPS!$P15>=6,"Cleared","NC") -> Cleared | R15: =Discipline!N16 -> 42.5 | S15: =HPS!$R15*0.1 -> 4.25 | T15: =IF(HPS!$S15>=4,"Cleared","NC") -> Cleared | U15: =HPS!$I15+HPS!$M15+HPS!$P15+HPS!$S15 -> 58.861111 | V15: =Persona!AB16 -> 0 | W15: =Persona!AC16 -> 50.4 | X15: =HPS!$V15+HPS!$W15 -> 50.4 | Y15: =X15*0.5 -> 25.2 | Z15: =IF(HPS!$X15>=40,"Cleared","NC") -> Cleared | AA15: =Wellness!AE16 -> Cleared | AB15: =Wellness!AM16 -> 3.3333333 | AC15: =AB15*0.3 -> 1 | AD15: =IF(AC15>=9,"Cleared","NC") -> NC | AE15: =Behavior!Q16 -> 3.38 | AF15: =Behavior!R16 -> 6.76 | AG15: =IF(HPS!$AF15>=6,"Cleared","NC") -> Cleared | AH15: =Discipline!AA16 -> 54.171429 | AI15: =AH15*0.1 -> 5.4171429 | AJ15: =IF(AI15>=4,"Cleared","NC") -> Cleared | AK15: =Y15+AC15+AF15+AI15 -> 38.377143 | AL15: =Persona!AO16 -> 18.173333 | AM15: =Persona!AP16 -> 39.666667 | AN15: =AL15+AM15 -> 57.84 | AO15: =AN15*0.5 -> 28.92 | AP15: =IF(HPS!$AN15>=40,"Cleared","NC") -> Cleared | AQ15: =Wellness!AY16 -> Cleared | AR15: =Wellness!BG16 -> 46.666667 | AS15: =AR15*0.3 -> 14 | AT15: =IF(AS15>=9,"Cleared","NC") -> Cleared | AU15: =Behavior!AG16 -> 2.9 | AV15: =Behavior!AH16 -> 5.8 | AW15: =IF(AV15>=6,"Cleared","NC") -> NC | AX15: =Discipline!AN16 -> 43.277778 | AY15: =AX15*0.1 -> 4.3277778 | AZ15: =IF(AY15>=4,"Cleared","NC") -> Cleared | BA15: =AO15+AS15+AV15+AY15 -> 53.047778 | BB15: =Persona!BB16 -> 23.47037 | BC15: =Persona!BC16 -> 39 | BD15: =BB15+BC15 -> 62.47037 | BE15: =BD15*0.5 -> 31.235185 | BF15: =IF(BD15>=40,"Cleared","NC") -> Cleared | BG15: =Wellness!BS16 -> Cleared | BH15: =Wellness!CA16 -> 50 | BI15: =BH15*0.3 -> 15 | BJ15: =IF(BI15>=9,"Cleared","NC") -> Cleared | BK15: =Behavior!AG16 -> 2.9 | BL15: =Behavior!AH16 -> 5.8 | BM15: =IF(BL15>=6,"Cleared","NC") -> NC | BN15: =Discipline!BA16 -> 36 | BO15: =BN15*0.1 -> 3.6 | BP15: =IF(BO15>=4,"Cleared","NC") -> NC | BQ15: =BE15+BI15+BL15+BO15 -> 55.635185
... A27: 24 | B27: Male | C27: A | D27: 2024JULB00029 | E27: Aryan Trivedi | F27: =Persona!O28 -> 0 | G27: =Persona!P28 -> 50 | H27: =HPS!$G27+HPS!$F27 -> 50 | I27: =HPS!$H27*0.5 -> 25 | J27: =IF(HPS!$G27>=50,"Cleared","NC") -> Cleared | K27: =Wellness!K28 -> Cleared | L27: =Wellness!S28 -> 46.666667 | M27: =$L27*0.3 -> 14 | N27: =IF(M27>=9,"Cleared","NC") -> Cleared | O27: =Behavior!I28 -> 3 | P27: =HPS!$O27*2 -> 6 | Q27: =IF(HPS!$P27>=6,"Cleared","NC") -> Cleared | R27: =Discipline!N28 -> 60 | S27: =HPS!$R27*0.1 -> 6 | T27: =IF(HPS!$S27>=4,"Cleared","NC") -> Cleared | U27: =HPS!$I27+HPS!$M27+HPS!$P27+HPS!$S27 -> 51 | V27: =Persona!AB28 -> 0 | W27: =Persona!AC28 -> 50.4 | X27: =HPS!$V27+HPS!$W27 -> 50.4 | Y27: =X27*0.5 -> 25.2 | Z27: =IF(HPS!$X27>=40,"Cleared","NC") -> Cleared | AA27: =Wellness!AE28 -> Cleared | AB27: =Wellness!AM28 -> 16.666667 | AC27: =AB27*0.3 -> 5 | AD27: =IF(AC27>=9,"Cleared","NC") -> NC | AE27: =Behavior!Q28 -> 3 | AF27: =Behavior!R28 -> 6 | AG27: =IF(HPS!$AF27>=6,"Cleared","NC") -> Cleared | AH27: =Discipline!AA28 -> 38.057143 | AI27: =AH27*0.1 -> 3.8057143 | AJ27: =IF(AI27>=4,"Cleared","NC") -> NC | AK27: =Y27+AC27+AF27+AI27 -> 40.005714 | AL27: =Persona!AO28 -> 8.8266667 | AM27: =Persona!AP28 -> 48 | AN27: =AL27+AM27 -> 56.826667 | AO27: =AN27*0.5 -> 28.413333 | AP27: =IF(HPS!$AN27>=40,"Cleared","NC") -> Cleared | AQ27: =Wellness!AY28 -> NC | AR27: =Wellness!BG28 -> 0 | AS27: =AR27*0.3 -> 0 | AT27: =IF(AS27>=9,"Cleared","NC") -> NC | AU27: =Behavior!AG28 -> 3.45 | AV27: =Behavior!AH28 -> 6.9 | AW27: =IF(AV27>=6,"Cleared","NC") -> Cleared | AX27: =Discipline!AN28 -> 22.555556 | AY27: =AX27*0.1 -> 2.2555556 | AZ27: =IF(AY27>=4,"Cleared","NC") -> NC | BA27: =AO27+AS27+AV27+AY27 -> 37.568889 | BB27: =Persona!BB28 -> 17.094444 | BC27: =Persona!BC28 -> 48 | BD27: =BB27+BC27 -> 65.094444 | BE27: =BD27*0.5 -> 32.547222 | BF27: =IF(BD27>=40,"Cleared","NC") -> Cleared | BG27: =Wellness!BS28 -> NC | BH27: =Wellness!CA28 -> 43.333333 | BI27: =BH27*0.3 -> 13 | BJ27: =IF(BI27>=9,"Cleared","NC") -> Cleared | BK27: =Behavior!AG28 -> 3.45 | BL27: =Behavior!AH28 -> 6.9 | BM27: =IF(BL27>=6,"Cleared","NC") -> Cleared | BN27: =Discipline!BA28 -> 45 | BO27: =BN27*0.1 -> 4.5 | BP27: =IF(BO27>=4,"Cleared","NC") -> Cleared | BQ27: =BE27+BI27+BL27+BO27 -> 56.947222
A28: 25 | B28: Male | C28: B | D28: 2024JULB00030 | E28: Ashish Abraham John | F28: =Persona!O29 -> 0 | G28: =Persona!P29 -> 63.333333 | H28: =HPS!$G28+HPS!$F28 -> 63.333333 | I28: =HPS!$H28*0.5 -> 31.666667 | J28: =IF(HPS!$G28>=50,"Cleared","NC") -> Cleared | K28: =Wellness!K29 -> Cleared | L28: =Wellness!S29 -> 46.666667 | M28: =$L28*0.3 -> 14 | N28: =IF(M28>=9,"Cleared","NC") -> Cleared | O28: =Behavior!I29 -> 3 | P28: =HPS!$O28*2 -> 6 | Q28: =IF(HPS!$P28>=6,"Cleared","NC") -> Cleared | R28: =Discipline!N29 -> 70 | S28: =HPS!$R28*0.1 -> 7 | T28: =IF(HPS!$S28>=4,"Cleared","NC") -> Cleared | U28: =HPS!$I28+HPS!$M28+HPS!$P28+HPS!$S28 -> 58.666667 | V28: =Persona!AB29 -> 22.404762 | W28: =Persona!AC29 -> 48 | X28: =HPS!$V28+HPS!$W28 -> 70.404762 | Y28: =X28*0.5 -> 35.202381 | Z28: =IF(HPS!$X28>=40,"Cleared","NC") -> Cleared | AA28: =Wellness!AE29 -> NC | AB28: =Wellness!AM29 -> 3.3333333 | AC28: =AB28*0.3 -> 1 | AD28: =IF(AC28>=9,"Cleared","NC") -> NC | AE28: =Behavior!Q29 -> 3.36 | AF28: =Behavior!R29 -> 6.72 | AG28: =IF(HPS!$AF28>=6,"Cleared","NC") -> Cleared | AH28: =Discipline!AA29 -> 42.171429 | AI28: =AH28*0.1 -> 4.2171429 | AJ28: =IF(AI28>=4,"Cleared","NC") -> Cleared | AK28: =Y28+AC28+AF28+AI28 -> 47.139524 | AL28: =Persona!AO29 -> 23.88 | AM28: =Persona!AP29 -> 34 | AN28: =AL28+AM28 -> 57.88 | AO28: =AN28*0.5 -> 28.94 | AP28: =IF(HPS!$AN28>=40,"Cleared","NC") -> Cleared | AQ28: =Wellness!AY29 -> NC | AR28: =Wellness!BG29 -> 36.666667 | AS28: =AR28*0.3 -> 11 | AT28: =IF(AS28>=9,"Cleared","NC") -> Cleared | AU28: =Behavior!AG29 -> 3 | AV28: =Behavior!AH29 -> 6 | AW28: =IF(AV28>=6,"Cleared","NC") -> Cleared | AX28: =Discipline!AN29 -> 46.722222 | AY28: =AX28*0.1 -> 4.6722222 | AZ28: =IF(AY28>=4,"Cleared","NC") -> Cleared | BA28: =AO28+AS28+AV28+AY28 -> 50.612222 | BB28: =Persona!BB29 -> 24.327778 | BC28: =Persona!BC29 -> 25.166667 | BD28: =BB28+BC28 -> 49.494444 | BE28: =BD28*0.5 -> 24.747222 | BF28: =IF(BD28>=40,"Cleared","NC") -> Cleared | BG28: =Wellness!BS29 -> Cleared | BH28: =Wellness!CA29 -> 23.333333 | BI28: =BH28*0.3 -> 7 | BJ28: =IF(BI28>=9,"Cleared","NC") -> NC | BK28: =Behavior!AG29 -> 3 | BL28: =Behavior!AH29 -> 6 | BM28: =IF(BL28>=6,"Cleared","NC") -> Cleared | BN28: =Discipline!BA29 -> 51.5 | BO28: =BN28*0.1 -> 5.15 | BP28: =IF(HPS!BO28>=6,"Cleared","NC") -> NC | BQ28: =BE28+BI28+BL28+BO28 -> 42.897222
A29: 26 | B29: Female | C29: C | D29: 2024JULB00031 | E29: Ashita Roshan Kumar | F29: =Persona!O30 -> 0 | G29: =Persona!P30 -> 73.333333 | H29: =HPS!$G29+HPS!$F29 -> 73.333333 | I29: =HPS!$H29*0.5 -> 36.666667 | J29: =IF(HPS!$G29>=50,"Cleared","NC") -> Cleared | K29: =Wellness!K30 -> Cleared | L29: =Wellness!S30 -> 53.333333 | M29: =$L29*0.3 -> 16 | N29: =IF(M29>=9,"Cleared","NC") -> Cleared | O29: =Behavior!I30 -> 3 | P29: =HPS!$O29*2 -> 6 | Q29: =IF(HPS!$P29>=6,"Cleared","NC") -> Cleared | R29: =Discipline!N30 -> 60.848214 | S29: =HPS!$R29*0.1 -> 6.0848214 | T29: =IF(HPS!$S29>=4,"Cleared","NC") -> Cleared | U29: =HPS!$I29+HPS!$M29+HPS!$P29+HPS!$S29 -> 64.751488 | V29: =Persona!AB30 -> 18.795238 | W29: =Persona!AC30 -> 55.2 | X29: =HPS!$V29+HPS!$W29 -> 73.995238 | Y29: =X29*0.5 -> 36.997619 | Z29: =IF(HPS!$X29>=40,"Cleared","NC") -> Cleared | AA29: =Wellness!AE30 -> Cleared | AB29: =Wellness!AM30 -> 16.666667 | AC29: =AB29*0.3 -> 5 | AD29: =IF(AC29>=9,"Cleared","NC") -> NC | AE29: =Behavior!Q30 -> 3.3866667 | AF29: =Behavior!R30 -> 6.7733333 | AG29: =IF(HPS!$AF29>=6,"Cleared","NC") -> Cleared | AH29: =Discipline!AA30 -> 58.285714 | AI29: =AH29*0.1 -> 5.8285714 | AJ29: =IF(AI29>=4,"Cleared","NC") -> Cleared | AK29: =Y29+AC29+AF29+AI29 -> 54.599524 | AL29: =Persona!AO30 -> 19.653333 | AM29: =Persona!AP30 -> 45.333333 | AN29: =AL29+AM29 -> 64.986667 | AO29: =AN29*0.5 -> 32.493333 | AP29: =IF(HPS!$AN29>=40,"Cleared","NC") -> Cleared | AQ29: =Wellness!AY30 -> Cleared | AR29: =Wellness!BG30 -> 50 | AS29: =AR29*0.3 -> 15 | AT29: =IF(AS29>=9,"Cleared","NC") -> Cleared | AU29: =Behavior!AG30 -> 4 | AV29: =Behavior!AH30 -> 8 | AW29: =IF(AV29>=6,"Cleared","NC") -> Cleared | AX29: =Discipline!AN30 -> 55.666667 | AY29: =AX29*0.1 -> 5.5666667 | AZ29: =IF(AY29>=4,"Cleared","NC") -> Cleared | BA29: =AO29+AS29+AV29+AY29 -> 61.06 | BB29: =Persona!BB30 -> 20.187037 | BC29: =Persona!BC30 -> 32.666667 | BD29: =BB29+BC29 -> 52.853704 | BE29: =BD29*0.5 -> 26.426852 | BF29: =IF(BD29>=40,"Cleared","NC") -> Cleared | BG29: =Wellness!BS30 -> Cleared | BH29: =Wellness!CA30 -> 10 | BI29: =BH29*0.3 -> 3 | BJ29: =IF(BI29>=9,"Cleared","NC") -> NC | BK29: =Behavior!AG30 -> 4 | BL29: =Behavior!AH30 -> 8 | BM29: =IF(BL29>=6,"Cleared","NC") -> Cleared | BN29: =Discipline!BA30 -> 48.333333 | BO29: =BN29*0.1 -> 4.8333333 | BP29: =IF(HPS!BO29>=6,"Cleared","NC") -> NC | BQ29: =BE29+BI29+BL29+BO29 -> 42.260185
A30: 27 | B30: Male | C30: B | D30: 2024JULB00032 | E30: Ashutosh Sharan | F30: =Persona!O31 -> 0 | G30: =Persona!P31 -> 59.444444 | H30: =HPS!$G30+HPS!$F30 -> 59.444444 | I30: =HPS!$H30*0.5 -> 29.722222 | J30: =IF(HPS!$G30>=50,"Cleared","NC") -> Cleared | K30: =Wellness!K31 -> Cleared | L30: =Wellness!S31 -> 60 | M30: =$L30*0.3 -> 18 | N30: =IF(M30>=9,"Cleared","NC") -> Cleared | O30: =Behavior!I31 -> 3 | P30: =HPS!$O30*2 -> 6 | Q30: =IF(HPS!$P30>=6,"Cleared","NC") -> Cleared | R30: =Discipline!N31 -> 49.375 | S30: =HPS!$R30*0.1 -> 4.9375 | T30: =IF(HPS!$S30>=4,"Cleared","NC") -> Cleared | U30: =HPS!$I30+HPS!$M30+HPS!$P30+HPS!$S30 -> 58.659722 | V30: =Persona!AB31 -> 29.271429 | W30: =Persona!AC31 -> 56.8 | X30: =HPS!$V30+HPS!$W30 -> 86.071429 | Y30: =X30*0.5 -> 43.035714 | Z30: =IF(HPS!$X30>=40,"Cleared","NC") -> Cleared | AA30: =Wellness!AE31 -> Cleared | AB30: =Wellness!AM31 -> 20 | AC30: =AB30*0.3 -> 6 | AD30: =IF(AC30>=9,"Cleared","NC") -> NC | AE30: =Behavior!Q31 -> 3.2766667 | AF30: =Behavior!R31 -> 6.5533333 | AG30: =IF(HPS!$AF30>=6,"Cleared","NC") -> Cleared | AH30: =Discipline!AA31 -> 62.628571 | AI30: =AH30*0.1 -> 6.2628571 | AJ30: =IF(AI30>=4,"Cleared","NC") -> Cleared | AK30: =Y30+AC30+AF30+AI30 -> 61.851905 | AL30: =Persona!AO31 -> 19.293333 | AM30: =Persona!AP31 -> 52 | AN30: =AL30+AM30 -> 71.293333 | AO30: =AN30*0.5 -> 35.646667 | AP30: =IF(HPS!$AN30>=40,"Cleared","NC") -> Cleared | AQ30: =Wellness!AY31 -> Cleared | AR30: =Wellness!BG31 -> 20 | AS30: =AR30*0.3 -> 6 | AT30: =IF(AS30>=9,"Cleared","NC") -> NC | AU30: =Behavior!AG31 -> 3.9 | AV30: =Behavior!AH31 -> 7.8 | AW30: =IF(AV30>=6,"Cleared","NC") -> Cleared | AX30: =Discipline!AN31 -> 38.333333 | AY30: =AX30*0.1 -> 3.8333333 | AZ30: =IF(AY30>=4,"Cleared","NC") -> NC | BA30: =AO30+AS30+AV30+AY30 -> 53.28 | BB30: =Persona!BB31 -> 31.192593 | BC30: =Persona!BC31 -> 49.333333 | BD30: =BB30+BC30 -> 80.525926 | BE30: =BD30*0.5 -> 40.262963 | BF30: =IF(BD30>=40,"Cleared","NC") -> Cleared | BG30: =Wellness!BS31 -> Cleared | BH30: =Wellness!CA31 -> 46.666667 | BI30: =BH30*0.3 -> 14 | BJ30: =IF(BI30>=9,"Cleared","NC") -> Cleared | BK30: =Behavior!AG31 -> 3.9 | BL30: =Behavior!AH31 -> 7.8 | BM30: =IF(BL30>=6,"Cleared","NC") -> Cleared | BN30: =Discipline!BA31 -> 60 | BO30: =BN30*0.1 -> 6 | BP30: =IF(HPS!BO30>=6,"Cleared","NC") -> Cleared | BQ30: =BE30+BI30+BL30+BO30 -> 68.062963
A31: 28 | B31: Male | C31: A | D31: 2024JULB00033 | E31: Ashwin Bhaskar | F31: =Persona!O32 -> 0 | G31: =Persona!P32 -> 73.333333 | H31: =HPS!$G31+HPS!$F31 -> 73.333333 | I31: =HPS!$H31*0.5 -> 36.666667 | J31: =IF(HPS!$G31>=50,"Cleared","NC") -> Cleared | K31: =Wellness!K32 -> NC | L31: =Wellness!S32 -> 30 | M31: =$L31*0.3 -> 9 | N31: =IF(M31>=9,"Cleared","NC") -> Cleared | O31: =Behavior!I32 -> 3 | P31: =HPS!$O31*2 -> 6 | Q31: =IF(HPS!$P31>=6,"Cleared","NC") -> Cleared | R31: =Discipline!N32 -> 40 | S31: =HPS!$R31*0.1 -> 4 | T31: =IF(HPS!$S31>=4,"Cleared","NC") -> Cleared | U31: =HPS!$I31+HPS!$M31+HPS!$P31+HPS!$S31 -> 55.666667 | V31: =Persona!AB32 -> 12.533333 | W31: =Persona!AC32 -> 48.8 | X31: =HPS!$V31+HPS!$W31 -> 61.333333 | Y31: =X31*0.5 -> 30.666667 | Z31: =IF(HPS!$X31>=40,"Cleared","NC") -> Cleared | AA31: =Wellness!AE32 -> NC | AB31: =Wellness!AM32 -> 0 | AC31: =AB31*0.3 -> 0 | AD31: =IF(AC31>=9,"Cleared","NC") -> NC | AE31: =Behavior!Q32 -> 2.8 | AF31: =Behavior!R32 -> 5.6 | AG31: =IF(HPS!$AF31>=6,"Cleared","NC") -> NC | AH31: =Discipline!AA32 -> 36.8 | AI31: =AH31*0.1 -> 3.68 | AJ31: =IF(AI31>=4,"Cleared","NC") -> NC | AK31: =Y31+AC31+AF31+AI31 -> 39.946667 | AL31: =Persona!AO32 -> 6.7733333 | AM31: =Persona!AP32 -> 46 | AN31: =AL31+AM31 -> 52.773333 | AO31: =AN31*0.5 -> 26.386667 | AP31: =IF(HPS!$AN31>=40,"Cleared","NC") -> Cleared | AQ31: =Wellness!AY32 -> NC | AR31: =Wellness!BG32 -> 0 | AS31: =AR31*0.3 -> 0 | AT31: =IF(AS31>=9,"Cleared","NC") -> NC | AU31: =Behavior!AG32 -> 4 | AV31: =Behavior!AH32 -> 8 | AW31: =IF(AV31>=6,"Cleared","NC") -> Cleared | AX31: =Discipline!AN32 -> 18.166667 | AY31: =AX31*0.1 -> 1.8166667 | AZ31: =IF(AY31>=4,"Cleared","NC") -> NC | BA31: =AO31+AS31+AV31+AY31 -> 36.203333 | BB31: =Persona!BB32 -> 20.007407 | BC31: =Persona!BC32 -> 50 | BD31: =BB31+BC31 -> 70.007407 | BE31: =BD31*0.5 -> 35.003704 | BF31: =IF(BD31>=40,"Cleared","NC") -> Cleared | BG31: =Wellness!BS32 -> NC | BH31: =Wellness!CA32 -> 16.666667 | BI31: =BH31*0.3 -> 5 | BJ31: =IF(BI31>=9,"Cleared","NC") -> NC | BK31: =Behavior!AG32 -> 4 | BL31: =Behavior!AH32 -> 8 | BM31: =IF(BL31>=6,"Cleared","NC") -> Cleared | BN31: =Discipline!BA32 -> 42.333333 | BO31: =BN31*0.1 -> 4.2333333 | BP31: =IF(HPS!BO31>=6,"Cleared","NC") -> NC | BQ31: =BE31+BI31+BL31+BO31 -> 52.237037
A32: 29 | B32: Male | C32: C | D32: 2024JULB00034 | E32: Ayush Anand | F32: =Persona!O33 -> 0 | G32: =Persona!P33 -> 53.333333 | H32: =HPS!$G32+HPS!$F32 -> 53.333333 | I32: =HPS!$H32*0.5 -> 26.666667 | J32: =IF(HPS!$G32>=50,"Cleared","NC") -> Cleared | K32: =Wellness!K33 -> Cleared | L32: =Wellness!S33 -> 53.333333 | M32: =$L32*0.3 -> 16 | N32: =IF(M32>=9,"Cleared","NC") -> Cleared | O32: =Behavior!I33 -> 3 | P32: =HPS!$O32*2 -> 6 | Q32: =IF(HPS!$P32>=6,"Cleared","NC") -> Cleared | R32: =Discipline!N33 -> 64.241071 | S32: =HPS!$R32*0.1 -> 6.4241071 | T32: =IF(HPS!$S32>=4,"Cleared","NC") -> Cleared | U32: =HPS!$I32+HPS!$M32+HPS!$P32+HPS!$S32 -> 55.090774 | V32: =Persona!AB33 -> 15.519048 | W32: =Persona!AC33 -> 29.6 | X32: =HPS!$V32+HPS!$W32 -> 45.119048 | Y32: =X32*0.5 -> 22.559524 | Z32: =IF(HPS!$X32>=40,"Cleared","NC") -> Cleared | AA32: =Wellness!AE33 -> Cleared | AB32: =Wellness!AM33 -> 20 | AC32: =AB32*0.3 -> 6 | AD32: =IF(AC32>=9,"Cleared","NC") -> NC | AE32: =Behavior!Q33 -> 3.1 | AF32: =Behavior!R33 -> 6.2 | AG32: =IF(HPS!$AF32>=6,"Cleared","NC") -> Cleared | AH32: =Discipline!AA33 -> 52.571429 | AI32: =AH32*0.1 -> 5.2571429 | AJ32: =IF(AI32>=4,"Cleared","NC") -> Cleared | AK32: =Y32+AC32+AF32+AI32 -> 40.016667 | AL32: =Persona!AO33 -> 16.72 | AM32: =Persona!AP33 -> 38.666667 | AN32: =AL32+AM32 -> 55.386667 | AO32: =AN32*0.5 -> 27.693333 | AP32: =IF(HPS!$AN32>=40,"Cleared","NC") -> Cleared | AQ32: =Wellness!AY33 -> Cleared | AR32: =Wellness!BG33 -> 43.333333 | AS32: =AR32*0.3 -> 13 | AT32: =IF(AS32>=9,"Cleared","NC") -> Cleared | AU32: =Behavior!AG33 -> 3.8 | AV32: =Behavior!AH33 -> 7.6 | AW32: =IF(AV32>=6,"Cleared","NC") -> Cleared | AX32: =Discipline!AN33 -> 56.277778 | AY32: =AX32*0.1 -> 5.6277778 | AZ32: =IF(AY32>=4,"Cleared","NC") -> Cleared | BA32: =AO32+AS32+AV32+AY32 -> 53.921111 | BB32: =Persona!BB33 -> 16.07963 | BC32: =Persona!BC33 -> 44.666667 | BD32: =BB32+BC32 -> 60.746296 | BE32: =BD32*0.5 -> 30.373148 | BF32: =IF(BD32>=40,"Cleared","NC") -> Cleared | BG32: =Wellness!BS33 -> Cleared | BH32: =Wellness!CA33 -> 53.333333 | BI32: =BH32*0.3 -> 16 | BJ32: =IF(BI32>=9,"Cleared","NC") -> Cleared | BK32: =Behavior!AG33 -> 3.8 | BL32: =Behavior!AH33 -> 7.6 | BM32: =IF(BL32>=6,"Cleared","NC") -> Cleared | BN32: =Discipline!BA33 -> 54.666667 | BO32: =BN32*0.1 -> 5.4666667 | BP32: =IF(HPS!BO32>=6,"Cleared","NC") -> NC | BQ32: =BE32+BI32+BL32+BO32 -> 59.439815
A33: 30 | B33: Male | C33: A | D33: 2024JULB00037 | E33: Bhavik Puri | F33: =Persona!O34 -> 0 | G33: =Persona!P34 -> 48.888889 | H33: =HPS!$G33+HPS!$F33 -> 48.888889 | I33: =HPS!$H33*0.5 -> 24.444444 | J33: =IF(HPS!$G33>=50,"Cleared","NC") -> NC | K33: =Wellness!K34 -> Cleared | L33: =Wellness!S34 -> 53.333333 | M33: =$L33*0.3 -> 16 | N33: =IF(M33>=9,"Cleared","NC") -> Cleared | O33: =Behavior!I34 -> 3 | P33: =HPS!$O33*2 -> 6 | Q33: =IF(HPS!$P33>=6,"Cleared","NC") -> Cleared | R33: =Discipline!N34 -> 52.5 | S33: =HPS!$R33*0.1 -> 5.25 | T33: =IF(HPS!$S33>=4,"Cleared","NC") -> Cleared | U33: =HPS!$I33+HPS!$M33+HPS!$P33+HPS!$S33 -> 51.694444 | V33: =Persona!AB34 -> 16.336905 | W33: =Persona!AC34 -> 47.2 | X33: =HPS!$V33+HPS!$W33 -> 63.536905 | Y33: =X33*0.5 -> 31.768452 | Z33: =IF(HPS!$X33>=40,"Cleared","NC") -> Cleared | AA33: =Wellness!AE34 -> Cleared | AB33: =Wellness!AM34 -> 53.333333 | AC33: =AB33*0.3 -> 16 | AD33: =IF(AC33>=9,"Cleared","NC") -> Cleared | AE33: =Behavior!Q34 -> 3.05 | AF33: =Behavior!R34 -> 6.1 | AG33: =IF(HPS!$AF33>=6,"Cleared","NC") -> Cleared | AH33: =Discipline!AA34 -> 55.2 | AI33: =AH33*0.1 -> 5.52 | AJ33: =IF(AI33>=4,"Cleared","NC") -> Cleared | AK33: =Y33+AC33+AF33+AI33 -> 59.388452 | AL33: =Persona!AO34 -> 5.88 | AM33: =Persona!AP34 -> 36 | AN33: =AL33+AM33 -> 41.88 | AO33: =AN33*0.5 -> 20.94 | AP33: =IF(HPS!$AN33>=40,"Cleared","NC") -> Cleared | AQ33: =Wellness!AY34 -> Cleared | AR33: =Wellness!BG34 -> 36.666667 | AS33: =AR33*0.3 -> 11 | AT33: =IF(AS33>=9,"Cleared","NC") -> Cleared | AU33: =Behavior!AG34 -> 3 | AV33: =Behavior!AH34 -> 6 | AW33: =IF(AV33>=6,"Cleared","NC") -> Cleared | AX33: =Discipline!AN34 -> 35.222222 | AY33: =AX33*0.1 -> 3.5222222 | AZ33: =IF(AY33>=4,"Cleared","NC") -> NC | BA33: =AO33+AS33+AV33+AY33 -> 41.462222 | BB33: =Persona!BB34 -> 23.151852 | BC33: =Persona!BC34 -> 36 | BD33: =BB33+BC33 -> 59.151852 | BE33: =BD33*0.5 -> 29.575926 | BF33: =IF(BD33>=40,"Cleared","NC") -> Cleared | BG33: =Wellness!BS34 -> Cleared | BH33: =Wellness!CA34 -> 56.666667 | BI33: =BH33*0.3 -> 17 | BJ33: =IF(BI33>=9,"Cleared","NC") -> Cleared | BK33: =Behavior!AG34 -> 3 | BL33: =Behavior!AH34 -> 6 | BM33: =IF(BL33>=6,"Cleared","NC") -> Cleared | BN33: =Discipline!BA34 -> 47.833333 | BO33: =BN33*0.1 -> 4.7833333 | BP33: =IF(HPS!BO33>=6,"Cleared","NC") -> NC | BQ33: =BE33+BI33+BL33+BO33 -> 57.359259
A34: 31 | B34: Male | C34: A | D34: 2024JULB00038 | E34: Bibek Kumar Muduli | F34: =Persona!O35 -> 0 | G34: =Persona!P35 -> 40 | H34: =HPS!$G34+HPS!$F34 -> 40 | I34: =HPS!$H34*0.5 -> 20 | J34: =IF(HPS!$G34>=50,"Cleared","NC") -> NC | K34: =Wellness!K35 -> Cleared | L34: =Wellness!S35 -> 30 | M34: =$L34*0.3 -> 9 | N34: =IF(M34>=9,"Cleared","NC") -> Cleared | O34: =Behavior!I35 -> 3 | P34: =HPS!$O34*2 -> 6 | Q34: =IF(HPS!$P34>=6,"Cleared","NC") -> Cleared | R34: =Discipline!N35 -> 43.75 | S34: =HPS!$R34*0.1 -> 4.375 | T34: =IF(HPS!$S34>=4,"Cleared","NC") -> Cleared | U34: =HPS!$I34+HPS!$M34+HPS!$P34+HPS!$S34 -> 39.375 | V34: =Persona!AB35 -> 8.9904762 | W34: =Persona!AC35 -> 47.2 | X34: =HPS!$V34+HPS!$W34 -> 56.190476 | Y34: =X34*0.5 -> 28.095238 | Z34: =IF(HPS!$X34>=40,"Cleared","NC") -> Cleared | AA34: =Wellness!AE35 -> Cleared | AB34: =Wellness!AM35 -> 26.666667 | AC34: =AB34*0.3 -> 8 | AD34: =IF(AC34>=9,"Cleared","NC") -> NC | AE34: =Behavior!Q35 -> 2.5 | AF34: =Behavior!R35 -> 5 | AG34: =IF(HPS!$AF34>=6,"Cleared","NC") -> NC | AH34: =Discipline!AA35 -> 39.085714 | AI34: =AH34*0.1 -> 3.9085714 | AJ34: =IF(AI34>=4,"Cleared","NC") -> NC | AK34: =Y34+AC34+AF34+AI34 -> 45.00381 | AL34: =Persona!AO35 -> 1.1866667 | AM34: =Persona!AP35 -> 34 | AN34: =AL34+AM34 -> 35.186667 | AO34: =AN34*0.5 -> 17.593333 | AP34: =IF(HPS!$AN34>=40,"Cleared","NC") -> NC | AQ34: =Wellness!AY35 -> NC | AR34: =Wellness!BG35 -> 26.666667 | AS34: =AR34*0.3 -> 8 | AT34: =IF(AS34>=9,"Cleared","NC") -> NC | AU34: =Behavior!AG35 -> 4 | AV34: =Behavior!AH35 -> 8 | AW34: =IF(AV34>=6,"Cleared","NC") -> Cleared | AX34: =Discipline!AN35 -> 5.2777778 | AY34: =AX34*0.1 -> 0.52777778 | AZ34: =IF(AY34>=4,"Cleared","NC") -> NC | BA34: =AO34+AS34+AV34+AY34 -> 34.121111 | BB34: =Persona!BB35 -> 24.737037 | BC34: =Persona!BC35 -> 32.666667 | BD34: =BB34+BC34 -> 57.403704 | BE34: =BD34*0.5 -> 28.701852 | BF34: =IF(BD34>=40,"Cleared","NC") -> Cleared | BG34: =Wellness!BS35 -> NC | BH34: =Wellness!CA35 -> 16.666667 | BI34: =BH34*0.3 -> 5 | BJ34: =IF(BI34>=9,"Cleared","NC") -> NC | BK34: =Behavior!AG35 -> 4 | BL34: =Behavior!AH35 -> 8 | BM34: =IF(BL34>=6,"Cleared","NC") -> Cleared | BN34: =Discipline!BA35 -> 47.666667 | BO34: =BN34*0.1 -> 4.7666667 | BP34: =IF(HPS!BO34>=6,"Cleared","NC") -> NC | BQ34: =BE34+BI34+BL34+BO34 -> 46.468519
A35: 32 | B35: Female | C35: B | D35: 2024JULB00039 | E35: Bipasha Mandal | F35: =Persona!O36 -> 0 | G35: =Persona!P36 -> 46.111111 | H35: =HPS!$G35+HPS!$F35 -> 46.111111 | I35: =HPS!$H35*0.5 -> 23.055556 | J35: =IF(HPS!$G35>=50,"Cleared","NC") -> NC | K35: =Wellness!K36 -> NC | L35: =Wellness!S36 -> 36.666667 | M35: =$L35*0.3 -> 11 | N35: =IF(M35>=9,"Cleared","NC") -> Cleared | O35: =Behavior!I36 -> 3 | P35: =HPS!$O35*2 -> 6 | Q35: =IF(HPS!$P35>=6,"Cleared","NC") -> Cleared | R35: =Discipline!N36 -> 46.25 | S35: =HPS!$R35*0.1 -> 4.625 | T35: =IF(HPS!$S35>=4,"Cleared","NC") -> Cleared | U35: =HPS!$I35+HPS!$M35+HPS!$P35+HPS!$S35 -> 44.680556 | V35: =Persona!AB36 -> 28.435714 | W35: =Persona!AC36 -> 53.6 | X35: =HPS!$V35+HPS!$W35 -> 82.035714 | Y35: =X35*0.5 -> 41.017857 | Z35: =IF(HPS!$X35>=40,"Cleared","NC") -> Cleared | AA35: =Wellness!AE36 -> NC | AB35: =Wellness!AM36 -> 13.333333 | AC35: =AB35*0.3 -> 4 | AD35: =IF(AC35>=9,"Cleared","NC") -> NC | AE35: =Behavior!Q36 -> 3.285 | AF35: =Behavior!R36 -> 6.57 | AG35: =IF(HPS!$AF35>=6,"Cleared","NC") -> Cleared | AH35: =Discipline!AA36 -> 54.342857 | AI35: =AH35*0.1 -> 5.4342857 | AJ35: =IF(AI35>=4,"Cleared","NC") -> Cleared | AK35: =Y35+AC35+AF35+AI35 -> 57.022143 | AL35: =Persona!AO36 -> 18.373333 | AM35: =Persona!AP36 -> 52 | AN35: =AL35+AM35 -> 70.373333 | AO35: =AN35*0.5 -> 35.186667 | AP35: =IF(HPS!$AN35>=40,"Cleared","NC") -> Cleared | AQ35: =Wellness!AY36 -> NC | AR35: =Wellness!BG36 -> 6.6666667 | AS35: =AR35*0.3 -> 2 | AT35: =IF(AS35>=9,"Cleared","NC") -> NC | AU35: =Behavior!AG36 -> 3.2 | AV35: =Behavior!AH36 -> 6.4 | AW35: =IF(AV35>=6,"Cleared","NC") -> Cleared | AX35: =Discipline!AN36 -> 43.166667 | AY35: =AX35*0.1 -> 4.3166667 | AZ35: =IF(AY35>=4,"Cleared","NC") -> Cleared | BA35: =AO35+AS35+AV35+AY35 -> 47.903333 | BB35: =Persona!BB36 -> 24 | BC35: =Persona!BC36 -> 29 | BD35: =BB35+BC35 -> 53 | BE35: =BD35*0.5 -> 26.5 | BF35: =IF(BD35>=40,"Cleared","NC") -> Cleared | BG35: =Wellness!BS36 -> NC | BH35: =Wellness!CA36 -> 6.6666667 | BI35: =BH35*0.3 -> 2 | BJ35: =IF(BI35>=9,"Cleared","NC") -> NC | BK35: =Behavior!AG36 -> 3.2 | BL35: =Behavior!AH36 -> 6.4 | BM35: =IF(BL35>=6,"Cleared","NC") -> Cleared | BN35: =Discipline!BA36 -> 37.333333 | BO35: =BN35*0.1 -> 3.7333333 | BP35: =IF(HPS!BO35>=6,"Cleared","NC") -> NC | BQ35: =BE35+BI35+BL35+BO35 -> 38.633333
A36: 33 | B36: Female | C36: B | D36: 2024JULB00040 | E36: Bonula Pravallika | F36: =Persona!O37 -> 0 | G36: =Persona!P37 -> 47.222222 | H36: =HPS!$G36+HPS!$F36 -> 47.222222 | I36: =HPS!$H36*0.5 -> 23.611111 | J36: =IF(HPS!$G36>=50,"Cleared","NC") -> NC | K36: =Wellness!K37 -> Cleared | L36: =Wellness!S37 -> 40 | M36: =$L36*0.3 -> 12 | N36: =IF(M36>=9,"Cleared","NC") -> Cleared | O36: =Behavior!I37 -> 3 | P36: =HPS!$O36*2 -> 6 | Q36: =IF(HPS!$P36>=6,"Cleared","NC") -> Cleared | R36: =Discipline!N37 -> 63.75 | S36: =HPS!$R36*0.1 -> 6.375 | T36: =IF(HPS!$S36>=4,"Cleared","NC") -> Cleared | U36: =HPS!$I36+HPS!$M36+HPS!$P36+HPS!$S36 -> 47.986111 | V36: =Persona!AB37 -> 22.266667 | W36: =Persona!AC37 -> 48 | X36: =HPS!$V36+HPS!$W36 -> 70.266667 | Y36: =X36*0.5 -> 35.133333 | Z36: =IF(HPS!$X36>=40,"Cleared","NC") -> Cleared | AA36: =Wellness!AE37 -> Cleared | AB36: =Wellness!AM37 -> 20 | AC36: =AB36*0.3 -> 6 | AD36: =IF(AC36>=9,"Cleared","NC") -> NC | AE36: =Behavior!Q37 -> 3.67125 | AF36: =Behavior!R37 -> 7.3425 | AG36: =IF(HPS!$AF36>=6,"Cleared","NC") -> Cleared | AH36: =Discipline!AA37 -> 54.171429 | AI36: =AH36*0.1 -> 5.4171429 | AJ36: =IF(AI36>=4,"Cleared","NC") -> Cleared | AK36: =Y36+AC36+AF36+AI36 -> 53.892976 | AL36: =Persona!AO37 -> 23.053333 | AM36: =Persona!AP37 -> 43.333333 | AN36: =AL36+AM36 -> 66.386667 | AO36: =AN36*0.5 -> 33.193333 | AP36: =IF(HPS!$AN36>=40,"Cleared","NC") -> Cleared | AQ36: =Wellness!AY37 -> Cleared | AR36: =Wellness!BG37 -> 40 | AS36: =AR36*0.3 -> 12 | AT36: =IF(AS36>=9,"Cleared","NC") -> Cleared | AU36: =Behavior!AG37 -> 2.9 | AV36: =Behavior!AH37 -> 5.8 | AW36: =IF(AV36>=6,"Cleared","NC") -> NC | AX36: =Discipline!AN37 -> 46.166667 | AY36: =AX36*0.1 -> 4.6166667 | AZ36: =IF(AY36>=4,"Cleared","NC") -> Cleared | BA36: =AO36+AS36+AV36+AY36 -> 55.61 | BB36: =Persona!BB37 -> 23.339815 | BC36: =Persona!BC37 -> 46.333333 | BD36: =BB36+BC36 -> 69.673148 | BE36: =BD36*0.5 -> 34.836574 | BF36: =IF(BD36>=40,"Cleared","NC") -> Cleared | BG36: =Wellness!BS37 -> Cleared | BH36: =Wellness!CA37 -> 46.666667 | BI36: =BH36*0.3 -> 14 | BJ36: =IF(BI36>=9,"Cleared","NC") -> Cleared | BK36: =Behavior!AG37 -> 2.9 | BL36: =Behavior!AH37 -> 5.8 | BM36: =IF(BL36>=6,"Cleared","NC") -> NC | BN36: =Discipline!BA37 -> 52 | BO36: =BN36*0.1 -> 5.2 | BP36: =IF(HPS!BO36>=6,"Cleared","NC") -> NC | BQ36: =BE36+BI36+BL36+BO36 -> 59.836574
A37: 34 | B37: Female | C37: A | D37: 2024JULB00041 | E37: C Divyashree | F37: =Persona!O38 -> 0 | G37: =Persona!P38 -> 70 | H37: =HPS!$G37+HPS!$F37 -> 70 | I37: =HPS!$H37*0.5 -> 35 | J37: =IF(HPS!$G37>=50,"Cleared","NC") -> Cleared | K37: =Wellness!K38 -> Cleared | L37: =Wellness!S38 -> 43.333333 | M37: =$L37*0.3 -> 13 | N37: =IF(M37>=9,"Cleared","NC") -> Cleared | O37: =Behavior!I38 -> 3 | P37: =HPS!$O37*2 -> 6 | Q37: =IF(HPS!$P37>=6,"Cleared","NC") -> Cleared | R37: =Discipline!N38 -> 72.5 | S37: =HPS!$R37*0.1 -> 7.25 | T37: =IF(HPS!$S37>=4,"Cleared","NC") -> Cleared | U37: =HPS!$I37+HPS!$M37+HPS!$P37+HPS!$S37 -> 61.25 | V37: =Persona!AB38 -> 23.547619 | W37: =Persona!AC38 -> 56.8 | X37: =HPS!$V37+HPS!$W37 -> 80.347619 | Y37: =X37*0.5 -> 40.17381 | Z37: =IF(HPS!$X37>=40,"Cleared","NC") -> Cleared | AA37: =Wellness!AE38 -> Cleared | AB37: =Wellness!AM38 -> 33.333333 | AC37: =AB37*0.3 -> 10 | AD37: =IF(AC37>=9,"Cleared","NC") -> Cleared | AE37: =Behavior!Q38 -> 4.2 | AF37: =Behavior!R38 -> 8.4 | AG37: =IF(HPS!$AF37>=6,"Cleared","NC") -> Cleared | AH37: =Discipline!AA38 -> 64 | AI37: =AH37*0.1 -> 6.4 | AJ37: =IF(AI37>=4,"Cleared","NC") -> Cleared | AK37: =Y37+AC37+AF37+AI37 -> 64.97381 | AL37: =Persona!AO38 -> 16.973333 | AM37: =Persona!AP38 -> 60 | AN37: =AL37+AM37 -> 76.973333 | AO37: =AN37*0.5 -> 38.486667 | AP37: =IF(HPS!$AN37>=40,"Cleared","NC") -> Cleared | AQ37: =Wellness!AY38 -> Cleared | AR37: =Wellness!BG38 -> 6.6666667 | AS37: =AR37*0.3 -> 2 | AT37: =IF(AS37>=9,"Cleared","NC") -> NC | AU37: =Behavior!AG38 -> 3.8 | AV37: =Behavior!AH38 -> 7.6 | AW37: =IF(AV37>=6,"Cleared","NC") -> Cleared | AX37: =Discipline!AN38 -> 51.277778 | AY37: =AX37*0.1 -> 5.1277778 | AZ37: =IF(AY37>=4,"Cleared","NC") -> Cleared | BA37: =AO37+AS37+AV37+AY37 -> 53.214444 | BB37: =Persona!BB38 -> 25.518519 | BC37: =Persona!BC38 -> 40 | BD37: =BB37+BC37 -> 65.518519 | BE37: =BD37*0.5 -> 32.759259 | BF37: =IF(BD37>=40,"Cleared","NC") -> Cleared | BG37: =Wellness!BS38 -> Cleared | BH37: =Wellness!CA38 -> 13.333333 | BI37: =BH37*0.3 -> 4 | BJ37: =IF(BI37>=9,"Cleared","NC") -> NC | BK37: =Behavior!AG38 -> 3.8 | BL37: =Behavior!AH38 -> 7.6 | BM37: =IF(BL37>=6,"Cleared","NC") -> Cleared | BN37: =Discipline!BA38 -> 54.333333 | BO37: =BN37*0.1 -> 5.4333333 | BP37: =IF(HPS!BO37>=6,"Cleared","NC") -> NC | BQ37: =BE37+BI37+BL37+BO37 -> 49.792593
A38: 35 | B38: Male | C38: B | D38: 2024JULB00042 | E38: Chaitya Swaroop Sahu | F38: =Persona!O39 -> 0 | G38: =Persona!P39 -> 54.444444 | H38: =HPS!$G38+HPS!$F38 -> 54.444444 | I38: =HPS!$H38*0.5 -> 27.222222 | J38: =IF(HPS!$G38>=50,"Cleared","NC") -> Cleared | K38: =Wellness!K39 -> Cleared | L38: =Wellness!S39 -> 40 | M38: =$L38*0.3 -> 12 | N38: =IF(M38>=9,"Cleared","NC") -> Cleared | O38: =Behavior!I39 -> 3 | P38: =HPS!$O38*2 -> 6 | Q38: =IF(HPS!$P38>=6,"Cleared","NC") -> Cleared | R38: =Discipline!N39 -> 60.625 | S38: =HPS!$R38*0.1 -> 6.0625 | T38: =IF(HPS!$S38>=4,"Cleared","NC") -> Cleared | U38: =HPS!$I38+HPS!$M38+HPS!$P38+HPS!$S38 -> 51.284722 | V38: =Persona!AB39 -> 14.557143 | W38: =Persona!AC39 -> 50.4 | X38: =HPS!$V38+HPS!$W38 -> 64.957143 | Y38: =X38*0.5 -> 32.478571 | Z38: =IF(HPS!$X38>=40,"Cleared","NC") -> Cleared | AA38: =Wellness!AE39 -> Cleared | AB38: =Wellness!AM39 -> 26.666667 | AC38: =AB38*0.3 -> 8 | AD38: =IF(AC38>=9,"Cleared","NC") -> NC | AE38: =Behavior!Q39 -> 3.82 | AF38: =Behavior!R39 -> 7.64 | AG38: =IF(HPS!$AF38>=6,"Cleared","NC") -> Cleared | AH38: =Discipline!AA39 -> 42.742857 | AI38: =AH38*0.1 -> 4.2742857 | AJ38: =IF(AI38>=4,"Cleared","NC") -> Cleared | AK38: =Y38+AC38+AF38+AI38 -> 52.392857 | AL38: =Persona!AO39 -> 20.106667 | AM38: =Persona!AP39 -> 26 | AN38: =AL38+AM38 -> 46.106667 | AO38: =AN38*0.5 -> 23.053333 | AP38: =IF(HPS!$AN38>=40,"Cleared","NC") -> Cleared | AQ38: =Wellness!AY39 -> NC | AR38: =Wellness!BG39 -> 30 | AS38: =AR38*0.3 -> 9 | AT38: =IF(AS38>=9,"Cleared","NC") -> Cleared | AU38: =Behavior!AG39 -> 3.55 | AV38: =Behavior!AH39 -> 7.1 | AW38: =IF(AV38>=6,"Cleared","NC") -> Cleared | AX38: =Discipline!AN39 -> 34.444444 | AY38: =AX38*0.1 -> 3.4444444 | AZ38: =IF(AY38>=4,"Cleared","NC") -> NC | BA38: =AO38+AS38+AV38+AY38 -> 42.597778 | BB38: =Persona!BB39 -> 21.387037 | BC38: =Persona!BC39 -> 49 | BD38: =BB38+BC38 -> 70.387037 | BE38: =BD38*0.5 -> 35.193519 | BF38: =IF(BD38>=40,"Cleared","NC") -> Cleared | BG38: =Wellness!BS39 -> NC | BH38: =Wellness!CA39 -> 16.666667 | BI38: =BH38*0.3 -> 5 | BJ38: =IF(BI38>=9,"Cleared","NC") -> NC | BK38: =Behavior!AG39 -> 3.55 | BL38: =Behavior!AH39 -> 7.1 | BM38: =IF(BL38>=6,"Cleared","NC") -> Cleared | BN38: =Discipline!BA39 -> 51.666667 | BO38: =BN38*0.1 -> 5.1666667 | BP38: =IF(HPS!BO38>=6,"Cleared","NC") -> NC | BQ38: =BE38+BI38+BL38+BO38 -> 52.460185
A39: 36 | B39: Male | C39: A | D39: 2024JULB00044 | E39: Chirag Bhardwaj | F39: =Persona!O40 -> 0 | G39: =Persona!P40 -> 58.888889 | H39: =HPS!$G39+HPS!$F39 -> 58.888889 | I39: =HPS!$H39*0.5 -> 29.444444 | J39: =IF(HPS!$G39>=50,"Cleared","NC") -> Cleared | K39: =Wellness!K40 -> Cleared | L39: =Wellness!S40 -> 73.333333 | M39: =$L39*0.3 -> 22 | N39: =IF(M39>=9,"Cleared","NC") -> Cleared | O39: =Behavior!I40 -> 3 | P39: =HPS!$O39*2 -> 6 | Q39: =IF(HPS!$P39>=6,"Cleared","NC") -> Cleared | R39: =Discipline!N40 -> 67.589286 | S39: =HPS!$R39*0.1 -> 6.7589286 | T39: =IF(HPS!$S39>=4,"Cleared","NC") -> Cleared | U39: =HPS!$I39+HPS!$M39+HPS!$P39+HPS!$S39 -> 64.203373 | V39: =Persona!AB40 -> 15.37619 | W39: =Persona!AC40 -> 30.4 | X39: =HPS!$V39+HPS!$W39 -> 45.77619 | Y39: =X39*0.5 -> 22.888095 | Z39: =IF(HPS!$X39>=40,"Cleared","NC") -> Cleared | AA39: =Wellness!AE40 -> Cleared | AB39: =Wellness!AM40 -> 50 | AC39: =AB39*0.3 -> 15 | AD39: =IF(AC39>=9,"Cleared","NC") -> Cleared | AE39: =Behavior!Q40 -> 2.55 | AF39: =Behavior!R40 -> 5.1 | AG39: =IF(HPS!$AF39>=6,"Cleared","NC") -> NC | AH39: =Discipline!AA40 -> 36 | AI39: =AH39*0.1 -> 3.6 | AJ39: =IF(AI39>=4,"Cleared","NC") -> NC | AK39: =Y39+AC39+AF39+AI39 -> 46.588095 | AL39: =Persona!AO40 -> 10.04 | AM39: =Persona!AP40 -> 36 | AN39: =AL39+AM39 -> 46.04 | AO39: =AN39*0.5 -> 23.02 | AP39: =IF(HPS!$AN39>=40,"Cleared","NC") -> Cleared | AQ39: =Wellness!AY40 -> Cleared | AR39: =Wellness!BG40 -> 23.333333 | AS39: =AR39*0.3 -> 7 | AT39: =IF(AS39>=9,"Cleared","NC") -> NC | AU39: =Behavior!AG40 -> 3.4 | AV39: =Behavior!AH40 -> 6.8 | AW39: =IF(AV39>=6,"Cleared","NC") -> Cleared | AX39: =Discipline!AN40 -> 37.111111 | AY39: =AX39*0.1 -> 3.7111111 | AZ39: =IF(AY39>=4,"Cleared","NC") -> NC | BA39: =AO39+AS39+AV39+AY39 -> 40.531111 | BB39: =Persona!BB40 -> 24.111111 | BC39: =Persona!BC40 -> 46 | BD39: =BB39+BC39 -> 70.111111 | BE39: =BD39*0.5 -> 35.055556 | BF39: =IF(BD39>=40,"Cleared","NC") -> Cleared | BG39: =Wellness!BS40 -> Cleared | BH39: =Wellness!CA40 -> 56.666667 | BI39: =BH39*0.3 -> 17 | BJ39: =IF(BI39>=9,"Cleared","NC") -> Cleared | BK39: =Behavior!AG40 -> 3.4 | BL39: =Behavior!AH40 -> 6.8 | BM39: =IF(BL39>=6,"Cleared","NC") -> Cleared | BN39: =Discipline!BA40 -> 49.666667 | BO39: =BN39*0.1 -> 4.9666667 | BP39: =IF(HPS!BO39>=6,"Cleared","NC") -> NC | BQ39: =BE39+BI39+BL39+BO39 -> 63.822222
... A231: 228 | B231: Male | C231: D | D231: 2024JULB00273 | E231: Harshit Gopawat | F231: =Persona!O232 -> 0 | G231: =Persona!P232 -> 0 | H231: =HPS!$G231+HPS!$F231 -> 0 | I231: =HPS!$H231*0.5 -> 0 | J231: =IF(HPS!$G231>=50,"Cleared","NC") -> NC | K231: =Wellness!K232 -> NC | L231: =Wellness!S232 -> 0 | M231: =$L231*0.3 -> 0 | N231: =IF(M231>=9,"Cleared","NC") -> NC | O231: =Behavior!I232 -> 3 | P231: =HPS!$O231*2 -> 6 | Q231: =IF(HPS!$P231>=6,"Cleared","NC") -> Cleared | R231: =Discipline!N232 -> 25 | S231: =HPS!$R231*0.1 -> 2.5 | T231: =IF(HPS!$S231>=4,"Cleared","NC") -> NC | U231: =HPS!$I231+HPS!$M231+HPS!$P231+HPS!$S231 -> 8.5 | V231: =Persona!AB232 -> 0 | W231: =Persona!AC232 -> 0 | X231: =HPS!$V231+HPS!$W231 -> 0 | Y231: =X231*0.5 -> 0 | Z231: =IF(HPS!$X231>=40,"Cleared","NC") -> NC | AA231: =Wellness!AE232 -> NC | AB231: =Wellness!AM232 -> 0 | AC231: =AB231*0.3 -> 0 | AD231: =IF(AC231>=9,"Cleared","NC") -> NC | AE231: =Behavior!Q232 -> 1.6 | AF231: =Behavior!R232 -> 3.2 | AG231: =IF(HPS!$AF231>=6,"Cleared","NC") -> NC | AH231: =Discipline!AA232 -> 4 | AI231: =AH231*0.1 -> 0.4 | AJ231: =IF(AI231>=4,"Cleared","NC") -> NC | AK231: =Y231+AC231+AF231+AI231 -> 3.6 | AL231: =Persona!AO232 -> 17.36 | AM231: =Persona!AP232 -> 0 | AN231: =AL231+AM231 -> 17.36 | AO231: =AN231*0.5 -> 8.68 | AP231: =IF(HPS!$AN231>=40,"Cleared","NC") -> NC | AQ231: =Wellness!AY232 -> Cleared | AR231: =Wellness!BG232 -> 0 | AS231: =AR231*0.3 -> 0 | AT231: =IF(AS231>=9,"Cleared","NC") -> NC | AU231: =Behavior!AG232 -> 3.2 | AV231: =Behavior!AH232 -> 6.4 | AW231: =IF(AV231>=6,"Cleared","NC") -> Cleared | AX231: =Discipline!AN232 -> 42 | AY231: =AX231*0.1 -> 4.2 | AZ231: =IF(AY231>=4,"Cleared","NC") -> Cleared | BA231: =AO231+AS231+AV231+AY231 -> 19.28 | BB231: =Persona!BB232 -> 10.37037 | BC231: =Persona!BC232 -> 32.166667 | BD231: =BB231+BC231 -> 42.537037 | BE231: =BD231*0.5 -> 21.268519 | BF231: =IF(BD231>=40,"Cleared","NC") -> Cleared | BG231: =Wellness!BS232 -> Cleared | BH231: =Wellness!CA232 -> 0 | BI231: =BH231*0.3 -> 0 | BJ231: =IF(BI231>=9,"Cleared","NC") -> NC | BK231: =Behavior!AG232 -> 3.2 | BL231: =Behavior!AH232 -> 6.4 | BM231: =IF(BL231>=6,"Cleared","NC") -> Cleared | BN231: =Discipline!BA232 -> 23.666667 | BO231: =BN231*0.1 -> 2.3666667 | BP231: =IF(HPS!BO231>=6,"Cleared","NC") -> NC | BQ231: =BE231+BI231+BL231+BO231 -> 30.035185

Sheet Persona
B1: 3 | C1: 4 | D1: 1 | E1: 2 | F1: 5 | G1: 6 | H1: 7 | I1: 8 | J1: 9 | K1: 10 | L1: 11 | M1: 12 | N1: 13 | Q1: 14 | R1: 15 | S1: 16 | T1: 17 | U1: 18 | V1: 19 | W1: 20 | X1: 21 | Y1: 22 | Z1: 23 | AA1: 30 | AB1: 31 | AE1: 32 | AF1: 33 | AG1: 34 | AH1: 35 | AI1: 36 | AJ1: 37 | AK1: 38 | AL1: 39 | AM1: 40 | AN1: 47 | AQ1: 48 | AR1: 49 | AS1: 50 | AT1: 51 | AU1: 52 | AV1: 53 | AW1: 54 | AX1: 55 | AY1: 56 | AZ1: 57 | BA1: 64 | BD1: 65 | BE1: 66
F2: Term 1 / Level 0 | S2: Term2 / Level 1 | AF2: Term 3 / Level 2 | AS2: Term 4 / Level 3
A3: Sr # | B3: Gender | C3: Section | D3: RN | E3: Student name | F3: Competenicies ( SHL) | M3: Total | N3: Final Score | O3: Internal | P3: Capstone | Q3: HPS Score | R3: Elgibility | S3: Competencies | Z3: Total | AA3: Final Score | AB3: Internal | AC3: Capstone | AD3: HPS Score | AE3: Elgibility | AF3: Competencies | AM3: Total | AN3: Final Score | AO3: Internal | AP3: Capstone | AQ3: HPS Score | AR3: Elgibility | AS3: Competencies | AZ3: Total | BA3: Final Score | BB3: Internal | BC3: Capstone | BD3: HPS Score | BE3: Elgibility
F4: A & C | G4: C | H4: E | I4: L | J4: N | K4: P | L4: T | R4: Threshold (50) | S4: A & C | T4: C | U4: E | V4: L | W4: N | X4: P | Y4: T | AE4: Threshold 50) | AF4: A & C | AG4: C | AH4: E | AI4: L | AJ4: N | AK4: P | AL4: T | AR4: Threshold (50) | AS4: A & C | AT4: C | AU4: E | AV4: L | AW4: N | AX4: P | AY4: T | BE4: Threshold (50)
A5: 1 | B5: Female | C5: A | D5: 2024JULB00001 | E5: A Divya Sree | F5: 2 | G5: 2 | H5: 4 | I5: 3 | J5: 1 | K5: 3 | L5: 1 | M5: =F5+G5+H5+I5+J5+K5+L5 -> 16 | N5: =M5/35*100 -> 45.714286 | O5: 0 | P5: =Capstones!O4 -> 62.222222 | Q5: =P5*0.5 -> 31.111111 | R5: =IF(Q5>=25,"Cleared","NC") -> Cleared | S5: 3.4166667 | T5: 3.2291667 | U5: 2.6666667 | V5: 4 | W5: 2.6666667 | X5: 2.8833333 | Y5: 2.5 | Z5: =S5+T5+U5+V5+W5+X5+Y5 -> 21.3625 | AA5: =Persona!$Z5/35*100 -> 61.035714 | AB5: =AA5*0.4 -> 24.414286 | AC5: =Capstones!Z4*0.6 -> 55.2 | AD5: =(Persona!$AB5+Persona!$AC5)*0.5 -> 39.807143 | AE5: =IF(AD5>=25,"Cleared","NC") -> Cleared | AG5: 2.0833333 | AH5: 1 | AI5: 1.625 | AJ5: 1.125 | AL5: 1.6666667 | AM5: =AF5+AG5+AH5+AI5+AJ5+AK5+AL5 -> 7.5 | AN5: =Persona!$AM5/25*100 -> 30 | AO5: =Persona!$AN5*0.4 -> 12 | AP5: =Capstones!AK4*0.6 -> 56 | AQ5: =(Persona!$AO5+Persona!$AP5)*0.5 -> 34 | AR5: =IF(AQ5>=25,"Cleared","NC") -> Cleared | AS5: 3.1666667 | AT5: 3.175 | AU5: 2.3333333 | AV5: 3 | AX5: 3.3888889 | AY5: 3 | AZ5: =AS5+AT5+AU5+AV5+AW5+AX5+AY5 -> 18.063889 | BA5: =AZ5*100/30 -> 60.212963 | BB5: =BA5*0.4 -> 24.085185 | BC5: =Capstones!AV4*0.6 -> 52 | BD5: =(BB5+BC5)*0.5 -> 38.042593 | BE5: =IF(BD5>=25,"Cleared","NC") -> Cleared
A6: 2 | B6: Male | C6: A | D6: 2024JULB00002 | E6: Aaditya K | F6: 1 | G6: 1 | H6: 4 | I6: 3 | J6: 2 | K6: 2 | L6: 3 | M6: =F6+G6+H6+I6+J6+K6+L6 -> 16 | N6: =M6/35*100 -> 45.714286 | O6: 0 | P6: =Capstones!O5 -> 48.888889 | Q6: =P6*0.5 -> 24.444444 | R6: =IF(Q6>=25,"Cleared","NC") -> NC | S6: 3.0833333 | T6: 3.2333333 | U6: 2.6666667 | V6: 2 | W6: 4.3333333 | X6: 2.5666667 | Y6: 2 | Z6: =S6+T6+U6+V6+W6+X6+Y6 -> 19.883333 | AA6: =Persona!$Z6/35*100 -> 56.809524 | AB6: =AA6*0.4 -> 22.72381 | AC6: =Capstones!Z5*0.6 -> 48.8 | AD6: =(Persona!$AB6+Persona!$AC6)*0.5 -> 35.761905 | AE6: =IF(AD6>=25,"Cleared","NC") -> Cleared | AG6: 2.8916667 | AH6: 1 | AI6: 1 | AJ6: 0.75 | AL6: 1.0833333 | AM6: =AF6+AG6+AH6+AI6+AJ6+AK6+AL6 -> 6.725 | AN6: =Persona!$AM6/25*100 -> 26.9 | AO6: =Persona!$AN6*0.4 -> 10.76 | AP6: =Capstones!AK5*0.6 -> 33.333333 | AQ6: =(Persona!$AO6+Persona!$AP6)*0.5 -> 22.046667 | AR6: =IF(AQ6>=25,"Cleared","NC") -> NC | AS6: 2.3333333 | AT6: 2.55 | AU6: 3.3333333 | AV6: 3 | AX6: 2.9722222 | AY6: 3 | AZ6: =AS6+AT6+AU6+AV6+AW6+AX6+AY6 -> 17.188889 | BA6: =AZ6*100/30 -> 57.296296 | BB6: =BA6*0.4 -> 22.918519 | BC6: =Capstones!AV5*0.6 -> 40 | BD6: =(BB6+BC6)*0.5 -> 31.459259 | BE6: =IF(BD6>=25,"Cleared","NC") -> Cleared
A7: 3 | B7: Female | C7: A | D7: 2024JULB00003 | E7: Aanchal Sapra | F7: 2 | G7: 1 | H7: 4 | I7: 1 | J7: 3 | K7: 3 | L7: 1 | M7: =F7+G7+H7+I7+J7+K7+L7 -> 15 | N7: =M7/35*100 -> 42.857143 | O7: 0 | P7: =Capstones!O6 -> 66.666667 | Q7: =P7*0.5 -> 33.333333 | R7: =IF(Q7>=25,"Cleared","NC") -> Cleared | S7: 1.3333333 | T7: 1.859375 | U7: 2 | V7: 1 | W7: 4 | X7: 1.8 | Y7: 1.5 | Z7: =S7+T7+U7+V7+W7+X7+Y7 -> 13.492708 | AA7: =Persona!$Z7/35*100 -> 38.550595 | AB7: =AA7*0.4 -> 15.420238 | AC7: =Capstones!Z6*0.6 -> 48 | AD7: =(Persona!$AB7+Persona!$AC7)*0.5 -> 31.710119 | AE7: =IF(AD7>=25,"Cleared","NC") -> Cleared | AG7: 1.9916667 | AH7: 1.2666667 | AI7: 0.75 | AJ7: 0.5 | AL7: 1 | AM7: =AF7+AG7+AH7+AI7+AJ7+AK7+AL7 -> 5.5083333 | AN7: =Persona!$AM7/25*100 -> 22.033333 | AO7: =Persona!$AN7*0.4 -> 8.8133333 | AP7: =Capstones!AK6*0.6 -> 40 | AQ7: =(Persona!$AO7+Persona!$AP7)*0.5 -> 24.406667 | AR7: =IF(AQ7>=25,"Cleared","NC") -> NC | AS7: 2.5 | AT7: 2.675 | AU7: 3 | AV7: 3 | AX7: 2.8888889 | AY7: 3 | AZ7: =AS7+AT7+AU7+AV7+AW7+AX7+AY7 -> 17.063889 | BA7: =AZ7*100/30 -> 56.87963 | BB7: =BA7*0.4 -> 22.751852 | BC7: =Capstones!AV6*0.6 -> 32 | BD7: =(BB7+BC7)*0.5 -> 27.375926 | BE7: =IF(BD7>=25,"Cleared","NC") -> Cleared
A8: 4 | B8: Male | C8: A | D8: 2024JULB00004 | E8: Abhinav B | F8: 2 | G8: 1 | H8: 4 | I8: 2 | J8: 1 | K8: 2 | L8: 2 | M8: =F8+G8+H8+I8+J8+K8+L8 -> 14 | N8: =M8/35*100 -> 40 | O8: 0 | P8: =Capstones!O7 -> 66.666667 | Q8: =P8*0.5 -> 33.333333 | R8: =IF(Q8>=25,"Cleared","NC") -> Cleared | S8: 1 | T8: 2.04375 | U8: 0.75 | V8: 2 | W8: 2.6666667 | X8: 1.25 | Y8: 2 | Z8: =S8+T8+U8+V8+W8+X8+Y8 -> 11.710417 | AA8: =Persona!$Z8/35*100 -> 33.458333 | AB8: =AA8*0.4 -> 13.383333 | AC8: =Capstones!Z7*0.6 -> 52 | AD8: =(Persona!$AB8+Persona!$AC8)*0.5 -> 32.691667 | AE8: =IF(AD8>=25,"Cleared","NC") -> Cleared | AG8: 2.4083333 | AH8: 1 | AI8: 1.125 | AJ8: 0.625 | AL8: 1.6666667 | AM8: =AF8+AG8+AH8+AI8+AJ8+AK8+AL8 -> 6.825 | AN8: =Persona!$AM8/25*100 -> 27.3 | AO8: =Persona!$AN8*0.4 -> 10.92 | AP8: =Capstones!AK7*0.6 -> 25.333333 | AQ8: =(Persona!$AO8+Persona!$AP8)*0.5 -> 18.126667 | AR8: =IF(AQ8>=25,"Cleared","NC") -> NC | AS8: 3 | AT8: 2.95 | AU8: 3.3333333 | AV8: 4 | AX8: 3.1111111 | AY8: 3 | AZ8: =AS8+AT8+AU8+AV8+AW8+AX8+AY8 -> 19.394444 | BA8: =AZ8*100/30 -> 64.648148 | BB8: =BA8*0.4 -> 25.859259 | BC8: =Capstones!AV7*0.6 -> 32.666667 | BD8: =(BB8+BC8)*0.5 -> 29.262963 | BE8: =IF(BD8>=25,"Cleared","NC") -> Cleared
A9: 5 | B9: Male | C9: D | D9: 2024JULB00005 | E9: Abhirup Choudhury | F9: 2 | G9: 1 | H9: 4 | I9: 3 | J9: 2 | K9: 3 | L9: 1 | M9: =F9+G9+H9+I9+J9+K9+L9 -> 16 | N9: =M9/35*100 -> 45.714286 | O9: 0 | P9: =Capstones!O8 -> 0 | Q9: =P9*0.5 -> 0 | R9: =IF(Q9>=25,"Cleared","NC") -> NC | S9: 0 | T9: 0 | U9: 0 | V9: 0 | W9: 0 | X9: 0 | Y9: 0 | Z9: =S9+T9+U9+V9+W9+X9+Y9 -> 0 | AA9: =Persona!$Z9/35*100 -> 0 | AB9: =AA9*0.4 -> 0 | AC9: =Capstones!Z8*0.6 -> 0 | AD9: =(Persona!$AB9+Persona!$AC9)*0.5 -> 0 | AE9: =IF(AD9>=25,"Cleared","NC") -> NC | AG9: 2.7833333 | AH9: 2 | AI9: 2.625 | AJ9: 2.625 | AL9: 3.0833333 | AM9: =AF9+AG9+AH9+AI9+AJ9+AK9+AL9 -> 13.116667 | AN9: =Persona!$AM9/25*100 -> 52.466667 | AO9: =Persona!$AN9*0.4 -> 20.986667 | AP9: =Capstones!AK8*0.6 -> 30 | AQ9: =(Persona!$AO9+Persona!$AP9)*0.5 -> 25.493333 | AR9: =IF(AQ9>=25,"Cleared","NC") -> Cleared | AS9: 1 | AT9: 1 | AU9: 1 | AV9: 1 | AX9: 1 | AY9: 1.6666667 | AZ9: =AS9+AT9+AU9+AV9+AW9+AX9+AY9 -> 6.6666667 | BA9: =AZ9*100/30 -> 22.222222 | BB9: =BA9*0.4 -> 8.8888889 | BC9: =Capstones!AV8*0.6 -> 0 | BD9: =(BB9+BC9)*0.5 -> 4.4444444 | BE9: =IF(BD9>=25,"Cleared","NC") -> NC
