Workbook

Sheet Interventions
A1: Sr# | B1: Program Level | C1: Activity / Workshops Name | D1: Interventions (Name) | E1: Institution | F1: Program / Course | G1: Batch | H1: Term / Semester | I1: No: of Session Planned | J1: No: of Session Conducted | K1: Micro - Competencies | AC1: Link to Update Score
B2: Level 1 | C2: Art of Storytelling | D2: Storytelling Presentation | E2: JAGSoM | F2: PGDM | G2: 2024 -26 | H2: 2 | I2: 3 | J2: 3 | K2: C1 | L2: C2 | M2: C3 | N2: C5 | O2: E1 | P2: E3 | Q2: A1 | R2: A2 | S2: A3 | T2: A4 | U2: P1 | V2: P2 | W2: P3 | X2: P4 | Y2: T1 | Z2: D3 | AA2: D4 | AB2: D5
B3: Level 1 | C3: Art of Storytelling | D3: Book Review Presentation | E3: JAGSoM | F3: PGDM | G3: 2024 -26 | H3: 2 | I3: 3 | J3: 3 | K3: C1 | L3: C2 | M3: C3 | N3: C5 | O3: E1 | P3: E3 | Q3: A1 | R3: A2 | S3: A3 | T3: A4 | U3: P1 | V3: P2 | W3: P3 | X3: P4 | Y3: T1 | Z3: D3 | AA3: D4 | AB3: D5
B4: Level 1 | C4: Interpersonal Effectivness | E4: JAGSoM | F4: PGDM | G4: 2024 -26 | H4: 2 | I4: 2 | J4: 2
B5: Level 1 | C5: Interpersonal Role Play | E5: JAGSoM | F5: PGDM | G5: 2024 -26 | H5: 2 | I5: 2 | J5: 1 | K5: T4 | L5: T5 | Z5: D3 | AA5: D4 | AB5: D5
B6: Level 1 | C6: Problem Solving | E6: JAGSoM | F6: PGDM | G6: 2024 -26 | H6: 2 | I6: 4 | J6: 4
B7: Level 1 | D7: Case Study Analysis | E7: JAGSoM | F7: PGDM | G7: 2024 -26 | H7: 2 | I7: 0 | J7: 0 | K7: P1 | L7: P2 | M7: P3 | N7: P4 | Z7: D3 | AA7: D4 | AB7: D5
B8: Level 1 | C8: Business Proposal Writing | E8: JAGSoM | F8: PGDM | G8: 2024 -26 | H8: 2 | I8: 1 | J8: 1
B9: Level 1 | D9: Business Proposal Report | E9: JAGSoM | F9: PGDM | G9: 2024 -26 | H9: 2 | I9: 2 | J9: 2 | K9: C1 | L9: A1 | M9: A2 | N9: A3 | O9: A4 | P9: E1 | Q9: P1 | R9: P2 | S9: P3 | T9: P4 | Z9: D3 | AA9: D4 | AB9: D5
B10: Level 1 | C10: Email Writing | E10: JAGSoM | F10: PGDM | G10: 2024 -26 | H10: 2 | I10: 1 | J10: 1
B11: Level 1 | D11: Email Writing | E11: JAGSoM | F11: PGDM | G11: 2024 -26 | H11: 2 | I11: 2 | J11: 2 | K11: C4 | Z11: D3 | AA11: D4 | AB11: D5
B12: Level 1 | C12: Art of Argumentation | E12: JAGSoM | F12: PGDM | G12: 2024 -26 | H12: 2 | I12: 1 | J12: 1
D13: Debating | E13: JAGSoM | F13: PGDM | G13: 2024 -26 | H13: 2 | I13: 3 | J13: 3 | K13: C1 | L13: C2 | M13: C3 | N13: C5 | O13: A1 | P13: A2 | Q13: A3 | R13: A4 | S13: L1 | T13: T1 | Z13: D3 | AA13: D4 | AB13: D5

Sheet Working
A1: Intervention Name : | C1: Story Telling | O1: C1 | P1: C2 | Q1: C3 | R1: C5 | S1: E1 | T1: A1 | U1: A2 | V1: A3 | W1: A4 | X1: P1 | Y1: P2 | Z1: P4 | AA1: T1 | AB1: D4 | AC1: D5
A2: Sr# | B2: Roll Number | C2: Name | D2: Gender | E2: Section | F2: Section | G2: Analytical & Critical Thinking ( A ) | L2: Total | M2: Communication ( C ) | R2: Total | S2: Empathy ( E ) | X2: Total | Y2: Leadership( L ) | AD2: Total | AE2: Negotiation ( N ) | AJ2: Total | AK2: Problem Solving ( P ) | AP2: Total | AQ2: Team Work ( T) | AV2: Total | AW2: Discipline | BB2: Total
G3: A 1 | H3: A 2 | I3: A 3 | J3: A 4 | K3: A 5 | M3: C 1 | N3: C 2 | O3: C 3 | P3: C 4 | Q3: C 5 | S3: E 1 | T3: E 2 | U3: E 3 | V3: E 4 | W3: E 5 | Y3: L 1 | Z3: L 2 | AA3: L 3 | AB3: L 4 | AC3: L 5 | AE3: N 1 | AF3: N 2 | AG3: N 3 | AH3: N 4 | AI3: N 5 | AK3: P 1 | AL3: P 2 | AM3: P 3 | AN3: P 4 | AO3: P 5 | AQ3: T 1 | AR3: T 2 | AS3: T 3 | AT3: T 4 | AU3: T 5 | AW3: D 1 | AX3: D 2 | AY3: D 3 | AZ3: D 4 | BA3: D 5
A4: Column1 | B4: Column2 | C4: Column3 | D4: Column4 | E4: Column5 | F4: Column6 | G4: Column7 | H4: Column8 | I4: Column9 | J4: Column10 | K4: Column11 | L4: Column12 | M4: Column13 | N4: Column14 | O4: Column15 | P4: Column16 | Q4: Column17 | R4: Column18 | S4: Column19 | T4: Column20 | U4: Column21 | V4: Column22 | W4: Column23 | X4: Column24 | Y4: Column25 | Z4: Column26 | AA4: Column27 | AB4: Column28 | AC4: Column29 | AD4: Column30 | AE4: Column31 | AF4: Column32 | AG4: Column33 | AH4: Column34 | AI4: Column35 | AJ4: Column36 | AK4: Column37 | AL4: Column38 | AM4: Column39 | AN4: Column40 | AO4: Column41 | AP4: Column42 | AQ4: Column43 | AR4: Column44 | AS4: Column45 | AT4: Column46 | AU4: Column47 | AV4: Column48 | AW4: Column49 | AX4: Column50 | AY4: Column51 | AZ4: Column52 | BA4: Column53 | BB4: Column54
A5: 1 | B5: 2024JULB00001 | C5: A Divya Sree | D5: Female | E5: A | F5: =REPT(CHAR(160),10)&Working!$E5 -> A | G5: 0 | H5: 0 | I5: 5 | J5: 0 | K5: 0 | L5: 5 | M5: 0 | N5: 4 | O5: 4 | P5: 0 | Q5: 4 | R5: 4 | S5: 0 | T5: 0 | U5: 0 | V5: 0 | W5: 0 | X5: 0 | Y5: 4 | Z5: 0 | AA5: 0 | AB5: 0 | AC5: 0 | AD5: 4 | AE5: 0 | AF5: 0 | AG5: 0 | AH5: 0 | AI5: 4 | AJ5: 0 | AK5: 5 | AL5: 5 | AM5: 0 | AN5: 5 | AO5: 0 | AP5: 5 | AQ5: 5 | AR5: 0 | AS5: 0 | AT5: 0 | AU5: 0 | AV5: 5 | AW5: 0 | AX5: 0 | AY5: 0 | AZ5: 4 | BA5: 5 | BB5: 4.5
A6: 2 | B6: 2024JULB00002 | C6: Aaditya K | D6: Male | E6: A | F6: =REPT(CHAR(160),10)&Working!$E6 -> A | G6: 0 | H6: 0 | I6: 4 | J6: 0 | K6: 0 | L6: 4 | M6: 0 | N6: 4 | O6: 4 | P6: 0 | Q6: 4 | R6: 4 | S6: 0 | T6: 0 | U6: 0 | V6: 0 | W6: 0 | X6: 0 | Y6: 5 | Z6: 0 | AA6: 0 | AB6: 0 | AC6: 0 | AD6: 5 | AE6: 0 | AF6: 0 | AG6: 0 | AH6: 0 | AI6: 0 | AJ6: 0 | AK6: 4 | AL6: 4 | AM6: 0 | AN6: 4 | AO6: 0 | AP6: 4 | AQ6: 4 | AR6: 0 | AS6: 0 | AT6: 0 | AU6: 0 | AV6: 4 | AW6: 0 | AX6: 0 | AY6: 0 | AZ6: 4 | BA6: 4 | BB6: 4
A7: 3 | B7: 2024JULB00003 | C7: Aanchal Sapra | D7: Female | E7: A | F7: =REPT(CHAR(160),10)&Working!$E7 -> A | G7: 0 | H7: 0 | I7: 4 | J7: 0 | K7: 0 | L7: 4 | M7: 0 | N7: 4 | O7: 4 | P7: 0 | Q7: 4 | R7: 4 | S7: 0 | T7: 0 | U7: 0 | V7: 0 | W7: 0 | X7: 0 | Y7: 4 | Z7: 0 | AA7: 0 | AB7: 0 | AC7: 0 | AD7: 4 | AE7: 0 | AF7: 0 | AG7: 0 | AH7: 0 | AI7: 0 | AJ7: 0 | AK7: 4 | AL7: 4 | AM7: 0 | AN7: 4 | AO7: 0 | AP7: 4 | AQ7: 4 | AR7: 0 | AS7: 0 | AT7: 0 | AU7: 0 | AV7: 4 | AW7: 0 | AX7: 0 | AY7: 0 | AZ7: 4 | BA7: 4 | BB7: 4
A8: 4 | B8: 2024JULB00004 | C8: Abhinav B | D8: Male | E8: A | F8: =REPT(CHAR(160),10)&Working!$E8 -> A | G8: 0 | H8: 0 | I8: 4 | J8: 0 | K8: 0 | L8: 4 | M8: 0 | N8: 4 | O8: 5 | P8: 0 | Q8: 5 | R8: 4.6666667 | S8: 0 | T8: 0 | U8: 0 | V8: 0 | W8: 0 | X8: 0 | Y8: 4 | Z8: 0 | AA8: 0 | AB8: 0 | AC8: 0 | AD8: 4 | AE8: 0 | AF8: 0 | AG8: 0 | AH8: 0 | AI8: 0 | AJ8: 0 | AK8: 5 | AL8: 4 | AM8: 0 | AN8: 4 | AO8: 0 | AP8: 4.3333333 | AQ8: 5 | AR8: 0 | AS8: 0 | AT8: 0 | AU8: 0 | AV8: 5 | AW8: 0 | AX8: 0 | AY8: 0 | AZ8: 4 | BA8: 4 | BB8: 4
A9: 5 | B9: 2024JULB00005 | C9: Abhirup Choudhury | D9: Male | E9: D | F9: =REPT(CHAR(160),10)&Working!$E9 -> D | G9: 0 | H9: 0 | I9: A | J9: 0 | K9: 0 | L9: A | M9: 0 | N9: 0 | O9: 0 | P9: 0 | Q9: 0 | R9: 0 | S9: 0 | T9: 0 | U9: 0 | V9: 0 | W9: 0 | X9: 0 | Y9: 0 | Z9: 0 | AA9: 0 | AB9: 0 | AC9: 0 | AD9: 0 | AE9: 0 | AF9: 0 | AG9: 0 | AH9: 0 | AI9: 0 | AJ9: 0 | AK9: 0 | AL9: 0 | AM9: 0 | AN9: 0 | AO9: 0 | AP9: #DIV/0! | AQ9: 0 | AR9: 0 | AS9: 0 | AT9: 0 | AU9: 0 | AV9: 0 | AW9: 0 | AX9: 0 | AY9: 0 | AZ9: 0 | BA9: 0 | BB9: #DIV/0!
A10: 6 | B10: 2024JULB00006 | C10: Abhyuday Tripathi | D10: Male | E10: A | F10: =REPT(CHAR(160),10)&Working!$E10 -> A | G10: 0 | H10: 0 | I10: 4 | J10: 0 | K10: 0 | L10: 4 | M10: 0 | N10: 5 | O10: 4 | P10: 0 | Q10: 4 | R10: 4.3333333 | S10: 0 | T10: 0 | U10: 0 | V10: 0 | W10: 0 | X10: 0 | Y10: 5 | Z10: 0 | AA10: 0 | AB10: 0 | AC10: 0 | AD10: 5 | AE10: 0 | AF10: 0 | AG10: 0 | AH10: 0 | AI10: 0 | AJ10: 0 | AK10: 5 | AL10: 5 | AM10: 0 | AN10: 5 | AO10: 0 | AP10: 5 | AQ10: 5 | AR10: 0 | AS10: 0 | AT10: 0 | AU10: 0 | AV10: 5 | AW10: 0 | AX10: 0 | AY10: 0 | AZ10: 5 | BA10: 5 | BB10: 5
A11: 7 | B11: 2024JULB00007 | C11: Adarsh G | D11: Male | E11: A | F11: =REPT(CHAR(160),10)&Working!$E11 -> A | G11: 0 | H11: 0 | I11: 5 | J11: 0 | K11: 0 | L11: 5 | M11: 0 | N11: 5 | O11: 5 | P11: 0 | Q11: 5 | R11: 5 | S11: 0 | T11: 0 | U11: 0 | V11: 0 | W11: 0 | X11: 0 | Y11: 5 | Z11: 0 | AA11: 0 | AB11: 0 | AC11: 0 | AD11: 5 | AE11: 0 | AF11: 0 | AG11: 0 | AH11: 0 | AI11: 0 | AJ11: 0 | AK11: 4 | AL11: 5 | AM11: 0 | AN11: 5 | AO11: 0 | AP11: 4.6666667 | AQ11: 5 | AR11: 0 | AS11: 0 | AT11: 0 | AU11: 0 | AV11: 5 | AW11: 0 | AX11: 0 | AY11: 0 | AZ11: 5 | BA11: 4 | BB11: 4.5
A12: 8 | B12: 2024JULB00008 | C12: Adarsh Raj Barman | D12: Male | E12: C | F12: =REPT(CHAR(160),10)&Working!$E12 -> C | G12: 0 | H12: 0 | I12: 4 | J12: 0 | K12: 0 | L12: 4 | M12: 0 | N12: 4 | O12: 4 | P12: 0 | Q12: 4 | R12: 4 | S12: 0 | T12: 0 | U12: 0 | V12: 0 | W12: 0 | X12: 0 | Y12: 4 | Z12: 0 | AA12: 0 | AB12: 0 | AC12: 0 | AD12: 4 | AE12: 0 | AF12: 0 | AG12: 0 | AH12: 0 | AI12: 0 | AJ12: 0 | AK12: 4 | AL12: 5 | AM12: 0 | AN12: 5 | AO12: 0 | AP12: 4.6666667 | AQ12: 4 | AR12: 0 | AS12: 0 | AT12: 0 | AU12: 0 | AV12: 4 | AW12: 0 | AX12: 0 | AY12: 0 | AZ12: 4 | BA12: 4 | BB12: 4
A13: 9 | B13: 2024JULB00009 | C13: Aditi Kumari | D13: Female | E13: A | F13: =REPT(CHAR(160),10)&Working!$E13 -> A | G13: 0 | H13: 0 | I13: 4 | J13: 0 | K13: 0 | L13: 4 | M13: 0 | N13: 4 | O13: 4 | P13: 0 | Q13: 4 | R13: 4 | S13: 0 | T13: 0 | U13: 0 | V13: 0 | W13: 0 | X13: 0 | Y13: 4 | Z13: 0 | AA13: 0 | AB13: 0 | AC13: 0 | AD13: 4 | AE13: 0 | AF13: 0 | AG13: 0 | AH13: 0 | AI13: 0 | AJ13: 0 | AK13: 4 | AL13: 5 | AM13: 0 | AN13: 4 | AO13: 0 | AP13: 4.3333333 | AQ13: 5 | AR13: 0 | AS13: 0 | AT13: 0 | AU13: 0 | AV13: 5 | AW13: 0 | AX13: 0 | AY13: 0 | AZ13: 4 | BA13: 4 | BB13: 4
A14: 10 | B14: 2024JULB00012 | C14: Akarsh Narain | D14: Male | E14: A | F14: =REPT(CHAR(160),10)&Working!$E14 -> A | G14: 0 | H14: 0 | I14: 4 | J14: 0 | K14: 0 | L14: 4 | M14: 0 | N14: 4 | O14: 5 | P14: 0 | Q14: 5 | R14: 4.6666667 | S14: 0 | T14: 0 | U14: 0 | V14: 0 | W14: 0 | X14: 0 | Y14: 4 | Z14: 0 | AA14: 0 | AB14: 0 | AC14: 0 | AD14: 4 | AE14: 0 | AF14: 0 | AG14: 0 | AH14: 0 | AI14: 0 | AJ14: 0 | AK14: 5 | AL14: 4 | AM14: 0 | AN14: 5 | AO14: 0 | AP14: 4.6666667 | AQ14: 5 | AR14: 0 | AS14: 0 | AT14: 0 | AU14: 0 | AV14: 5 | AW14: 0 | AX14: 0 | AY14: 0 | AZ14: 4 | BA14: 5 | BB14: 4.5
A15: 11 | B15: 2024JULB00013 | C15: Akshat Singh | D15: Male | E15: B | F15: =REPT(CHAR(160),10)&Working!$E15 -> B | G15: 0 | H15: 0 | I15: 4 | J15: 0 | K15: 0 | L15: 4 | M15: 0 | N15: 4 | O15: 5 | P15: 0 | Q15: 5 | R15: 4.6666667 | S15: 0 | T15: 0 | U15: 0 | V15: 0 | W15: 0 | X15: 0 | Y15: 5 | Z15: 0 | AA15: 0 | AB15: 0 | AC15: 0 | AD15: 5 | AE15: 0 | AF15: 0 | AG15: 0 | AH15: 0 | AI15: 0 | AJ15: 0 | AK15: 4 | AL15: 4 | AM15: 0 | AN15: 4 | AO15: 0 | AP15: 4 | AQ15: 3 | AR15: 0 | AS15: 0 | AT15: 0 | AU15: 0 | AV15: 3 | AW15: 0 | AX15: 0 | AY15: 0 | AZ15: 4 | BA15: 4 | BB15: 4
A16: 12 | B16: 2024JULB00014 | C16: Amal Shibu Balan | D16: Male | E16: B | F16: =REPT(CHAR(160),10)&Working!$E16 -> B | G16: 0 | H16: 0 | I16: 5 | J16: 0 | K16: 0 | L16: 5 | M16: 0 | N16: 4 | O16: 5 | P16: 0 | Q16: 5 | R16: 4.6666667 | S16: 0 | T16: 0 | U16: 0 | V16: 0 | W16: 0 | X16: 0 | Y16: 4 | Z16: 0 | AA16: 0 | AB16: 0 | AC16: 0 | AD16: 4 | AE16: 0 | AF16: 0 | AG16: 0 | AH16: 0 | AI16: 0 | AJ16: 0 | AK16: 4 | AL16: 3 | AM16: 0 | AN16: 4 | AO16: 0 | AP16: 3.6666667 | AQ16: 4 | AR16: 0 | AS16: 0 | AT16: 0 | AU16: 0 | AV16: 4 | AW16: 0 | AX16: 0 | AY16: 0 | AZ16: 4 | BA16: 4 | BB16: 4
A17: 13 | B17: 2024JULB00017 | C17: Anamitra Dutta | D17: Male | E17: A | F17: =REPT(CHAR(160),10)&Working!$E17 -> A | G17: 0 | H17: 0 | I17: 4 | J17: 0 | K17: 0 | L17: 4 | M17: 0 | N17: 4 | O17: 4 | P17: 0 | Q17: 4 | R17: 4 | S17: 0 | T17: 0 | U17: 0 | V17: 0 | W17: 0 | X17: 0 | Y17: 4 | Z17: 0 | AA17: 0 | AB17: 0 | AC17: 0 | AD17: 4 | AE17: 0 | AF17: 0 | AG17: 0 | AH17: 0 | AI17: 0 | AJ17: 0 | AK17: 4 | AL17: 4 | AM17: 0 | AN17: 4 | AO17: 0 | AP17: 4 | AQ17: 4 | AR17: 0 | AS17: 0 | AT17: 0 | AU17: 0 | AV17: 4 | AW17: 0 | AX17: 0 | AY17: 0 | AZ17: 4 | BA17: 4 | BB17: 4
A18: 14 | B18: 2024JULB00019 | C18: Anantaa Paul | D18: Female | E18: B | F18: =REPT(CHAR(160),10)&Working!$E18 -> B | G18: 0 | H18: 0 | I18: 4 | J18: 0 | K18: 0 | L18: 4 | M18: 0 | N18: 4 | O18: 4 | P18: 0 | Q18: 4 | R18: 4 | S18: 0 | T18: 0 | U18: 0 | V18: 0 | W18: 0 | X18: 0 | Y18: 5 | Z18: 0 | AA18: 0 | AB18: 0 | AC18: 0 | AD18: 5 | AE18: 0 | AF18: 0 | AG18: 0 | AH18: 0 | AI18: 0 | AJ18: 0 | AK18: 5 | AL18: 5 | AM18: 0 | AN18: 5 | AO18: 0 | AP18: 5 | AQ18: 0 | AR18: 0 | AS18: 0 | AT18: 0 | AU18: 0 | AV18: 0 | AW18: 0 | AX18: 0 | AY18: 0 | AZ18: 4 | BA18: 4 | BB18: 4
A19: 15 | B19: 2024JULB00020 | C19: Ananya Das | D19: Female | E19: C | F19: =REPT(CHAR(160),10)&Working!$E19 -> C | G19: 0 | H19: 0 | I19: 4 | J19: 0 | K19: 0 | L19: 4 | M19: 0 | N19: 4 | O19: 4 | P19: 0 | Q19: 4 | R19: 4 | S19: 0 | T19: 0 | U19: 0 | V19: 0 | W19: 0 | X19: 0 | Y19: 4 | Z19: 0 | AA19: 0 | AB19: 0 | AC19: 0 | AD19: 4 | AE19: 0 | AF19: 0 | AG19: 0 | AH19: 0 | AI19: 0 | AJ19: 0 | AK19: 4 | AL19: 4 | AM19: 0 | AN19: 4 | AO19: 0 | AP19: 4 | AQ19: 3 | AR19: 0 | AS19: 0 | AT19: 0 | AU19: 0 | AV19: 3 | AW19: 0 | AX19: 0 | AY19: 0 | AZ19: 4 | BA19: 4 | BB19: 4
A20: 16 | B20: 2024JULB00021 | C20: Aniket Inani | D20: Male | E20: A | F20: =REPT(CHAR(160),10)&Working!$E20 -> A | G20: 0 | H20: 0 | I20: 4 | J20: 0 | K20: 0 | L20: 4 | M20: 0 | N20: 4 | O20: 4 | P20: 0 | Q20: 4 | R20: 4 | S20: 0 | T20: 0 | U20: 0 | V20: 0 | W20: 0 | X20: 0 | Y20: 3 | Z20: 0 | AA20: 0 | AB20: 0 | AC20: 0 | AD20: 3 | AE20: 0 | AF20: 0 | AG20: 0 | AH20: 0 | AI20: 0 | AJ20: 0 | AK20: 4 | AL20: 3 | AM20: 0 | AN20: 4 | AO20: 0 | AP20: 3.6666667 | AQ20: 4 | AR20: 0 | AS20: 0 | AT20: 0 | AU20: 0 | AV20: 4 | AW20: 0 | AX20: 0 | AY20: 0 | AZ20: 4 | BA20: 4 | BB20: 4
A21: 17 | B21: 2024JULB00022 | C21: Anupa Maheshwari | D21: Female | E21: C | F21: =REPT(CHAR(160),10)&Working!$E21 -> C | G21: 0 | H21: 0 | I21: 4 | J21: 0 | K21: 0 | L21: 4 | M21: 0 | N21: 4 | O21: 4 | P21: 0 | Q21: 4 | R21: 4 | S21: 0 | T21: 0 | U21: 0 | V21: 0 | W21: 0 | X21: 0 | Y21: 4 | Z21: 0 | AA21: 0 | AB21: 0 | AC21: 0 | AD21: 4 | AE21: 0 | AF21: 0 | AG21: 0 | AH21: 0 | AI21: 0 | AJ21: 0 | AK21: 4 | AL21: 5 | AM21: 0 | AN21: 5 | AO21: 0 | AP21: 4.6666667 | AQ21: 5 | AR21: 0 | AS21: 0 | AT21: 0 | AU21: 0 | AV21: 5 | AW21: 0 | AX21: 0 | AY21: 0 | AZ21: 4 | BA21: 4 | BB21: 4
... A67: 63 | B67: 2024JULB00078 | C67: Keshav Dhoot | D67: Male | E67: A | F67: =REPT(CHAR(160),10)&Working!$E67 -> A | G67: 0 | H67: 0 | I67: 3 | J67: 0 | K67: 0 | L67: 3 | M67: 0 | N67: 3 | O67: 3 | P67: 0 | Q67: 3 | R67: 3 | S67: 0 | T67: 0 | U67: 0 | V67: 0 | W67: 0 | X67: 0 | Y67: 4 | Z67: 0 | AA67: 0 | AB67: 0 | AC67: 0 | AD67: 4 | AE67: 0 | AF67: 0 | AG67: 0 | AH67: 0 | AI67: 0 | AJ67: 0 | AK67: 3 | AL67: 4 | AM67: 0 | AN67: 3 | AO67: 0 | AP67: 3.3333333 | AQ67: 3 | AR67: 0 | AS67: 0 | AT67: 0 | AU67: 0 | AV67: 3 | AW67: 0 | AX67: 0 | AY67: 0 | AZ67: 3 | BA67: 3 | BB67: 3
A68: 64 | B68: 2024JULB00080 | C68: Koustav Biswas | D68: Male | E68: C | F68: =REPT(CHAR(160),10)&Working!$E68 -> C | G68: 0 | H68: 0 | I68: 0 | J68: 0 | K68: 0 | L68: 0 | M68: 0 | N68: 0 | O68: 0 | P68: 0 | Q68: 0 | R68: 0 | S68: 0 | T68: 0 | U68: 0 | V68: 0 | W68: 0 | X68: 0 | Y68: 0 | Z68: 0 | AA68: 0 | AB68: 0 | AC68: 0 | AD68: 0 | AE68: 0 | AF68: 0 | AG68: 0 | AH68: 0 | AI68: 0 | AJ68: 0 | AK68: 0 | AL68: 0 | AM68: 0 | AN68: A | AO68: 0 | AP68: 0 | AQ68: 0 | AR68: 0 | AS68: 0 | AT68: 0 | AU68: 0 | AV68: 0 | AW68: 0 | AX68: 0 | AY68: 0 | AZ68: 0 | BA68: 0 | BB68: 0
A69: 65 | B69: 2024JULB00081 | C69: Krish Chakraborty | D69: Male | E69: A | F69: =REPT(CHAR(160),10)&Working!$E69 -> A | G69: 0 | H69: 0 | I69: 3 | J69: 0 | K69: 0 | L69: 3 | M69: 0 | N69: 3 | O69: 3 | P69: 0 | Q69: 3 | R69: 3 | S69: 0 | T69: 0 | U69: 0 | V69: 0 | W69: 0 | X69: 0 | Y69: 3 | Z69: 0 | AA69: 0 | AB69: 0 | AC69: 0 | AD69: 3 | AE69: 0 | AF69: 0 | AG69: 0 | AH69: 0 | AI69: 0 | AJ69: 0 | AK69: 4 | AL69: 4 | AM69: 0 | AN69: 4 | AO69: 0 | AP69: 4 | AQ69: 4 | AR69: 0 | AS69: 0 | AT69: 0 | AU69: 0 | AV69: 4 | AW69: 0 | AX69: 0 | AY69: 0 | AZ69: 3 | BA69: 3 | BB69: 3
A70: 66 | B70: 2024JULB00083 | C70: Kunal Khurana | D70: Male | E70: B | F70: =REPT(CHAR(160),10)&Working!$E70 -> B | G70: 0 | H70: 0 | I70: 0 | J70: 0 | K70: 0 | L70: 0 | M70: 0 | N70: 0 | O70: 0 | P70: 0 | Q70: 0 | R70: 0 | S70: 0 | T70: 0 | U70: 0 | V70: 0 | W70: 0 | X70: 0 | Y70: 0 | Z70: 0 | AA70: 0 | AB70: 0 | AC70: 0 | AD70: 0 | AE70: 0 | AF70: 0 | AG70: 0 | AH70: 0 | AI70: 0 | AJ70: 0 | AK70: 0 | AL70: 0 | AM70: 0 | AN70: A | AO70: 0 | AP70: 0 | AQ70: 0 | AR70: 0 | AS70: 0 | AT70: 0 | AU70: 0 | AV70: 0 | AW70: 0 | AX70: 0 | AY70: 0 | AZ70: 0 | BA70: 0 | BB70: 0
A71: 67 | B71: 2024JULB00084 | C71: Kushal Badalia | D71: Male | E71: B | F71: =REPT(CHAR(160),10)&Working!$E71 -> B | G71: 0 | H71: 0 | I71: 3 | J71: 0 | K71: 0 | L71: 3 | M71: 0 | N71: 3 | O71: 3 | P71: 0 | Q71: 3 | R71: 3 | S71: 0 | T71: 0 | U71: 0 | V71: 0 | W71: 0 | X71: 0 | Y71: 3 | Z71: 0 | AA71: 0 | AB71: 0 | AC71: 0 | AD71: 3 | AE71: 0 | AF71: 0 | AG71: 0 | AH71: 0 | AI71: 0 | AJ71: 0 | AK71: 4 | AL71: 3 | AM71: 0 | AN71: 3 | AO71: 0 | AP71: 3.3333333 | AQ71: 5 | AR71: 0 | AS71: 0 | AT71: 0 | AU71: 0 | AV71: 5 | AW71: 0 | AX71: 0 | AY71: 0 | AZ71: 3 | BA71: 3 | BB71: 3
A72: 68 | B72: 2024JULB00085 | C72: Kushal Srivastav | D72: Male | E72: B | F72: =REPT(CHAR(160),10)&Working!$E72 -> B | G72: 0 | H72: 0 | I72: 4 | J72: 0 | K72: 0 | L72: 4 | M72: 0 | N72: 4 | O72: 4 | P72: 0 | Q72: 4 | R72: 4 | S72: 0 | T72: 0 | U72: 0 | V72: 0 | W72: 0 | X72: 0 | Y72: 4 | Z72: 0 | AA72: 0 | AB72: 0 | AC72: 0 | AD72: 4 | AE72: 0 | AF72: 0 | AG72: 0 | AH72: 0 | AI72: 0 | AJ72: 0 | AK72: 3 | AL72: 5 | AM72: 0 | AN72: 5 | AO72: 0 | AP72: 4.3333333 | AQ72: 4 | AR72: 0 | AS72: 0 | AT72: 0 | AU72: 0 | AV72: 4 | AW72: 0 | AX72: 0 | AY72: 0 | AZ72: 4 | BA72: 5 | BB72: 4.5
A73: 69 | B73: 2024JULB00086 | C73: Lakshita Chandak | D73: Female | E73: A | F73: =REPT(CHAR(160),10)&Working!$E73 -> A | G73: 0 | H73: 0 | I73: 2 | J73: 0 | K73: 0 | L73: 2 | M73: 0 | N73: 2 | O73: 2 | P73: 0 | Q73: 2 | R73: 2 | S73: 0 | T73: 0 | U73: 0 | V73: 0 | W73: 0 | X73: 0 | Y73: 2 | Z73: 0 | AA73: 0 | AB73: 0 | AC73: 0 | AD73: 2 | AE73: 0 | AF73: 0 | AG73: 0 | AH73: 0 | AI73: 0 | AJ73: 0 | AK73: 2 | AL73: 2 | AM73: 0 | AN73: 2 | AO73: 0 | AP73: 2 | AQ73: 2 | AR73: 0 | AS73: 0 | AT73: 0 | AU73: 0 | AV73: 2 | AW73: 0 | AX73: 0 | AY73: 0 | AZ73: 2 | BA73: 2 | BB73: 2
A74: 70 | B74: 2024JULB00087 | C74: Laxmi Poorvaja S | D74: Female | E74: C | F74: =REPT(CHAR(160),10)&Working!$E74 -> C | G74: 0 | H74: 0 | I74: 2 | J74: 0 | K74: 0 | L74: 2 | M74: 0 | N74: 2 | O74: 2 | P74: 0 | Q74: 2 | R74: 2 | S74: 0 | T74: 0 | U74: 0 | V74: 0 | W74: 0 | X74: 0 | Y74: 2 | Z74: 0 | AA74: 0 | AB74: 0 | AC74: 0 | AD74: 2 | AE74: 0 | AF74: 0 | AG74: 0 | AH74: 0 | AI74: 0 | AJ74: 0 | AK74: 2 | AL74: 3 | AM74: 0 | AN74: 3 | AO74: 0 | AP74: 2.6666667 | AQ74: 3 | AR74: 0 | AS74: 0 | AT74: 0 | AU74: 0 | AV74: 3 | AW74: 0 | AX74: 0 | AY74: 0 | AZ74: 3 | BA74: 2 | BB74: 2.5
A75: 71 | B75: 2024JULB00088 | C75: Leena D | D75: Female | E75: A | F75: =REPT(CHAR(160),10)&Working!$E75 -> A | G75: 0 | H75: 0 | I75: 3 | J75: 0 | K75: 0 | L75: 3 | M75: 0 | N75: 2 | O75: 2 | P75: 0 | Q75: 2 | R75: 2 | S75: 0 | T75: 0 | U75: 0 | V75: 0 | W75: 0 | X75: 0 | Y75: 2 | Z75: 0 | AA75: 0 | AB75: 0 | AC75: 0 | AD75: 2 | AE75: 0 | AF75: 0 | AG75: 0 | AH75: 0 | AI75: 0 | AJ75: 0 | AK75: 3 | AL75: 3 | AM75: 0 | AN75: 3 | AO75: 0 | AP75: 3 | AQ75: 3 | AR75: 0 | AS75: 0 | AT75: 0 | AU75: 0 | AV75: 3 | AW75: 0 | AX75: 0 | AY75: 0 | AZ75: 3 | BA75: 3 | BB75: 3
A76: 72 | B76: 2024JULB00090 | C76: M Maureen Mandy | D76: Female | E76: B | F76: =REPT(CHAR(160),10)&Working!$E76 -> B | G76: 0 | H76: 0 | I76: 2 | J76: 0 | K76: 0 | L76: 2 | M76: 0 | N76: 2 | O76: 2 | P76: 0 | Q76: 2 | R76: 2 | S76: 0 | T76: 0 | U76: 0 | V76: 0 | W76: 0 | X76: 0 | Y76: 2 | Z76: 0 | AA76: 0 | AB76: 0 | AC76: 0 | AD76: 2 | AE76: 0 | AF76: 0 | AG76: 0 | AH76: 0 | AI76: 0 | AJ76: 0 | AK76: 2 | AL76: 2 | AM76: 0 | AN76: 3 | AO76: 0 | AP76: 2.3333333 | AQ76: 2 | AR76: 0 | AS76: 0 | AT76: 0 | AU76: 0 | AV76: 2 | AW76: 0 | AX76: 0 | AY76: 0 | AZ76: 2 | BA76: 3 | BB76: 2.5
A77: 73 | B77: 2024JULB00091 | C77: Madhav Sharma | D77: Male | E77: B | F77: =REPT(CHAR(160),10)&Working!$E77 -> B | G77: 0 | H77: 0 | I77: 3 | J77: 0 | K77: 0 | L77: 3 | M77: 0 | N77: 3 | O77: 3 | P77: 0 | Q77: 3 | R77: 3 | S77: 0 | T77: 0 | U77: 0 | V77: 0 | W77: 0 | X77: 0 | Y77: 3 | Z77: 0 | AA77: 0 | AB77: 0 | AC77: 0 | AD77: 3 | AE77: 0 | AF77: 0 | AG77: 0 | AH77: 0 | AI77: 0 | AJ77: 0 | AK77: 3 | AL77: 4 | AM77: 0 | AN77: 4 | AO77: 0 | AP77: 3.6666667 | AQ77: 4 | AR77: 0 | AS77: 0 | AT77: 0 | AU77: 0 | AV77: 4 | AW77: 0 | AX77: 0 | AY77: 0 | AZ77: 3 | BA77: 3 | BB77: 3
A78: 74 | B78: 2024JULB00093 | C78: Akhileswaradu Manikireddy | D78: Male | E78: C | F78: =REPT(CHAR(160),10)&Working!$E78 -> C | G78: 0 | H78: 0 | I78: 2 | J78: 0 | K78: 0 | L78: 2 | M78: 0 | N78: 2 | O78: 2 | P78: 0 | Q78: 2 | R78: 2 | S78: 0 | T78: 0 | U78: 0 | V78: 0 | W78: 0 | X78: 0 | Y78: 2 | Z78: 0 | AA78: 0 | AB78: 0 | AC78: 0 | AD78: 2 | AE78: 0 | AF78: 0 | AG78: 0 | AH78: 0 | AI78: 0 | AJ78: 0 | AK78: 3 | AL78: 3 | AM78: 0 | AN78: 3 | AO78: 0 | AP78: 3 | AQ78: 4 | AR78: 0 | AS78: 0 | AT78: 0 | AU78: 0 | AV78: 4 | AW78: 0 | AX78: 0 | AY78: 0 | AZ78: 3 | BA78: 3 | BB78: 3
A79: 75 | B79: 2024JULB00094 | C79: Megha Prajapati | D79: Male | E79: C | F79: =REPT(CHAR(160),10)&Working!$E79 -> C | G79: 0 | H79: 0 | I79: 2 | J79: 0 | K79: 0 | L79: 2 | M79: 0 | N79: 2 | O79: 2 | P79: 0 | Q79: 2 | R79: 2 | S79: 0 | T79: 0 | U79: 0 | V79: 0 | W79: 0 | X79: 0 | Y79: 2 | Z79: 0 | AA79: 0 | AB79: 0 | AC79: 0 | AD79: 2 | AE79: 0 | AF79: 0 | AG79: 0 | AH79: 0 | AI79: 0 | AJ79: 0 | AK79: 2 | AL79: 2 | AM79: 0 | AN79: 2 | AO79: 0 | AP79: 2 | AQ79: 2 | AR79: 0 | AS79: 0 | AT79: 0 | AU79: 0 | AV79: 2 | AW79: 0 | AX79: 0 | AY79: 0 | AZ79: 3 | BA79: 2 | BB79: 2.5
A80: 76 | B80: 2024JULB00095 | C80: Melvin Roche. A | D80: Male | E80: C | F80: =REPT(CHAR(160),10)&Working!$E80 -> C | G80: 0 | H80: 0 | I80: 5 | J80: 0 | K80: 0 | L80: 5 | M80: 0 | N80: 5 | O80: 4 | P80: 0 | Q80: 4 | R80: 4.3333333 | S80: 0 | T80: 0 | U80: 0 | V80: 0 | W80: 0 | X80: 0 | Y80: 5 | Z80: 0 | AA80: 0 | AB80: 0 | AC80: 0 | AD80: 5 | AE80: 0 | AF80: 0 | AG80: 0 | AH80: 0 | AI80: 0 | AJ80: 0 | AK80: 5 | AL80: 5 | AM80: 0 | AN80: 5 | AO80: 0 | AP80: 5 | AQ80: 5 | AR80: 0 | AS80: 0 | AT80: 0 | AU80: 0 | AV80: 5 | AW80: 0 | AX80: 0 | AY80: 0 | AZ80: 4 | BA80: 5 | BB80: 4.5
A81: 77 | B81: 2024JULB00096 | C81: Milan Krishna N E | D81: Male | E81: C | F81: =REPT(CHAR(160),10)&Working!$E81 -> C | G81: 0 | H81: 0 | I81: 3 | J81: 0 | K81: 0 | L81: 3 | M81: 0 | N81: 2 | O81: 3 | P81: 0 | Q81: 3 | R81: 2.6666667 | S81: 0 | T81: 0 | U81: 0 | V81: 0 | W81: 0 | X81: 0 | Y81: 3 | Z81: 0 | AA81: 0 | AB81: 0 | AC81: 0 | AD81: 3 | AE81: 0 | AF81: 0 | AG81: 0 | AH81: 0 | AI81: 0 | AJ81: 0 | AK81: 2 | AL81: 3 | AM81: 0 | AN81: 3 | AO81: 0 | AP81: 2.6666667 | AQ81: 3 | AR81: 0 | AS81: 0 | AT81: 0 | AU81: 0 | AV81: 3 | AW81: 0 | AX81: 0 | AY81: 0 | AZ81: 3 | BA81: 3 | BB81: 3
A82: 78 | B82: 2024JULB00098 | C82: Naitik Roy | D82: Male | E82: C | F82: =REPT(CHAR(160),10)&Working!$E82 -> C | G82: 0 | H82: 0 | I82: 2 | J82: 0 | K82: 0 | L82: 2 | M82: 0 | N82: 2 | O82: 2 | P82: 0 | Q82: 2 | R82: 2 | S82: 0 | T82: 0 | U82: 0 | V82: 0 | W82: 0 | X82: 0 | Y82: 2 | Z82: 0 | AA82: 0 | AB82: 0 | AC82: 0 | AD82: 2 | AE82: 0 | AF82: 0 | AG82: 0 | AH82: 0 | AI82: 0 | AJ82: 0 | AK82: 2 | AL82: 3 | AM82: 0 | AN82: 3 | AO82: 0 | AP82: 2.6666667 | AQ82: 3 | AR82: 0 | AS82: 0 | AT82: 0 | AU82: 0 | AV82: 3 | AW82: 0 | AX82: 0 | AY82: 0 | AZ82: 3 | BA82: 2 | BB82: 2.5
... A200: 196 | B200: 2024JULB00239 | C200: Abhishek Nanda | D200: Male | E200: C | F200: =REPT(CHAR(160),10)&Working!$E200 -> C | G200: 0 | H200: 0 | I200: 4 | J200: 0 | K200: 0 | L200: 4 | M200: 0 | N200: 5 | O200: 4 | P200: 0 | Q200: 4 | R200: 4.3333333 | S200: 0 | T200: 0 | U200: 0 | V200: 0 | W200: 0 | X200: 0 | Y200: 4 | Z200: 0 | AA200: 0 | AB200: 0 | AC200: 0 | AD200: 4 | AE200: 0 | AF200: 0 | AG200: 0 | AH200: 0 | AI200: 4 | AJ200: 0 | AK200: 4 | AL200: 4 | AM200: 0 | AN200: 5 | AO200: 0 | AP200: 4.3333333 | AQ200: 3 | AR200: 0 | AS200: 0 | AT200: 0 | AU200: 0 | AV200: 3 | AW200: 0 | AX200: 0 | AY200: 0 | AZ200: 4 | BA200: 5 | BB200: 4.5
A201: 197 | B201: 2024JULB00240 | C201: Prabhansha Vyas | D201: Female | E201: C | F201: =REPT(CHAR(160),10)&Working!$E201 -> C | G201: 0 | H201: 0 | I201: 3 | J201: 0 | K201: 0 | M201: 0 | N201: 2 | O201: 3 | P201: 0 | Q201: 3 | S201: 0 | T201: 0 | U201: 0 | V201: 0 | W201: 0 | X201: 0 | Y201: 4 | Z201: 0 | AA201: 0 | AB201: 0 | AC201: 0 | AE201: 0 | AF201: 0 | AG201: 0 | AH201: 0 | AI201: 0 | AK201: 2 | AL201: 2 | AM201: 0 | AN201: 3 | AO201: 0 | AQ201: 2 | AR201: 0 | AS201: 0 | AT201: 0 | AU201: 0 | AW201: 0 | AX201: 0 | AY201: 0 | AZ201: 3 | BA201: 3
A202: 198 | B202: 2024JULB00241 | C202: Anu Kumari | D202: Female | E202: B | F202: =REPT(CHAR(160),10)&Working!$E202 -> B | G202: 0 | H202: 0 | I202: A | J202: 0 | K202: 0 | L202: 0 | M202: 0 | N202: 0 | O202: 0 | P202: 0 | Q202: 0 | R202: 0 | S202: 0 | T202: 0 | U202: 0 | V202: 0 | W202: 0 | X202: 0 | Y202: 0 | Z202: 0 | AA202: 0 | AB202: 0 | AC202: 0 | AD202: 0 | AE202: 0 | AF202: 0 | AG202: 0 | AH202: 0 | AI202: 0 | AJ202: 0 | AK202: 0 | AL202: 0 | AM202: 0 | AN202: 0 | AO202: 0 | AP202: 0 | AQ202: 0 | AR202: 0 | AS202: 0 | AT202: 0 | AU202: 0 | AV202: 0 | AW202: 0 | AX202: 0 | AY202: 0 | AZ202: 0 | BA202: 0 | BB202: 0
A203: 199 | B203: 2024JULB00242 | C203: Shreya Sethi | D203: Female | E203: D | F203: =REPT(CHAR(160),10)&Working!$E203 -> D | G203: 0 | H203: 0 | I203: 3 | J203: 0 | K203: 0 | L203: 0.6 | M203: 0 | N203: 3 | O203: 3 | P203: 0 | Q203: 3 | R203: 1.8 | S203: 0 | T203: 0 | U203: 0 | V203: 0 | W203: 0 | X203: 0 | Y203: 3 | Z203: 0 | AA203: 0 | AB203: 0 | AC203: 0 | AD203: 0.6 | AE203: 0 | AF203: 0 | AG203: 0 | AH203: 0 | AI203: 0 | AJ203: 0 | AK203: 3 | AL203: 2 | AM203: 0 | AN203: 3 | AO203: 0 | AP203: 1.6 | AQ203: 3 | AR203: 0 | AS203: 0 | AT203: 0 | AU203: 0 | AV203: 0.6 | AW203: 0 | AX203: 0 | AY203: 0 | AZ203: 2 | BA203: 3 | BB203: 1
A204: 200 | B204: 2024JULB00243 | C204: Sahil Gupta | D204: Male | E204: C | F204: =REPT(CHAR(160),10)&Working!$E204 -> C | G204: 0 | H204: 0 | I204: 2 | J204: 0 | K204: 0 | L204: 0.4 | M204: 0 | N204: 3 | O204: 2 | P204: 0 | Q204: 2 | R204: 1.4 | S204: 0 | T204: 0 | U204: 0 | V204: 0 | W204: 0 | X204: 0 | Y204: 3 | Z204: 0 | AA204: 0 | AB204: 0 | AC204: 0 | AD204: 0.6 | AE204: 0 | AF204: 0 | AG204: 0 | AH204: 0 | AI204: 0 | AJ204: 0 | AK204: 3 | AL204: 3 | AM204: 0 | AN204: 3 | AO204: 0 | AP204: 1.8 | AQ204: 2 | AR204: 0 | AS204: 0 | AT204: 0 | AU204: 0 | AV204: 0.4 | AW204: 0 | AX204: 0 | AY204: 0 | AZ204: 3 | BA204: 3 | BB204: 1.2
A205: 201 | B205: 2024JULB00244 | C205: Harshita Chauhan | D205: Male | E205: C | F205: =REPT(CHAR(160),10)&Working!$E205 -> C | G205: 0 | H205: 0 | I205: 3 | J205: 0 | K205: 0 | L205: 0.6 | M205: 0 | N205: 3 | O205: 3 | P205: 0 | Q205: 3 | R205: 1.8 | S205: 0 | T205: 0 | U205: 0 | V205: 0 | W205: 0 | X205: 0 | Y205: 2 | Z205: 0 | AA205: 0 | AB205: 0 | AC205: 0 | AD205: 0.4 | AE205: 0 | AF205: 0 | AG205: 0 | AH205: 0 | AI205: 0 | AJ205: 0 | AK205: 2 | AL205: 2 | AM205: 0 | AN205: 2 | AO205: 0 | AP205: 1.2 | AQ205: 3 | AR205: 0 | AS205: 0 | AT205: 0 | AU205: 0 | AV205: 0.6 | AW205: 0 | AX205: 0 | AY205: 0 | AZ205: 3 | BA205: 2 | BB205: 1
A206: 202 | B206: 2024JULB00245 | C206: Harshvardhan Patidar | D206: Male | E206: D | F206: =REPT(CHAR(160),10)&Working!$E206 -> D | G206: 0 | H206: 0 | I206: 0 | J206: 0 | K206: 0 | L206: 0 | M206: 0 | N206: 0 | O206: 0 | P206: 0 | Q206: 0 | R206: 0 | S206: 0 | T206: 0 | U206: 0 | V206: 0 | W206: 0 | X206: 0 | Y206: 0 | Z206: 0 | AA206: 0 | AB206: 0 | AC206: 0 | AD206: 0 | AE206: 0 | AF206: 0 | AG206: 0 | AH206: 0 | AI206: 0 | AJ206: 0 | AK206: 0 | AL206: 0 | AM206: 0 | AN206: 0 | AO206: 0 | AP206: 0 | AQ206: 0 | AR206: 0 | AS206: 0 | AT206: 0 | AU206: 0 | AV206: 0 | AW206: 0 | AX206: 0 | AY206: 0 | AZ206: 0 | BA206: 0 | BB206: 0
A207: 203 | B207: 2024JULB00246 | C207: Badhul B Pillai | D207: Male | E207: D | F207: =REPT(CHAR(160),10)&Working!$E207 -> D | G207: 0 | H207: 0 | I207: 3 | J207: 0 | K207: 0 | L207: 0.6 | M207: 0 | N207: 3 | O207: 4 | P207: 0 | Q207: 4 | R207: 2.2 | S207: 0 | T207: 0 | U207: 0 | V207: 0 | W207: 0 | X207: 0 | Y207: 4 | Z207: 0 | AA207: 0 | AB207: 0 | AC207: 0 | AD207: 0.8 | AE207: 0 | AF207: 0 | AG207: 0 | AH207: 0 | AI207: 0 | AJ207: 0 | AK207: 3 | AL207: 4 | AM207: 0 | AN207: 3 | AO207: 0 | AP207: 2 | AQ207: 3 | AR207: 0 | AS207: 0 | AT207: 0 | AU207: 0 | AV207: 0.6 | AW207: 0 | AX207: 0 | AY207: 0 | AZ207: 3 | BA207: 3 | BB207: 1.2
A208: 204 | B208: 2024JULB00247 | C208: Md ArsalanSiddiqui | D208: Male | E208: D | F208: =REPT(CHAR(160),10)&Working!$E208 -> D | G208: 0 | H208: 0 | I208: 2 | J208: 0 | K208: 0 | L208: 0.4 | M208: 0 | N208: 2 | O208: 3 | P208: 0 | Q208: 3 | R208: 1.6 | S208: 0 | T208: 0 | U208: 0 | V208: 0 | W208: 0 | X208: 0 | Y208: 2 | Z208: 0 | AA208: 0 | AB208: 0 | AC208: 0 | AD208: 0.4 | AE208: 0 | AF208: 0 | AG208: 0 | AH208: 0 | AI208: 0 | AJ208: 0 | AK208: 2 | AL208: 3 | AM208: 0 | AN208: 3 | AO208: 0 | AP208: 1.6 | AQ208: 3 | AR208: 0 | AS208: 0 | AT208: 0 | AU208: 0 | AV208: 0.6 | AW208: 0 | AX208: 0 | AY208: 0 | AZ208: 3 | BA208: 3 | BB208: 1.2
A209: 205 | B209: 2024JULB00248 | C209: Shivam Ratnani | D209: Male | E209: D | F209: =REPT(CHAR(160),10)&Working!$E209 -> D | G209: 0 | H209: 0 | I209: 2 | J209: 0 | K209: 0 | L209: 0.4 | M209: 0 | N209: 3 | O209: 3 | P209: 0 | Q209: 3 | R209: 1.8 | S209: 0 | T209: 0 | U209: 0 | V209: 0 | W209: 0 | X209: 0 | Y209: 2 | Z209: 0 | AA209: 0 | AB209: 0 | AC209: 0 | AD209: 0.4 | AE209: 0 | AF209: 0 | AG209: 0 | AH209: 0 | AI209: 0 | AJ209: 0 | AK209: 2 | AL209: 2 | AM209: 0 | AN209: 2 | AO209: 0 | AP209: 1.2 | AQ209: 2 | AR209: 0 | AS209: 0 | AT209: 0 | AU209: 0 | AV209: 0.4 | AW209: 0 | AX209: 0 | AY209: 0 | AZ209: 3 | BA209: 2 | BB209: 1
A210: 206 | B210: 2024JULB00249 | C210: Kartik Garg | D210: Male | E210: D | F210: =REPT(CHAR(160),10)&Working!$E210 -> D | G210: 0 | H210: 0 | I210: 2 | J210: 0 | K210: 0 | L210: 0.4 | M210: 0 | N210: 3 | O210: 3 | P210: 0 | Q210: 3 | R210: 1.8 | S210: 0 | T210: 0 | U210: 0 | V210: 0 | W210: 0 | X210: 0 | Y210: 2 | Z210: 0 | AA210: 0 | AB210: 0 | AC210: 0 | AD210: 0.4 | AE210: 0 | AF210: 0 | AG210: 0 | AH210: 0 | AI210: 0 | AJ210: 0 | AK210: 2 | AL210: 2 | AM210: 0 | AN210: 3 | AO210: 0 | AP210: 1.4 | AQ210: 2 | AR210: 0 | AS210: 0 | AT210: 0 | AU210: 0 | AV210: 0.4 | AW210: 0 | AX210: 0 | AY210: 0 | AZ210: 2 | BA210: 3 | BB210: 1
A211: 207 | B211: 2024JULB00250 | C211: Sanjana ManishkumarKapadia | D211: Male | E211: D | F211: =REPT(CHAR(160),10)&Working!$E211 -> D | G211: 0 | H211: 0 | I211: 2 | J211: 0 | K211: 0 | L211: 0.4 | M211: 0 | N211: 2 | O211: 3 | P211: 0 | Q211: 3 | R211: 1.6 | S211: 0 | T211: 0 | U211: 0 | V211: 0 | W211: 0 | X211: 0 | Y211: 2 | Z211: 0 | AA211: 0 | AB211: 0 | AC211: 0 | AD211: 0.4 | AE211: 0 | AF211: 0 | AG211: 0 | AH211: 0 | AI211: 0 | AJ211: 0 | AK211: 2 | AL211: 3 | AM211: 0 | AN211: 3 | AO211: 0 | AP211: 1.6 | AQ211: 3 | AR211: 0 | AS211: 0 | AT211: 0 | AU211: 0 | AV211: 0.6 | AW211: 0 | AX211: 0 | AY211: 0 | AZ211: 3 | BA211: 3 | BB211: 1.2
A212: 208 | B212: 2024JULB00251 | C212: Rishi Raj Yadav | D212: Male | E212: D | F212: =REPT(CHAR(160),10)&Working!$E212 -> D | G212: 0 | H212: 0 | I212: 3 | J212: 0 | K212: 0 | L212: 0.6 | M212: 0 | N212: 4 | O212: 3 | P212: 0 | Q212: 3 | R212: 2 | S212: 0 | T212: 0 | U212: 0 | V212: 0 | W212: 0 | X212: 0 | Y212: 4 | Z212: 0 | AA212: 0 | AB212: 0 | AC212: 0 | AD212: 0.8 | AE212: 0 | AF212: 0 | AG212: 0 | AH212: 0 | AI212: 0 | AJ212: 0 | AK212: 2 | AL212: 3 | AM212: 0 | AN212: 3 | AO212: 0 | AP212: 1.6 | AQ212: 3 | AR212: 0 | AS212: 0 | AT212: 0 | AU212: 0 | AV212: 0.6 | AW212: 0 | AX212: 0 | AY212: 0 | AZ212: 3 | BA212: 3 | BB212: 1.2
A213: 209 | B213: 2024JULB00252 | C213: Ronak Agarwal | D213: Male | E213: D | F213: =REPT(CHAR(160),10)&Working!$E213 -> D | G213: 0 | H213: 0 | I213: 2 | J213: 0 | K213: 0 | L213: 0.4 | M213: 0 | N213: 2 | O213: 2 | P213: 0 | Q213: 2 | R213: 1.2 | S213: 0 | T213: 0 | U213: 0 | V213: 0 | W213: 0 | X213: 0 | Y213: 2 | Z213: 0 | AA213: 0 | AB213: 0 | AC213: 0 | AD213: 0.4 | AE213: 0 | AF213: 0 | AG213: 0 | AH213: 0 | AI213: 0 | AJ213: 0 | AK213: 2 | AL213: 2 | AM213: 0 | AN213: 3 | AO213: 0 | AP213: 1.4 | AQ213: 2 | AR213: 0 | AS213: 0 | AT213: 0 | AU213: 0 | AV213: 0.4 | AW213: 0 | AX213: 0 | AY213: 0 | AZ213: 3 | BA213: 3 | BB213: 1.2
A214: 210 | B214: 2024JULB00253 | C214: Pritam RajuShet | D214: Male | E214: D | F214: =REPT(CHAR(160),10)&Working!$E214 -> D | G214: 0 | H214: 0 | I214: 2 | J214: 0 | K214: 0 | L214: 0.4 | M214: 0 | N214: 2 | O214: 2 | P214: 0 | Q214: 2 | R214: 1.2 | S214: 0 | T214: 0 | U214: 0 | V214: 0 | W214: 0 | X214: 0 | Y214: 3 | Z214: 0 | AA214: 0 | AB214: 0 | AC214: 0 | AD214: 0.6 | AE214: 0 | AF214: 0 | AG214: 0 | AH214: 0 | AI214: 0 | AJ214: 0 | AK214: 3 | AL214: 3 | AM214: 0 | AN214: 3 | AO214: 0 | AP214: 1.8 | AQ214: 2 | AR214: 0 | AS214: 0 | AT214: 0 | AU214: 0 | AV214: 0.4 | AW214: 0 | AX214: 0 | AY214: 0 | AZ214: 3 | BA214: 2 | BB214: 1
... A230: 226 | B230: 2024JULB00270 | C230: Rahul Gupta | D230: Male | E230: D | F230: =REPT(CHAR(160),10)&Working!$E230 -> D | G230: 0 | H230: 0 | I230: 2 | J230: 0 | K230: 0 | L230: 0.4 | M230: 0 | N230: 3 | O230: 3 | P230: 0 | Q230: 3 | R230: 1.8 | S230: 0 | T230: 0 | U230: 0 | V230: 0 | W230: 0 | X230: 0 | Y230: 3 | Z230: 0 | AA230: 0 | AB230: 0 | AC230: 0 | AD230: 0.6 | AE230: 0 | AF230: 0 | AG230: 0 | AH230: 0 | AI230: 0 | AJ230: 0 | AK230: 2 | AL230: 2 | AM230: 0 | AN230: 3 | AO230: 0 | AP230: 1.4 | AQ230: 0 | AR230: 0 | AS230: 0 | AT230: 0 | AU230: 0 | AV230: 0 | AW230: 0 | AX230: 0 | AY230: 0 | AZ230: 3 | BA230: 3 | BB230: 1.2
A231: 227 | B231: 2024JULB00272 | C231: Vikash Kumar | D231: Male | E231: D | F231: =REPT(CHAR(160),10)&Working!$E231 -> D | G231: 0 | H231: 0 | I231: A | J231: 0 | K231: 0 | L231: 0 | M231: 0 | N231: 0 | O231: 0 | P231: 0 | Q231: 0 | S231: 0 | T231: 0 | U231: 0 | V231: 0 | W231: 0 | X231: 0 | Y231: 0 | Z231: 0 | AA231: 0 | AB231: 0 | AC231: 0 | AE231: 0 | AF231: 0 | AG231: 0 | AH231: 0 | AI231: 0 | AK231: 0 | AL231: 0 | AM231: 0 | AN231: 0 | AO231: 0 | AQ231: 0 | AR231: 0 | AS231: 0 | AT231: 0 | AU231: 0 | AW231: 0 | AX231: 0 | AY231: 0 | AZ231: 0 | BA231: 0
A232: 228 | B232: 2024JULB00273 | C232: Harshit Gopawat | D232: MAle | E232: D | F232: =REPT(CHAR(160),10)&Working!$E232 -> D | G232: 0 | H232: 0 | I232: A | J232: 0 | K232: 0 | L232: 0 | M232: 0 | N232: 0 | O232: 0 | P232: 0 | Q232: 0 | S232: 0 | T232: 0 | U232: 0 | V232: 0 | W232: 0 | X232: 0 | Y232: 0 | Z232: 0 | AA232: 0 | AB232: 0 | AC232: 0 | AE232: 0 | AF232: 0 | AG232: 0 | AH232: 0 | AI232: 0 | AK232: 0 | AL232: 0 | AM232: 0 | AN232: 0 | AO232: 0 | AQ232: 0 | AR232: 0 | AS232: 0 | AT232: 0 | AU232: 0 | AW232: 0 | AX232: 0 | AY232: 0 | AZ232: 0 | BA232: 0

Sheet Sheet5
A1: Intervention Name : | C1: Story Telling | E1: C1 | F1: C2 | G1: C3 | H1: C5 | I1: E1 | J1: A1 | K1: A2 | L1: A3 | M1: A4 | N1: P1 | O1: P2 | P1: P4 | Q1: T1 | R1: D4 | S1: D5
A2: Sr# | B2: Roll Number | C2: Name | D2: Gender | E2: Section | F2: Section | G2: Analytical & Critical Thinking ( A ) | L2: Total | M2: Communication ( C ) | R2: Total | S2: Empathy ( E ) | X2: Total | Y2: Leadership( L ) | AD2: Total | AE2: Negotiation ( N ) | AJ2: Total | AK2: Problem Solving ( P ) | AP2: Total | AQ2: Team Work ( T) | AV2: Total | AW2: Discipline | BB2: Total
G3: A 1 | H3: A 2 | I3: A 3 | J3: A 4 | K3: A 5 | M3: C 1 | N3: C 2 | O3: C 3 | P3: C 4 | Q3: C 5 | S3: E 1 | T3: E 2 | U3: E 3 | V3: E 4 | W3: E 5 | Y3: L 1 | Z3: L 2 | AA3: L 3 | AB3: L 4 | AC3: L 5 | AE3: N 1 | AF3: N 2 | AG3: N 3 | AH3: N 4 | AI3: N 5 | AK3: P 1 | AL3: P 2 | AM3: P 3 | AN3: P 4 | AO3: P 5 | AQ3: T 1 | AR3: T 2 | AS3: T 3 | AT3: T 4 | AU3: T 5 | AW3: D 1 | AX3: D 2 | AY3: D 3 | AZ3: D 4 | BA3: D 5
A4: 1 | B4: 2024JULB00001 | C4: A Divya Sree | D4: Female | E4: A | F4: =REPT(CHAR(160),10)&Working!$E5 -> A | G4: =IFERROR(VLOOKUP(Table1215[[#This Row],[Column2]],Table12[[Column2]:[Column54]],6,FALSE),"0") -> 0 | H4: =IFERROR(VLOOKUP(Table1215[[#This Row],[Column2]],Table12[[Column2]:[Column54]],7,FALSE),"0") -> 0 | I4: =IFERROR(VLOOKUP(Table1215[[#This Row],[Column2]],Table12[[Column2]:[Column54]],8,FALSE),"0") -> 5 | J4: =IFERROR(VLOOKUP(Table1215[[#This Row],[Column2]],Table12[[Column2]:[Column54]],9,FALSE),"0") -> 0 | K4: =IFERROR(VLOOKUP(Table1215[[#This Row],[Column2]],Table12[[Column2]:[Column54]],10,FALSE),"0") -> 0 | L4: =Table1215[[#This Row],[Column9]] -> 5 | M4: =IFERROR(VLOOKUP(Table1215[[#This Row],[Column2]],Table12[[Column2]:[Column54]],12,FALSE),"0") -> 0 | N4: =IFERROR(VLOOKUP(Table1215[[#This Row],[Column2]],Table12[[Column2]:[Column54]],13,FALSE),"0") -> 4 | O4: =IFERROR(VLOOKUP(Table1215[[#This Row],[Column2]],Table12[[Column2]:[Column54]],14,FALSE),"0") -> 4 | P4: =IFERROR(VLOOKUP(Table1215[[#This Row],[Column2]],Table12[[Column2]:[Column54]],10,FALSE),"0") -> 0 | Q4: =IFERROR(VLOOKUP(Table1215[[#This Row],[Column2]],Table12[[Column2]:[Column54]],16,FALSE),"0") -> 4 | R4: =AVERAGE(Table1215[[#This Row],[Column14]],Table1215[[#This Row],[Column15]],Table1215[[#This Row],[Column17]]) -> 4 | S4: =IFERROR(VLOOKUP(Table1215[[#This Row],[Column2]],Table12[[Column2]:[Column54]],18,FALSE),"0") -> 0 | T4: =IFERROR(VLOOKUP(Table1215[[#This Row],[Column2]],Table12[[Column2]:[Column54]],19,FALSE),"0") -> 0 | U4: =IFERROR(VLOOKUP(Table1215[[#This Row],[Column2]],Table12[[Column2]:[Column54]],20,FALSE),"0") -> 0 | V4: =IFERROR(VLOOKUP(Table1215[[#This Row],[Column2]],Table12[[Column2]:[Column54]],21,FALSE),"0") -> 0 | W4: =IFERROR(VLOOKUP(Table1215[[#This Row],[Column2]],Table12[[Column2]:[Column54]],22,FALSE),"0") -> 0 | X4: =Table1215[[#This Row],[Column19]] -> 0 | Y4: =IFERROR(VLOOKUP(Table1215[[#This Row],[Column2]],Table12[[Column2]:[Column54]],24,FALSE),"0") -> 4 | Z4: =IFERROR(VLOOKUP(Table1215[[#This Row],[Column2]],Table12[[Column2]:[Column54]],25,FALSE),"0") -> 0 | AA4: =IFERROR(VLOOKUP(Table1215[[#This Row],[Column2]],Table12[[Column2]:[Column54]],26,FALSE),"0") -> 0 | AB4: =IFERROR(VLOOKUP(Table1215[[#This Row],[Column2]],Table12[[Column2]:[Column54]],27,FALSE),"0") -> 0 | AC4: =IFERROR(VLOOKUP(Table1215[[#This Row],[Column2]],Table12[[Column2]:[Column54]],28,FALSE),"0") -> 0 | AD4: =Table1215[[#This Row],[Column25]] -> 4 | AE4: =IFERROR(VLOOKUP(Table1215[[#This Row],[Column2]],Table12[[Column2]:[Column54]],30,FALSE),"0") -> 0 | AF4: =IFERROR(VLOOKUP(Table1215[[#This Row],[Column2]],Table12[[Column2]:[Column54]],31,FALSE),"0") -> 0 | AG4: =IFERROR(VLOOKUP(Table1215[[#This Row],[Column2]],Table12[[Column2]:[Column54]],32,FALSE),"0") -> 0 | AH4: =IFERROR(VLOOKUP(Table1215[[#This Row],[Column2]],Table12[[Column2]:[Column54]],33,FALSE),"0") -> 0 | AI4: =IFERROR(VLOOKUP(Table1215[[#This Row],[Column2]],Table12[[Column2]:[Column54]],34,FALSE),"0") -> 4 | AJ4: =AVERAGE(Table1215[[#This Row],[Column31]],Table1215[[#This Row],[Column32]],Table1215[[#This Row],[Column33]]) -> 0 | AK4: =IFERROR(VLOOKUP(Table1215[[#This Row],[Column2]],Table12[[Column2]:[Column54]],36,FALSE),"0") -> 5 | AL4: =IFERROR(VLOOKUP(Table1215[[#This Row],[Column2]],Table12[[Column2]:[Column54]],37,FALSE),"0") -> 5 | AM4: =IFERROR(VLOOKUP(Table1215[[#This Row],[Column2]],Table12[[Column2]:[Column54]],38,FALSE),"0") -> 0 | AN4: =IFERROR(VLOOKUP(Table1215[[#This Row],[Column2]],Table12[[Column2]:[Column54]],39,FALSE),"0") -> 5 | AO4: =IFERROR(VLOOKUP(Table1215[[#This Row],[Column2]],Table12[[Column2]:[Column54]],40,FALSE),"0") -> 0 | AP4: =AVERAGE(Table1215[[#This Row],[Column37]],Table1215[[#This Row],[Column38]],Table1215[[#This Row],[Column40]]) -> 5 | AQ4: =IFERROR(VLOOKUP(Table1215[[#This Row],[Column2]],Table12[[Column2]:[Column54]],42,FALSE),"0") -> 5 | AR4: =IFERROR(VLOOKUP(Table1215[[#This Row],[Column2]],Table12[[Column2]:[Column54]],43,FALSE),"0") -> 0 | AS4: =IFERROR(VLOOKUP(Table1215[[#This Row],[Column2]],Table12[[Column2]:[Column54]],44,FALSE),"0") -> 0 | AT4: =IFERROR(VLOOKUP(Table1215[[#This Row],[Column2]],Table12[[Column2]:[Column54]],45,FALSE),"0") -> 0 | AU4: =IFERROR(VLOOKUP(Table1215[[#This Row],[Column2]],Table12[[Column2]:[Column54]],46,FALSE),"0") -> 0 | AV4: =Table1215[[#This Row],[Column43]] -> 5 | AW4: =IFERROR(VLOOKUP(Table1215[[#This Row],[Column2]],Table12[[Column2]:[Column54]],48,FALSE),"0") -> 0 | AX4: =IFERROR(VLOOKUP(Table1215[[#This Row],[Column2]],Table12[[Column2]:[Column54]],49,FALSE),"0") -> 0 | AY4: =IFERROR(VLOOKUP(Table1215[[#This Row],[Column2]],Table12[[Column2]:[Column54]],50,FALSE),"0") -> 0 | AZ4: =IFERROR(VLOOKUP(Table1215[[#This Row],[Column2]],Table12[[Column2]:[Column54]],51,FALSE),"0") -> 4 | BA4: =IFERROR(VLOOKUP(Table1215[[#This Row],[Column2]],Table12[[Column2]:[Column54]],52,FALSE),"0") -> 5 | BB4: =AVERAGE(Table1215[[#This Row],[Column52]],Table1215[[#This Row],[Column53]]) -> 4.5
A5: 2 | B5: 2024JULB00002 | C5: Aaditya K | D5: Male | E5: A | F5: =REPT(CHAR(160),10)&Working!$E6 -> A | G5: =IFERROR(VLOOKUP(Table1215[[#This Row],[Column2]],Table12[[Column2]:[Column54]],6,FALSE),"0") -> 0 | H5: =IFERROR(VLOOKUP(Table1215[[#This Row],[Column2]],Table12[[Column2]:[Column54]],7,FALSE),"0") -> 0 | I5: =IFERROR(VLOOKUP(Table1215[[#This Row],[Column2]],Table12[[Column2]:[Column54]],8,FALSE),"0") -> 4 | J5: =IFERROR(VLOOKUP(Table1215[[#This Row],[Column2]],Table12[[Column2]:[Column54]],9,FALSE),"0") -> 0 | K5: =IFERROR(VLOOKUP(Table1215[[#This Row],[Column2]],Table12[[Column2]:[Column54]],10,FALSE),"0") -> 0 | L5: =Table1215[[#This Row],[Column9]] -> 4 | M5: =IFERROR(VLOOKUP(Table1215[[#This Row],[Column2]],Table12[[Column2]:[Column54]],12,FALSE),"0") -> 0 | N5: =IFERROR(VLOOKUP(Table1215[[#This Row],[Column2]],Table12[[Column2]:[Column54]],13,FALSE),"0") -> 4 | O5: =IFERROR(VLOOKUP(Table1215[[#This Row],[Column2]],Table12[[Column2]:[Column54]],14,FALSE),"0") -> 4 | P5: =IFERROR(VLOOKUP(Table1215[[#This Row],[Column2]],Table12[[Column2]:[Column54]],10,FALSE),"0") -> 0 | Q5: =IFERROR(VLOOKUP(Table1215[[#This Row],[Column2]],Table12[[Column2]:[Column54]],16,FALSE),"0") -> 4 | R5: =AVERAGE(Table1215[[#This Row],[Column14]],Table1215[[#This Row],[Column15]],Table1215[[#This Row],[Column17]]) -> 4 | S5: =IFERROR(VLOOKUP(Table1215[[#This Row],[Column2]],Table12[[Column2]:[Column54]],18,FALSE),"0") -> 0 | T5: =IFERROR(VLOOKUP(Table1215[[#This Row],[Column2]],Table12[[Column2]:[Column54]],19,FALSE),"0") -> 0 | U5: =IFERROR(VLOOKUP(Table1215[[#This Row],[Column2]],Table12[[Column2]:[Column54]],20,FALSE),"0") -> 0 | V5: =IFERROR(VLOOKUP(Table1215[[#This Row],[Column2]],Table12[[Column2]:[Column54]],21,FALSE),"0") -> 0 | W5: =IFERROR(VLOOKUP(Table1215[[#This Row],[Column2]],Table12[[Column2]:[Column54]],22,FALSE),"0") -> 0 | X5: =Table1215[[#This Row],[Column19]] -> 0 | Y5: =IFERROR(VLOOKUP(Table1215[[#This Row],[Column2]],Table12[[Column2]:[Column54]],24,FALSE),"0") -> 5 | Z5: =IFERROR(VLOOKUP(Table1215[[#This Row],[Column2]],Table12[[Column2]:[Column54]],25,FALSE),"0") -> 0 | AA5: =IFERROR(VLOOKUP(Table1215[[#This Row],[Column2]],Table12[[Column2]:[Column54]],26,FALSE),"0") -> 0 | AB5: =IFERROR(VLOOKUP(Table1215[[#This Row],[Column2]],Table12[[Column2]:[Column54]],27,FALSE),"0") -> 0 | AC5: =IFERROR(VLOOKUP(Table1215[[#This Row],[Column2]],Table12[[Column2]:[Column54]],28,FALSE),"0") -> 0 | AD5: =Table1215[[#This Row],[Column25]] -> 5 | AE5: =IFERROR(VLOOKUP(Table1215[[#This Row],[Column2]],Table12[[Column2]:[Column54]],30,FALSE),"0") -> 0 | AF5: =IFERROR(VLOOKUP(Table1215[[#This Row],[Column2]],Table12[[Column2]:[Column54]],31,FALSE),"0") -> 0 | AG5: =IFERROR(VLOOKUP(Table1215[[#This Row],[Column2]],Table12[[Column2]:[Column54]],32,FALSE),"0") -> 0 | AH5: =IFERROR(VLOOKUP(Table1215[[#This Row],[Column2]],Table12[[Column2]:[Column54]],33,FALSE),"0") -> 0 | AI5: =IFERROR(VLOOKUP(Table1215[[#This Row],[Column2]],Table12[[Column2]:[Column54]],34,FALSE),"0") -> 0 | AJ5: =AVERAGE(Table1215[[#This Row],[Column31]],Table1215[[#This Row],[Column32]],Table1215[[#This Row],[Column33]]) -> 0 | AK5: =IFERROR(VLOOKUP(Table1215[[#This Row],[Column2]],Table12[[Column2]:[Column54]],36,FALSE),"0") -> 4 | AL5: =IFERROR(VLOOKUP(Table1215[[#This Row],[Column2]],Table12[[Column2]:[Column54]],37,FALSE),"0") -> 4 | AM5: =IFERROR(VLOOKUP(Table1215[[#This Row],[Column2]],Table12[[Column2]:[Column54]],38,FALSE),"0") -> 0 | AN5: =IFERROR(VLOOKUP(Table1215[[#This Row],[Column2]],Table12[[Column2]:[Column54]],39,FALSE),"0") -> 4 | AO5: =IFERROR(VLOOKUP(Table1215[[#This Row],[Column2]],Table12[[Column2]:[Column54]],40,FALSE),"0") -> 0 | AP5: =AVERAGE(Table1215[[#This Row],[Column37]],Table1215[[#This Row],[Column38]],Table1215[[#This Row],[Column40]]) -> 4 | AQ5: =IFERROR(VLOOKUP(Table1215[[#This Row],[Column2]],Table12[[Column2]:[Column54]],42,FALSE),"0") -> 4 | AR5: =IFERROR(VLOOKUP(Table1215[[#This Row],[Column2]],Table12[[Column2]:[Column54]],43,FALSE),"0") -> 0 | AS5: =IFERROR(VLOOKUP(Table1215[[#This Row],[Column2]],Table12[[Column2]:[Column54]],44,FALSE),"0") -> 0 | AT5: =IFERROR(VLOOKUP(Table1215[[#This Row],[Column2]],Table12[[Column2]:[Column54]],45,FALSE),"0") -> 0 | AU5: =IFERROR(VLOOKUP(Table1215[[#This Row],[Column2]],Table12[[Column2]:[Column54]],46,FALSE),"0") -> 0 | AV5: =Table1215[[#This Row],[Column43]] -> 4 | AW5: =IFERROR(VLOOKUP(Table1215[[#This Row],[Column2]],Table12[[Column2]:[Column54]],48,FALSE),"0") -> 0 | AX5: =IFERROR(VLOOKUP(Table1215[[#This Row],[Column2]],Table12[[Column2]:[Column54]],49,FALSE),"0") -> 0 | AY5: =IFERROR(VLOOKUP(Table1215[[#This Row],[Column2]],Table12[[Column2]:[Column54]],50,FALSE),"0") -> 0 | AZ5: =IFERROR(VLOOKUP(Table1215[[#This Row],[Column2]],Table12[[Column2]:[Column54]],51,FALSE),"0") -> 4 | BA5: =IFERROR(VLOOKUP(Table1215[[#This Row],[Column2]],Table12[[Column2]:[Column54]],52,FALSE),"0") -> 4 | BB5: =AVERAGE(Table1215[[#This Row],[Column52]],Table1215[[#This Row],[Column53]]) -> 4
A6: 3 | B6: 2024JULB00003 | C6: Aanchal Sapra | D6: Female | E6: A | F6: =REPT(CHAR(160),10)&Working!$E7 -> A | G6: =IFERROR(VLOOKUP(Table1215[[#This Row],[Column2]],Table12[[Column2]:[Column54]],6,FALSE),"0") -> 0 | H6: =IFERROR(VLOOKUP(Table1215[[#This Row],[Column2]],Table12[[Column2]:[Column54]],7,FALSE),"0") -> 0 | I6: =IFERROR(VLOOKUP(Table1215[[#This Row],[Column2]],Table12[[Column2]:[Column54]],8,FALSE),"0") -> 4 | J6: =IFERROR(VLOOKUP(Table1215[[#This Row],[Column2]],Table12[[Column2]:[Column54]],9,FALSE),"0") -> 0 | K6: =IFERROR(VLOOKUP(Table1215[[#This Row],[Column2]],Table12[[Column2]:[Column54]],10,FALSE),"0") -> 0 | L6: =Table1215[[#This Row],[Column9]] -> 4 | M6: =IFERROR(VLOOKUP(Table1215[[#This Row],[Column2]],Table12[[Column2]:[Column54]],12,FALSE),"0") -> 0 | N6: =IFERROR(VLOOKUP(Table1215[[#This Row],[Column2]],Table12[[Column2]:[Column54]],13,FALSE),"0") -> 4 | O6: =IFERROR(VLOOKUP(Table1215[[#This Row],[Column2]],Table12[[Column2]:[Column54]],14,FALSE),"0") -> 4 | P6: =IFERROR(VLOOKUP(Table1215[[#This Row],[Column2]],Table12[[Column2]:[Column54]],10,FALSE),"0") -> 0 | Q6: =IFERROR(VLOOKUP(Table1215[[#This Row],[Column2]],Table12[[Column2]:[Column54]],16,FALSE),"0") -> 4 | R6: =AVERAGE(Table1215[[#This Row],[Column14]],Table1215[[#This Row],[Column15]],Table1215[[#This Row],[Column17]]) -> 4 | S6: =IFERROR(VLOOKUP(Table1215[[#This Row],[Column2]],Table12[[Column2]:[Column54]],18,FALSE),"0") -> 0 | T6: =IFERROR(VLOOKUP(Table1215[[#This Row],[Column2]],Table12[[Column2]:[Column54]],19,FALSE),"0") -> 0 | U6: =IFERROR(VLOOKUP(Table1215[[#This Row],[Column2]],Table12[[Column2]:[Column54]],20,FALSE),"0") -> 0 | V6: =IFERROR(VLOOKUP(Table1215[[#This Row],[Column2]],Table12[[Column2]:[Column54]],21,FALSE),"0") -> 0 | W6: =IFERROR(VLOOKUP(Table1215[[#This Row],[Column2]],Table12[[Column2]:[Column54]],22,FALSE),"0") -> 0 | X6: =Table1215[[#This Row],[Column19]] -> 0 | Y6: =IFERROR(VLOOKUP(Table1215[[#This Row],[Column2]],Table12[[Column2]:[Column54]],24,FALSE),"0") -> 4 | Z6: =IFERROR(VLOOKUP(Table1215[[#This Row],[Column2]],Table12[[Column2]:[Column54]],25,FALSE),"0") -> 0 | AA6: =IFERROR(VLOOKUP(Table1215[[#This Row],[Column2]],Table12[[Column2]:[Column54]],26,FALSE),"0") -> 0 | AB6: =IFERROR(VLOOKUP(Table1215[[#This Row],[Column2]],Table12[[Column2]:[Column54]],27,FALSE),"0") -> 0 | AC6: =IFERROR(VLOOKUP(Table1215[[#This Row],[Column2]],Table12[[Column2]:[Column54]],28,FALSE),"0") -> 0 | AD6: =Table1215[[#This Row],[Column25]] -> 4 | AE6: =IFERROR(VLOOKUP(Table1215[[#This Row],[Column2]],Table12[[Column2]:[Column54]],30,FALSE),"0") -> 0 | AF6: =IFERROR(VLOOKUP(Table1215[[#This Row],[Column2]],Table12[[Column2]:[Column54]],31,FALSE),"0") -> 0 | AG6: =IFERROR(VLOOKUP(Table1215[[#This Row],[Column2]],Table12[[Column2]:[Column54]],32,FALSE),"0") -> 0 | AH6: =IFERROR(VLOOKUP(Table1215[[#This Row],[Column2]],Table12[[Column2]:[Column54]],33,FALSE),"0") -> 0 | AI6: =IFERROR(VLOOKUP(Table1215[[#This Row],[Column2]],Table12[[Column2]:[Column54]],34,FALSE),"0") -> 0 | AJ6: =AVERAGE(Table1215[[#This Row],[Column31]],Table1215[[#This Row],[Column32]],Table1215[[#This Row],[Column33]]) -> 0 | AK6: =IFERROR(VLOOKUP(Table1215[[#This Row],[Column2]],Table12[[Column2]:[Column54]],36,FALSE),"0") -> 4 | AL6: =IFERROR(VLOOKUP(Table1215[[#This Row],[Column2]],Table12[[Column2]:[Column54]],37,FALSE),"0") -> 4 | AM6: =IFERROR(VLOOKUP(Table1215[[#This Row],[Column2]],Table12[[Column2]:[Column54]],38,FALSE),"0") -> 0 | AN6: =IFERROR(VLOOKUP(Table1215[[#This Row],[Column2]],Table12[[Column2]:[Column54]],39,FALSE),"0") -> 4 | AO6: =IFERROR(VLOOKUP(Table1215[[#This Row],[Column2]],Table12[[Column2]:[Column54]],40,FALSE),"0") -> 0 | AP6: =AVERAGE(Table1215[[#This Row],[Column37]],Table1215[[#This Row],[Column38]],Table1215[[#This Row],[Column40]]) -> 4 | AQ6: =IFERROR(VLOOKUP(Table1215[[#This Row],[Column2]],Table12[[Column2]:[Column54]],42,FALSE),"0") -> 4 | AR6: =IFERROR(VLOOKUP(Table1215[[#This Row],[Column2]],Table12[[Column2]:[Column54]],43,FALSE),"0") -> 0 | AS6: =IFERROR(VLOOKUP(Table1215[[#This Row],[Column2]],Table12[[Column2]:[Column54]],44,FALSE),"0") -> 0 | AT6: =IFERROR(VLOOKUP(Table1215[[#This Row],[Column2]],Table12[[Column2]:[Column54]],45,FALSE),"0") -> 0 | AU6: =IFERROR(VLOOKUP(Table1215[[#This Row],[Column2]],Table12[[Column2]:[Column54]],46,FALSE),"0") -> 0 | AV6: =Table1215[[#This Row],[Column43]] -> 4 | AW6: =IFERROR(VLOOKUP(Table1215[[#This Row],[Column2]],Table12[[Column2]:[Column54]],48,FALSE),"0") -> 0 | AX6: =IFERROR(VLOOKUP(Table1215[[#This Row],[Column2]],Table12[[Column2]:[Column54]],49,FALSE),"0") -> 0 | AY6: =IFERROR(VLOOKUP(Table1215[[#This Row],[Column2]],Table12[[Column2]:[Column54]],50,FALSE),"0") -> 0 | AZ6: =IFERROR(VLOOKUP(Table1215[[#This Row],[Column2]],Table12[[Column2]:[Column54]],51,FALSE),"0") -> 4 | BA6: =IFERROR(VLOOKUP(Table1215[[#This Row],[Column2]],Table12[[Column2]:[Column54]],52,FALSE),"0") -> 4 | BB6: =AVERAGE(Table1215[[#This Row],[Column52]],Table1215[[#This Row],[Column53]]) -> 4
A7: 4 | B7: 2024JULB00004 | C7: Abhinav B | D7: Male | E7: A | F7: =REPT(CHAR(160),10)&Working!$E8 -> A | G7: =IFERROR(VLOOKUP(Table1215[[#This Row],[Column2]],Table12[[Column2]:[Column54]],6,FALSE),"0") -> 0 | H7: =IFERROR(VLOOKUP(Table1215[[#This Row],[Column2]],Table12[[Column2]:[Column54]],7,FALSE),"0") -> 0 | I7: =IFERROR(VLOOKUP(Table1215[[#This Row],[Column2]],Table12[[Column2]:[Column54]],8,FALSE),"0") -> 4 | J7: =IFERROR(VLOOKUP(Table1215[[#This Row],[Column2]],Table12[[Column2]:[Column54]],9,FALSE),"0") -> 0 | K7: =IFERROR(VLOOKUP(Table1215[[#This Row],[Column2]],Table12[[Column2]:[Column54]],10,FALSE),"0") -> 0 | L7: =Table1215[[#This Row],[Column9]] -> 4 | M7: =IFERROR(VLOOKUP(Table1215[[#This Row],[Column2]],Table12[[Column2]:[Column54]],12,FALSE),"0") -> 0 | N7: =IFERROR(VLOOKUP(Table1215[[#This Row],[Column2]],Table12[[Column2]:[Column54]],13,FALSE),"0") -> 4 | O7: =IFERROR(VLOOKUP(Table1215[[#This Row],[Column2]],Table12[[Column2]:[Column54]],14,FALSE),"0") -> 5 | P7: =IFERROR(VLOOKUP(Table1215[[#This Row],[Column2]],Table12[[Column2]:[Column54]],10,FALSE),"0") -> 0 | Q7: =IFERROR(VLOOKUP(Table1215[[#This Row],[Column2]],Table12[[Column2]:[Column54]],16,FALSE),"0") -> 5 | R7: =AVERAGE(Table1215[[#This Row],[Column14]],Table1215[[#This Row],[Column15]],Table1215[[#This Row],[Column17]]) -> 4.6666667 | S7: =IFERROR(VLOOKUP(Table1215[[#This Row],[Column2]],Table12[[Column2]:[Column54]],18,FALSE),"0") -> 0 | T7: =IFERROR(VLOOKUP(Table1215[[#This Row],[Column2]],Table12[[Column2]:[Column54]],19,FALSE),"0") -> 0 | U7: =IFERROR(VLOOKUP(Table1215[[#This Row],[Column2]],Table12[[Column2]:[Column54]],20,FALSE),"0") -> 0 | V7: =IFERROR(VLOOKUP(Table1215[[#This Row],[Column2]],Table12[[Column2]:[Column54]],21,FALSE),"0") -> 0 | W7: =IFERROR(VLOOKUP(Table1215[[#This Row],[Column2]],Table12[[Column2]:[Column54]],22,FALSE),"0") -> 0 | X7: =Table1215[[#This Row],[Column19]] -> 0 | Y7: =IFERROR(VLOOKUP(Table1215[[#This Row],[Column2]],Table12[[Column2]:[Column54]],24,FALSE),"0") -> 4 | Z7: =IFERROR(VLOOKUP(Table1215[[#This Row],[Column2]],Table12[[Column2]:[Column54]],25,FALSE),"0") -> 0 | AA7: =IFERROR(VLOOKUP(Table1215[[#This Row],[Column2]],Table12[[Column2]:[Column54]],26,FALSE),"0") -> 0 | AB7: =IFERROR(VLOOKUP(Table1215[[#This Row],[Column2]],Table12[[Column2]:[Column54]],27,FALSE),"0") -> 0 | AC7: =IFERROR(VLOOKUP(Table1215[[#This Row],[Column2]],Table12[[Column2]:[Column54]],28,FALSE),"0") -> 0 | AD7: =Table1215[[#This Row],[Column25]] -> 4 | AE7: =IFERROR(VLOOKUP(Table1215[[#This Row],[Column2]],Table12[[Column2]:[Column54]],30,FALSE),"0") -> 0 | AF7: =IFERROR(VLOOKUP(Table1215[[#This Row],[Column2]],Table12[[Column2]:[Column54]],31,FALSE),"0") -> 0 | AG7: =IFERROR(VLOOKUP(Table1215[[#This Row],[Column2]],Table12[[Column2]:[Column54]],32,FALSE),"0") -> 0 | AH7: =IFERROR(VLOOKUP(Table1215[[#This Row],[Column2]],Table12[[Column2]:[Column54]],33,FALSE),"0") -> 0 | AI7: =IFERROR(VLOOKUP(Table1215[[#This Row],[Column2]],Table12[[Column2]:[Column54]],34,FALSE),"0") -> 0 | AJ7: =AVERAGE(Table1215[[#This Row],[Column31]],Table1215[[#This Row],[Column32]],Table1215[[#This Row],[Column33]]) -> 0 | AK7: =IFERROR(VLOOKUP(Table1215[[#This Row],[Column2]],Table12[[Column2]:[Column54]],36,FALSE),"0") -> 5 | AL7: =IFERROR(VLOOKUP(Table1215[[#This Row],[Column2]],Table12[[Column2]:[Column54]],37,FALSE),"0") -> 4 | AM7: =IFERROR(VLOOKUP(Table1215[[#This Row],[Column2]],Table12[[Column2]:[Column54]],38,FALSE),"0") -> 0 | AN7: =IFERROR(VLOOKUP(Table1215[[#This Row],[Column2]],Table12[[Column2]:[Column54]],39,FALSE),"0") -> 4 | AO7: =IFERROR(VLOOKUP(Table1215[[#This Row],[Column2]],Table12[[Column2]:[Column54]],40,FALSE),"0") -> 0 | AP7: =AVERAGE(Table1215[[#This Row],[Column37]],Table1215[[#This Row],[Column38]],Table1215[[#This Row],[Column40]]) -> 4.3333333 | AQ7: =IFERROR(VLOOKUP(Table1215[[#This Row],[Column2]],Table12[[Column2]:[Column54]],42,FALSE),"0") -> 5 | AR7: =IFERROR(VLOOKUP(Table1215[[#This Row],[Column2]],Table12[[Column2]:[Column54]],43,FALSE),"0") -> 0 | AS7: =IFERROR(VLOOKUP(Table1215[[#This Row],[Column2]],Table12[[Column2]:[Column54]],44,FALSE),"0") -> 0 | AT7: =IFERROR(VLOOKUP(Table1215[[#This Row],[Column2]],Table12[[Column2]:[Column54]],45,FALSE),"0") -> 0 | AU7: =IFERROR(VLOOKUP(Table1215[[#This Row],[Column2]],Table12[[Column2]:[Column54]],46,FALSE),"0") -> 0 | AV7: =Table1215[[#This Row],[Column43]] -> 5 | AW7: =IFERROR(VLOOKUP(Table1215[[#This Row],[Column2]],Table12[[Column2]:[Column54]],48,FALSE),"0") -> 0 | AX7: =IFERROR(VLOOKUP(Table1215[[#This Row],[Column2]],Table12[[Column2]:[Column54]],49,FALSE),"0") -> 0 | AY7: =IFERROR(VLOOKUP(Table1215[[#This Row],[Column2]],Table12[[Column2]:[Column54]],50,FALSE),"0") -> 0 | AZ7: =IFERROR(VLOOKUP(Table1215[[#This Row],[Column2]],Table12[[Column2]:[Column54]],51,FALSE),"0") -> 4 | BA7: =IFERROR(VLOOKUP(Table1215[[#This Row],[Column2]],Table12[[Column2]:[Column54]],52,FALSE),"0") -> 4 | BB7: =AVERAGE(Table1215[[#This Row],[Column52]],Table1215[[#This Row],[Column53]]) -> 4
A8: 5 | B8: 2024JULB00005 | C8: Abhirup Choudhury | D8: Male | E8: D | F8: =REPT(CHAR(160),10)&Working!$E9 -> D | G8: =IFERROR(VLOOKUP(Table1215[[#This Row],[Column2]],Table12[[Column2]:[Column54]],6,FALSE),"0") -> 0 | H8: =IFERROR(VLOOKUP(Table1215[[#This Row],[Column2]],Table12[[Column2]:[Column54]],7,FALSE),"0") -> 0 | I8: =IFERROR(VLOOKUP(Table1215[[#This Row],[Column2]],Table12[[Column2]:[Column54]],8,FALSE),"0") -> A | J8: =IFERROR(VLOOKUP(Table1215[[#This Row],[Column2]],Table12[[Column2]:[Column54]],9,FALSE),"0") -> 0 | K8: =IFERROR(VLOOKUP(Table1215[[#This Row],[Column2]],Table12[[Column2]:[Column54]],10,FALSE),"0") -> 0 | L8: =Table1215[[#This Row],[Column9]] -> A | M8: =IFERROR(VLOOKUP(Table1215[[#This Row],[Column2]],Table12[[Column2]:[Column54]],12,FALSE),"0") -> 0 | N8: =IFERROR(VLOOKUP(Table1215[[#This Row],[Column2]],Table12[[Column2]:[Column54]],13,FALSE),"0") -> 0 | O8: =IFERROR(VLOOKUP(Table1215[[#This Row],[Column2]],Table12[[Column2]:[Column54]],14,FALSE),"0") -> 0 | P8: =IFERROR(VLOOKUP(Table1215[[#This Row],[Column2]],Table12[[Column2]:[Column54]],10,FALSE),"0") -> 0 | Q8: =IFERROR(VLOOKUP(Table1215[[#This Row],[Column2]],Table12[[Column2]:[Column54]],16,FALSE),"0") -> 0 | R8: =AVERAGE(Table1215[[#This Row],[Column14]],Table1215[[#This Row],[Column15]],Table1215[[#This Row],[Column17]]) -> #DIV/0! | S8: =IFERROR(VLOOKUP(Table1215[[#This Row],[Column2]],Table12[[Column2]:[Column54]],18,FALSE),"0") -> 0 | T8: =IFERROR(VLOOKUP(Table1215[[#This Row],[Column2]],Table12[[Column2]:[Column54]],19,FALSE),"0") -> 0 | U8: =IFERROR(VLOOKUP(Table1215[[#This Row],[Column2]],Table12[[Column2]:[Column54]],20,FALSE),"0") -> 0 | V8: =IFERROR(VLOOKUP(Table1215[[#This Row],[Column2]],Table12[[Column2]:[Column54]],21,FALSE),"0") -> 0 | W8: =IFERROR(VLOOKUP(Table1215[[#This Row],[Column2]],Table12[[Column2]:[Column54]],22,FALSE),"0") -> 0 | X8: =Table1215[[#This Row],[Column19]] -> 0 | Y8: =IFERROR(VLOOKUP(Table1215[[#This Row],[Column2]],Table12[[Column2]:[Column54]],24,FALSE),"0") -> 0 | Z8: =IFERROR(VLOOKUP(Table1215[[#This Row],[Column2]],Table12[[Column2]:[Column54]],25,FALSE),"0") -> 0 | AA8: =IFERROR(VLOOKUP(Table1215[[#This Row],[Column2]],Table12[[Column2]:[Column54]],26,FALSE),"0") -> 0 | AB8: =IFERROR(VLOOKUP(Table1215[[#This Row],[Column2]],Table12[[Column2]:[Column54]],27,FALSE),"0") -> 0 | AC8: =IFERROR(VLOOKUP(Table1215[[#This Row],[Column2]],Table12[[Column2]:[Column54]],28,FALSE),"0") -> 0 | AD8: =Table1215[[#This Row],[Column25]] -> 0 | AE8: =IFERROR(VLOOKUP(Table1215[[#This Row],[Column2]],Table12[[Column2]:[Column54]],30,FALSE),"0") -> 0 | AF8: =IFERROR(VLOOKUP(Table1215[[#This Row],[Column2]],Table12[[Column2]:[Column54]],31,FALSE),"0") -> 0 | AG8: =IFERROR(VLOOKUP(Table1215[[#This Row],[Column2]],Table12[[Column2]:[Column54]],32,FALSE),"0") -> 0 | AH8: =IFERROR(VLOOKUP(Table1215[[#This Row],[Column2]],Table12[[Column2]:[Column54]],33,FALSE),"0") -> 0 | AI8: =IFERROR(VLOOKUP(Table1215[[#This Row],[Column2]],Table12[[Column2]:[Column54]],34,FALSE),"0") -> 0 | AJ8: =AVERAGE(Table1215[[#This Row],[Column31]],Table1215[[#This Row],[Column32]],Table1215[[#This Row],[Column33]]) -> 0 | AK8: =IFERROR(VLOOKUP(Table1215[[#This Row],[Column2]],Table12[[Column2]:[Column54]],36,FALSE),"0") -> 0 | AL8: =IFERROR(VLOOKUP(Table1215[[#This Row],[Column2]],Table12[[Column2]:[Column54]],37,FALSE),"0") -> 0 | AM8: =IFERROR(VLOOKUP(Table1215[[#This Row],[Column2]],Table12[[Column2]:[Column54]],38,FALSE),"0") -> 0 | AN8: =IFERROR(VLOOKUP(Table1215[[#This Row],[Column2]],Table12[[Column2]:[Column54]],39,FALSE),"0") -> 0 | AO8: =IFERROR(VLOOKUP(Table1215[[#This Row],[Column2]],Table12[[Column2]:[Column54]],40,FALSE),"0") -> 0 | AP8: =AVERAGE(Table1215[[#This Row],[Column37]],Table1215[[#This Row],[Column38]],Table1215[[#This Row],[Column40]]) -> #DIV/0! | AQ8: =IFERROR(VLOOKUP(Table1215[[#This Row],[Column2]],Table12[[Column2]:[Column54]],42,FALSE),"0") -> 0 | AR8: =IFERROR(VLOOKUP(Table1215[[#This Row],[Column2]],Table12[[Column2]:[Column54]],43,FALSE),"0") -> 0 | AS8: =IFERROR(VLOOKUP(Table1215[[#This Row],[Column2]],Table12[[Column2]:[Column54]],44,FALSE),"0") -> 0 | AT8: =IFERROR(VLOOKUP(Table1215[[#This Row],[Column2]],Table12[[Column2]:[Column54]],45,FALSE),"0") -> 0 | AU8: =IFERROR(VLOOKUP(Table1215[[#This Row],[Column2]],Table12[[Column2]:[Column54]],46,FALSE),"0") -> 0 | AV8: =Table1215[[#This Row],[Column43]] -> 0 | AW8: =IFERROR(VLOOKUP(Table1215[[#This Row],[Column2]],Table12[[Column2]:[Column54]],48,FALSE),"0") -> 0 | AX8: =IFERROR(VLOOKUP(Table1215[[#This Row],[Column2]],Table12[[Column2]:[Column54]],49,FALSE),"0") -> 0 | AY8: =IFERROR(VLOOKUP(Table1215[[#This Row],[Column2]],Table12[[Column2]:[Column54]],50,FALSE),"0") -> 0 | AZ8: =IFERROR(VLOOKUP(Table1215[[#This Row],[Column2]],Table12[[Column2]:[Column54]],51,FALSE),"0") -> 0 | BA8: =IFERROR(VLOOKUP(Table1215[[#This Row],[Column2]],Table12[[Column2]:[Column54]],52,FALSE),"0") -> 0 | BB8: =AVERAGE(Table1215[[#This Row],[Column52]],Table1215[[#This Row],[Column53]]) -> #DIV/0!
A9: 6 | B9: 2024JULB00006 | C9: Abhyuday Tripathi | D9: Male | E9: A | F9: =REPT(CHAR(160),10)&Working!$E10 -> A | G9: =IFERROR(VLOOKUP(Table1215[[#This Row],[Column2]],Table12[[Column2]:[Column54]],6,FALSE),"0") -> 0 | H9: =IFERROR(VLOOKUP(Table1215[[#This Row],[Column2]],Table12[[Column2]:[Column54]],7,FALSE),"0") -> 0 | I9: =IFERROR(VLOOKUP(Table1215[[#This Row],[Column2]],Table12[[Column2]:[Column54]],8,FALSE),"0") -> 4 | J9: =IFERROR(VLOOKUP(Table1215[[#This Row],[Column2]],Table12[[Column2]:[Column54]],9,FALSE),"0") -> 0 | K9: =IFERROR(VLOOKUP(Table1215[[#This Row],[Column2]],Table12[[Column2]:[Column54]],10,FALSE),"0") -> 0 | L9: =Table1215[[#This Row],[Column9]] -> 4 | M9: =IFERROR(VLOOKUP(Table1215[[#This Row],[Column2]],Table12[[Column2]:[Column54]],12,FALSE),"0") -> 0 | N9: =IFERROR(VLOOKUP(Table1215[[#This Row],[Column2]],Table12[[Column2]:[Column54]],13,FALSE),"0") -> 5 | O9: =IFERROR(VLOOKUP(Table1215[[#This Row],[Column2]],Table12[[Column2]:[Column54]],14,FALSE),"0") -> 4 | P9: =IFERROR(VLOOKUP(Table1215[[#This Row],[Column2]],Table12[[Column2]:[Column54]],10,FALSE),"0") -> 0 | Q9: =IFERROR(VLOOKUP(Table1215[[#This Row],[Column2]],Table12[[Column2]:[Column54]],16,FALSE),"0") -> 4 | R9: =AVERAGE(Table1215[[#This Row],[Column14]],Table1215[[#This Row],[Column15]],Table1215[[#This Row],[Column17]]) -> 4.3333333 | S9: =IFERROR(VLOOKUP(Table1215[[#This Row],[Column2]],Table12[[Column2]:[Column54]],18,FALSE),"0") -> 0 | T9: =IFERROR(VLOOKUP(Table1215[[#This Row],[Column2]],Table12[[Column2]:[Column54]],19,FALSE),"0") -> 0 | U9: =IFERROR(VLOOKUP(Table1215[[#This Row],[Column2]],Table12[[Column2]:[Column54]],20,FALSE),"0") -> 0 | V9: =IFERROR(VLOOKUP(Table1215[[#This Row],[Column2]],Table12[[Column2]:[Column54]],21,FALSE),"0") -> 0 | W9: =IFERROR(VLOOKUP(Table1215[[#This Row],[Column2]],Table12[[Column2]:[Column54]],22,FALSE),"0") -> 0 | X9: =Table1215[[#This Row],[Column19]] -> 0 | Y9: =IFERROR(VLOOKUP(Table1215[[#This Row],[Column2]],Table12[[Column2]:[Column54]],24,FALSE),"0") -> 5 | Z9: =IFERROR(VLOOKUP(Table1215[[#This Row],[Column2]],Table12[[Column2]:[Column54]],25,FALSE),"0") -> 0 | AA9: =IFERROR(VLOOKUP(Table1215[[#This Row],[Column2]],Table12[[Column2]:[Column54]],26,FALSE),"0") -> 0 | AB9: =IFERROR(VLOOKUP(Table1215[[#This Row],[Column2]],Table12[[Column2]:[Column54]],27,FALSE),"0") -> 0 | AC9: =IFERROR(VLOOKUP(Table1215[[#This Row],[Column2]],Table12[[Column2]:[Column54]],28,FALSE),"0") -> 0 | AD9: =Table1215[[#This Row],[Column25]] -> 5 | AE9: =IFERROR(VLOOKUP(Table1215[[#This Row],[Column2]],Table12[[Column2]:[Column54]],30,FALSE),"0") -> 0 | AF9: =IFERROR(VLOOKUP(Table1215[[#This Row],[Column2]],Table12[[Column2]:[Column54]],31,FALSE),"0") -> 0 | AG9: =IFERROR(VLOOKUP(Table1215[[#This Row],[Column2]],Table12[[Column2]:[Column54]],32,FALSE),"0") -> 0 | AH9: =IFERROR(VLOOKUP(Table1215[[#This Row],[Column2]],Table12[[Column2]:[Column54]],33,FALSE),"0") -> 0 | AI9: =IFERROR(VLOOKUP(Table1215[[#This Row],[Column2]],Table12[[Column2]:[Column54]],34,FALSE),"0") -> 0 | AJ9: =AVERAGE(Table1215[[#This Row],[Column31]],Table1215[[#This Row],[Column32]],Table1215[[#This Row],[Column33]]) -> 0 | AK9: =IFERROR(VLOOKUP(Table1215[[#This Row],[Column2]],Table12[[Column2]:[Column54]],36,FALSE),"0") -> 5 | AL9: =IFERROR(VLOOKUP(Table1215[[#This Row],[Column2]],Table12[[Column2]:[Column54]],37,FALSE),"0") -> 5 | AM9: =IFERROR(VLOOKUP(Table1215[[#This Row],[Column2]],Table12[[Column2]:[Column54]],38,FALSE),"0") -> 0 | AN9: =IFERROR(VLOOKUP(Table1215[[#This Row],[Column2]],Table12[[Column2]:[Column54]],39,FALSE),"0") -> 5 | AO9: =IFERROR(VLOOKUP(Table1215[[#This Row],[Column2]],Table12[[Column2]:[Column54]],40,FALSE),"0") -> 0 | AP9: =AVERAGE(Table1215[[#This Row],[Column37]],Table1215[[#This Row],[Column38]],Table1215[[#This Row],[Column40]]) -> 5 | AQ9: =IFERROR(VLOOKUP(Table1215[[#This Row],[Column2]],Table12[[Column2]:[Column54]],42,FALSE),"0") -> 5 | AR9: =IFERROR(VLOOKUP(Table1215[[#This Row],[Column2]],Table12[[Column2]:[Column54]],43,FALSE),"0") -> 0 | AS9: =IFERROR(VLOOKUP(Table1215[[#This Row],[Column2]],Table12[[Column2]:[Column54]],44,FALSE),"0") -> 0 | AT9: =IFERROR(VLOOKUP(Table1215[[#This Row],[Column2]],Table12[[Column2]:[Column54]],45,FALSE),"0") -> 0 | AU9: =IFERROR(VLOOKUP(Table1215[[#This Row],[Column2]],Table12[[Column2]:[Column54]],46,FALSE),"0") -> 0 | AV9: =Table1215[[#This Row],[Column43]] -> 5 | AW9: =IFERROR(VLOOKUP(Table1215[[#This Row],[Column2]],Table12[[Column2]:[Column54]],48,FALSE),"0") -> 0 | AX9: =IFERROR(VLOOKUP(Table1215[[#This Row],[Column2]],Table12[[Column2]:[Column54]],49,FALSE),"0") -> 0 | AY9: =IFERROR(VLOOKUP(Table1215[[#This Row],[Column2]],Table12[[Column2]:[Column54]],50,FALSE),"0") -> 0 | AZ9: =IFERROR(VLOOKUP(Table1215[[#This Row],[Column2]],Table12[[Column2]:[Column54]],51,FALSE),"0") -> 5 | BA9: =IFERROR(VLOOKUP(Table1215[[#This Row],[Column2]],Table12[[Column2]:[Column54]],52,FALSE),"0") -> 5 | BB9: =AVERAGE(Table1215[[#This Row],[Column52]],Table1215[[#This Row],[Column53]]) -> 5
A10: 7 | B10: 2024JULB00007 | C10: Adarsh G | D10: Male | E10: A | F10: =REPT(CHAR(160),10)&Working!$E11 -> A | G10: =IFERROR(VLOOKUP(Table1215[[#This Row],[Column2]],Table12[[Column2]:[Column54]],6,FALSE),"0") -> 0 | H10: =IFERROR(VLOOKUP(Table1215[[#This Row],[Column2]],Table12[[Column2]:[Column54]],7,FALSE),"0") -> 0 | I10: =IFERROR(VLOOKUP(Table1215[[#This Row],[Column2]],Table12[[Column2]:[Column54]],8,FALSE),"0") -> 5 | J10: =IFERROR(VLOOKUP(Table1215[[#This Row],[Column2]],Table12[[Column2]:[Column54]],9,FALSE),"0") -> 0 | K10: =IFERROR(VLOOKUP(Table1215[[#This Row],[Column2]],Table12[[Column2]:[Column54]],10,FALSE),"0") -> 0 | L10: =Table1215[[#This Row],[Column9]] -> 5 | M10: =IFERROR(VLOOKUP(Table1215[[#This Row],[Column2]],Table12[[Column2]:[Column54]],12,FALSE),"0") -> 0 | N10: =IFERROR(VLOOKUP(Table1215[[#This Row],[Column2]],Table12[[Column2]:[Column54]],13,FALSE),"0") -> 5 | O10: =IFERROR(VLOOKUP(Table1215[[#This Row],[Column2]],Table12[[Column2]:[Column54]],14,FALSE),"0") -> 5 | P10: =IFERROR(VLOOKUP(Table1215[[#This Row],[Column2]],Table12[[Column2]:[Column54]],10,FALSE),"0") -> 0 | Q10: =IFERROR(VLOOKUP(Table1215[[#This Row],[Column2]],Table12[[Column2]:[Column54]],16,FALSE),"0") -> 5 | R10: =AVERAGE(Table1215[[#This Row],[Column14]],Table1215[[#This Row],[Column15]],Table1215[[#This Row],[Column17]]) -> 5 | S10: =IFERROR(VLOOKUP(Table1215[[#This Row],[Column2]],Table12[[Column2]:[Column54]],18,FALSE),"0") -> 0 | T10: =IFERROR(VLOOKUP(Table1215[[#This Row],[Column2]],Table12[[Column2]:[Column54]],19,FALSE),"0") -> 0 | U10: =IFERROR(VLOOKUP(Table1215[[#This Row],[Column2]],Table12[[Column2]:[Column54]],20,FALSE),"0") -> 0 | V10: =IFERROR(VLOOKUP(Table1215[[#This Row],[Column2]],Table12[[Column2]:[Column54]],21,FALSE),"0") -> 0 | W10: =IFERROR(VLOOKUP(Table1215[[#This Row],[Column2]],Table12[[Column2]:[Column54]],22,FALSE),"0") -> 0 | X10: =Table1215[[#This Row],[Column19]] -> 0 | Y10: =IFERROR(VLOOKUP(Table1215[[#This Row],[Column2]],Table12[[Column2]:[Column54]],24,FALSE),"0") -> 5 | Z10: =IFERROR(VLOOKUP(Table1215[[#This Row],[Column2]],Table12[[Column2]:[Column54]],25,FALSE),"0") -> 0 | AA10: =IFERROR(VLOOKUP(Table1215[[#This Row],[Column2]],Table12[[Column2]:[Column54]],26,FALSE),"0") -> 0 | AB10: =IFERROR(VLOOKUP(Table1215[[#This Row],[Column2]],Table12[[Column2]:[Column54]],27,FALSE),"0") -> 0 | AC10: =IFERROR(VLOOKUP(Table1215[[#This Row],[Column2]],Table12[[Column2]:[Column54]],28,FALSE),"0") -> 0 | AD10: =Table1215[[#This Row],[Column25]] -> 5 | AE10: =IFERROR(VLOOKUP(Table1215[[#This Row],[Column2]],Table12[[Column2]:[Column54]],30,FALSE),"0") -> 0 | AF10: =IFERROR(VLOOKUP(Table1215[[#This Row],[Column2]],Table12[[Column2]:[Column54]],31,FALSE),"0") -> 0 | AG10: =IFERROR(VLOOKUP(Table1215[[#This Row],[Column2]],Table12[[Column2]:[Column54]],32,FALSE),"0") -> 0 | AH10: =IFERROR(VLOOKUP(Table1215[[#This Row],[Column2]],Table12[[Column2]:[Column54]],33,FALSE),"0") -> 0 | AI10: =IFERROR(VLOOKUP(Table1215[[#This Row],[Column2]],Table12[[Column2]:[Column54]],34,FALSE),"0") -> 0 | AJ10: =AVERAGE(Table1215[[#This Row],[Column31]],Table1215[[#This Row],[Column32]],Table1215[[#This Row],[Column33]]) -> 0 | AK10: =IFERROR(VLOOKUP(Table1215[[#This Row],[Column2]],Table12[[Column2]:[Column54]],36,FALSE),"0") -> 4 | AL10: =IFERROR(VLOOKUP(Table1215[[#This Row],[Column2]],Table12[[Column2]:[Column54]],37,FALSE),"0") -> 5 | AM10: =IFERROR(VLOOKUP(Table1215[[#This Row],[Column2]],Table12[[Column2]:[Column54]],38,FALSE),"0") -> 0 | AN10: =IFERROR(VLOOKUP(Table1215[[#This Row],[Column2]],Table12[[Column2]:[Column54]],39,FALSE),"0") -> 5 | AO10: =IFERROR(VLOOKUP(Table1215[[#This Row],[Column2]],Table12[[Column2]:[Column54]],40,FALSE),"0") -> 0 | AP10: =AVERAGE(Table1215[[#This Row],[Column37]],Table1215[[#This Row],[Column38]],Table1215[[#This Row],[Column40]]) -> 4.6666667 | AQ10: =IFERROR(VLOOKUP(Table1215[[#This Row],[Column2]],Table12[[Column2]:[Column54]],42,FALSE),"0") -> 5 | AR10: =IFERROR(VLOOKUP(Table1215[[#This Row],[Column2]],Table12[[Column2]:[Column54]],43,FALSE),"0") -> 0 | AS10: =IFERROR(VLOOKUP(Table1215[[#This Row],[Column2]],Table12[[Column2]:[Column54]],44,FALSE),"0") -> 0 | AT10: =IFERROR(VLOOKUP(Table1215[[#This Row],[Column2]],Table12[[Column2]:[Column54]],45,FALSE),"0") -> 0 | AU10: =IFERROR(VLOOKUP(Table1215[[#This Row],[Column2]],Table12[[Column2]:[Column54]],46,FALSE),"0") -> 0 | AV10: =Table1215[[#This Row],[Column43]] -> 5 | AW10: =IFERROR(VLOOKUP(Table1215[[#This Row],[Column2]],Table12[[Column2]:[Column54]],48,FALSE),"0") -> 0 | AX10: =IFERROR(VLOOKUP(Table1215[[#This Row],[Column2]],Table12[[Column2]:[Column54]],49,FALSE),"0") -> 0 | AY10: =IFERROR(VLOOKUP(Table1215[[#This Row],[Column2]],Table12[[Column2]:[Column54]],50,FALSE),"0") -> 0 | AZ10: =IFERROR(VLOOKUP(Table1215[[#This Row],[Column2]],Table12[[Column2]:[Column54]],51,FALSE),"0") -> 5 | BA10: =IFERROR(VLOOKUP(Table1215[[#This Row],[Column2]],Table12[[Column2]:[Column54]],52,FALSE),"0") -> 4 | BB10: =AVERAGE(Table1215[[#This Row],[Column52]],Table1215[[#This Row],[Column53]]) -> 4.5
A11: 8 | B11: 2024JULB00008 | C11: Adarsh Raj Barman | D11: Male | E11: C | F11: =REPT(CHAR(160),10)&Working!$E12 -> C | G11: =IFERROR(VLOOKUP(Table1215[[#This Row],[Column2]],Table12[[Column2]:[Column54]],6,FALSE),"0") -> 0 | H11: =IFERROR(VLOOKUP(Table1215[[#This Row],[Column2]],Table12[[Column2]:[Column54]],7,FALSE),"0") -> 0 | I11: =IFERROR(VLOOKUP(Table1215[[#This Row],[Column2]],Table12[[Column2]:[Column54]],8,FALSE),"0") -> 4 | J11: =IFERROR(VLOOKUP(Table1215[[#This Row],[Column2]],Table12[[Column2]:[Column54]],9,FALSE),"0") -> 0 | K11: =IFERROR(VLOOKUP(Table1215[[#This Row],[Column2]],Table12[[Column2]:[Column54]],10,FALSE),"0") -> 0 | L11: =Table1215[[#This Row],[Column9]] -> 4 | M11: =IFERROR(VLOOKUP(Table1215[[#This Row],[Column2]],Table12[[Column2]:[Column54]],12,FALSE),"0") -> 0 | N11: =IFERROR(VLOOKUP(Table1215[[#This Row],[Column2]],Table12[[Column2]:[Column54]],13,FALSE),"0") -> 4 | O11: =IFERROR(VLOOKUP(Table1215[[#This Row],[Column2]],Table12[[Column2]:[Column54]],14,FALSE),"0") -> 4 | P11: =IFERROR(VLOOKUP(Table1215[[#This Row],[Column2]],Table12[[Column2]:[Column54]],10,FALSE),"0") -> 0 | Q11: =IFERROR(VLOOKUP(Table1215[[#This Row],[Column2]],Table12[[Column2]:[Column54]],16,FALSE),"0") -> 4 | R11: =AVERAGE(Table1215[[#This Row],[Column14]],Table1215[[#This Row],[Column15]],Table1215[[#This Row],[Column17]]) -> 4 | S11: =IFERROR(VLOOKUP(Table1215[[#This Row],[Column2]],Table12[[Column2]:[Column54]],18,FALSE),"0") -> 0 | T11: =IFERROR(VLOOKUP(Table1215[[#This Row],[Column2]],Table12[[Column2]:[Column54]],19,FALSE),"0") -> 0 | U11: =IFERROR(VLOOKUP(Table1215[[#This Row],[Column2]],Table12[[Column2]:[Column54]],20,FALSE),"0") -> 0 | V11: =IFERROR(VLOOKUP(Table1215[[#This Row],[Column2]],Table12[[Column2]:[Column54]],21,FALSE),"0") -> 0 | W11: =IFERROR(VLOOKUP(Table1215[[#This Row],[Column2]],Table12[[Column2]:[Column54]],22,FALSE),"0") -> 0 | X11: =Table1215[[#This Row],[Column19]] -> 0 | Y11: =IFERROR(VLOOKUP(Table1215[[#This Row],[Column2]],Table12[[Column2]:[Column54]],24,FALSE),"0") -> 4 | Z11: =IFERROR(VLOOKUP(Table1215[[#This Row],[Column2]],Table12[[Column2]:[Column54]],25,FALSE),"0") -> 0 | AA11: =IFERROR(VLOOKUP(Table1215[[#This Row],[Column2]],Table12[[Column2]:[Column54]],26,FALSE),"0") -> 0 | AB11: =IFERROR(VLOOKUP(Table1215[[#This Row],[Column2]],Table12[[Column2]:[Column54]],27,FALSE),"0") -> 0 | AC11: =IFERROR(VLOOKUP(Table1215[[#This Row],[Column2]],Table12[[Column2]:[Column54]],28,FALSE),"0") -> 0 | AD11: =Table1215[[#This Row],[Column25]] -> 4 | AE11: =IFERROR(VLOOKUP(Table1215[[#This Row],[Column2]],Table12[[Column2]:[Column54]],30,FALSE),"0") -> 0 | AF11: =IFERROR(VLOOKUP(Table1215[[#This Row],[Column2]],Table12[[Column2]:[Column54]],31,FALSE),"0") -> 0 | AG11: =IFERROR(VLOOKUP(Table1215[[#This Row],[Column2]],Table12[[Column2]:[Column54]],32,FALSE),"0") -> 0 | AH11: =IFERROR(VLOOKUP(Table1215[[#This Row],[Column2]],Table12[[Column2]:[Column54]],33,FALSE),"0") -> 0 | AI11: =IFERROR(VLOOKUP(Table1215[[#This Row],[Column2]],Table12[[Column2]:[Column54]],34,FALSE),"0") -> 0 | AJ11: =AVERAGE(Table1215[[#This Row],[Column31]],Table1215[[#This Row],[Column32]],Table1215[[#This Row],[Column33]]) -> 0 | AK11: =IFERROR(VLOOKUP(Table1215[[#This Row],[Column2]],Table12[[Column2]:[Column54]],36,FALSE),"0") -> 4 | AL11: =IFERROR(VLOOKUP(Table1215[[#This Row],[Column2]],Table12[[Column2]:[Column54]],37,FALSE),"0") -> 5 | AM11: =IFERROR(VLOOKUP(Table1215[[#This Row],[Column2]],Table12[[Column2]:[Column54]],38,FALSE),"0") -> 0 | AN11: =IFERROR(VLOOKUP(Table1215[[#This Row],[Column2]],Table12[[Column2]:[Column54]],39,FALSE),"0") -> 5 | AO11: =IFERROR(VLOOKUP(Table1215[[#This Row],[Column2]],Table12[[Column2]:[Column54]],40,FALSE),"0") -> 0 | AP11: =AVERAGE(Table1215[[#This Row],[Column37]],Table1215[[#This Row],[Column38]],Table1215[[#This Row],[Column40]]) -> 4.6666667 | AQ11: =IFERROR(VLOOKUP(Table1215[[#This Row],[Column2]],Table12[[Column2]:[Column54]],42,FALSE),"0") -> 4 | AR11: =IFERROR(VLOOKUP(Table1215[[#This Row],[Column2]],Table12[[Column2]:[Column54]],43,FALSE),"0") -> 0 | AS11: =IFERROR(VLOOKUP(Table1215[[#This Row],[Column2]],Table12[[Column2]:[Column54]],44,FALSE),"0") -> 0 | AT11: =IFERROR(VLOOKUP(Table1215[[#This Row],[Column2]],Table12[[Column2]:[Column54]],45,FALSE),"0") -> 0 | AU11: =IFERROR(VLOOKUP(Table1215[[#This Row],[Column2]],Table12[[Column2]:[Column54]],46,FALSE),"0") -> 0 | AV11: =Table1215[[#This Row],[Column43]] -> 4 | AW11: =IFERROR(VLOOKUP(Table1215[[#This Row],[Column2]],Table12[[Column2]:[Column54]],48,FALSE),"0") -> 0 | AX11: =IFERROR(VLOOKUP(Table1215[[#This Row],[Column2]],Table12[[Column2]:[Column54]],49,FALSE),"0") -> 0 | AY11: =IFERROR(VLOOKUP(Table1215[[#This Row],[Column2]],Table12[[Column2]:[Column54]],50,FALSE),"0") -> 0 | AZ11: =IFERROR(VLOOKUP(Table1215[[#This Row],[Column2]],Table12[[Column2]:[Column54]],51,FALSE),"0") -> 4 | BA11: =IFERROR(VLOOKUP(Table1215[[#This Row],[Column2]],Table12[[Column2]:[Column54]],52,FALSE),"0") -> 4 | BB11: =AVERAGE(Table1215[[#This Row],[Column52]],Table1215[[#This Row],[Column53]]) -> 4
A12: 9 | B12: 2024JULB00009 | C12: Aditi Kumari | D12: Female | E12: A | F12: =REPT(CHAR(160),10)&Working!$E13 -> A | G12: =IFERROR(VLOOKUP(Table1215[[#This Row],[Column2]],Table12[[Column2]:[Column54]],6,FALSE),"0") -> 0 | H12: =IFERROR(VLOOKUP(Table1215[[#This Row],[Column2]],Table12[[Column2]:[Column54]],7,FALSE),"0") -> 0 | I12: =IFERROR(VLOOKUP(Table1215[[#This Row],[Column2]],Table12[[Column2]:[Column54]],8,FALSE),"0") -> 4 | J12: =IFERROR(VLOOKUP(Table1215[[#This Row],[Column2]],Table12[[Column2]:[Column54]],9,FALSE),"0") -> 0 | K12: =IFERROR(VLOOKUP(Table1215[[#This Row],[Column2]],Table12[[Column2]:[Column54]],10,FALSE),"0") -> 0 | L12: =Table1215[[#This Row],[Column9]] -> 4 | M12: =IFERROR(VLOOKUP(Table1215[[#This Row],[Column2]],Table12[[Column2]:[Column54]],12,FALSE),"0") -> 0 | N12: =IFERROR(VLOOKUP(Table1215[[#This Row],[Column2]],Table12[[Column2]:[Column54]],13,FALSE),"0") -> 4 | O12: =IFERROR(VLOOKUP(Table1215[[#This Row],[Column2]],Table12[[Column2]:[Column54]],14,FALSE),"0") -> 4 | P12: =IFERROR(VLOOKUP(Table1215[[#This Row],[Column2]],Table12[[Column2]:[Column54]],10,FALSE),"0") -> 0 | Q12: =IFERROR(VLOOKUP(Table1215[[#This Row],[Column2]],Table12[[Column2]:[Column54]],16,FALSE),"0") -> 4 | R12: =AVERAGE(Table1215[[#This Row],[Column14]],Table1215[[#This Row],[Column15]],Table1215[[#This Row],[Column17]]) -> 4 | S12: =IFERROR(VLOOKUP(Table1215[[#This Row],[Column2]],Table12[[Column2]:[Column54]],18,FALSE),"0") -> 0 | T12: =IFERROR(VLOOKUP(Table1215[[#This Row],[Column2]],Table12[[Column2]:[Column54]],19,FALSE),"0") -> 0 | U12: =IFERROR(VLOOKUP(Table1215[[#This Row],[Column2]],Table12[[Column2]:[Column54]],20,FALSE),"0") -> 0 | V12: =IFERROR(VLOOKUP(Table1215[[#This Row],[Column2]],Table12[[Column2]:[Column54]],21,FALSE),"0") -> 0 | W12: =IFERROR(VLOOKUP(Table1215[[#This Row],[Column2]],Table12[[Column2]:[Column54]],22,FALSE),"0") -> 0 | X12: =Table1215[[#This Row],[Column19]] -> 0 | Y12: =IFERROR(VLOOKUP(Table1215[[#This Row],[Column2]],Table12[[Column2]:[Column54]],24,FALSE),"0") -> 4 | Z12: =IFERROR(VLOOKUP(Table1215[[#This Row],[Column2]],Table12[[Column2]:[Column54]],25,FALSE),"0") -> 0 | AA12: =IFERROR(VLOOKUP(Table1215[[#This Row],[Column2]],Table12[[Column2]:[Column54]],26,FALSE),"0") -> 0 | AB12: =IFERROR(VLOOKUP(Table1215[[#This Row],[Column2]],Table12[[Column2]:[Column54]],27,FALSE),"0") -> 0 | AC12: =IFERROR(VLOOKUP(Table1215[[#This Row],[Column2]],Table12[[Column2]:[Column54]],28,FALSE),"0") -> 0 | AD12: =Table1215[[#This Row],[Column25]] -> 4 | AE12: =IFERROR(VLOOKUP(Table1215[[#This Row],[Column2]],Table12[[Column2]:[Column54]],30,FALSE),"0") -> 0 | AF12: =IFERROR(VLOOKUP(Table1215[[#This Row],[Column2]],Table12[[Column2]:[Column54]],31,FALSE),"0") -> 0 | AG12: =IFERROR(VLOOKUP(Table1215[[#This Row],[Column2]],Table12[[Column2]:[Column54]],32,FALSE),"0") -> 0 | AH12: =IFERROR(VLOOKUP(Table1215[[#This Row],[Column2]],Table12[[Column2]:[Column54]],33,FALSE),"0") -> 0 | AI12: =IFERROR(VLOOKUP(Table1215[[#This Row],[Column2]],Table12[[Column2]:[Column54]],34,FALSE),"0") -> 0 | AJ12: =AVERAGE(Table1215[[#This Row],[Column31]],Table1215[[#This Row],[Column32]],Table1215[[#This Row],[Column33]]) -> 0 | AK12: =IFERROR(VLOOKUP(Table1215[[#This Row],[Column2]],Table12[[Column2]:[Column54]],36,FALSE),"0") -> 4 | AL12: =IFERROR(VLOOKUP(Table1215[[#This Row],[Column2]],Table12[[Column2]:[Column54]],37,FALSE),"0") -> 5 | AM12: =IFERROR(VLOOKUP(Table1215[[#This Row],[Column2]],Table12[[Column2]:[Column54]],38,FALSE),"0") -> 0 | AN12: =IFERROR(VLOOKUP(Table1215[[#This Row],[Column2]],Table12[[Column2]:[Column54]],39,FALSE),"0") -> 4 | AO12: =IFERROR(VLOOKUP(Table1215[[#This Row],[Column2]],Table12[[Column2]:[Column54]],40,FALSE),"0") -> 0 | AP12: =AVERAGE(Table1215[[#This Row],[Column37]],Table1215[[#This Row],[Column38]],Table1215[[#This Row],[Column40]]) -> 4.3333333 | AQ12: =IFERROR(VLOOKUP(Table1215[[#This Row],[Column2]],Table12[[Column2]:[Column54]],42,FALSE),"0") -> 5 | AR12: =IFERROR(VLOOKUP(Table1215[[#This Row],[Column2]],Table12[[Column2]:[Column54]],43,FALSE),"0") -> 0 | AS12: =IFERROR(VLOOKUP(Table1215[[#This Row],[Column2]],Table12[[Column2]:[Column54]],44,FALSE),"0") -> 0 | AT12: =IFERROR(VLOOKUP(Table1215[[#This Row],[Column2]],Table12[[Column2]:[Column54]],45,FALSE),"0") -> 0 | AU12: =IFERROR(VLOOKUP(Table1215[[#This Row],[Column2]],Table12[[Column2]:[Column54]],46,FALSE),"0") -> 0 | AV12: =Table1215[[#This Row],[Column43]] -> 5 | AW12: =IFERROR(VLOOKUP(Table1215[[#This Row],[Column2]],Table12[[Column2]:[Column54]],48,FALSE),"0") -> 0 | AX12: =IFERROR(VLOOKUP(Table1215[[#This Row],[Column2]],Table12[[Column2]:[Column54]],49,FALSE),"0") -> 0 | AY12: =IFERROR(VLOOKUP(Table1215[[#This Row],[Column2]],Table12[[Column2]:[Column54]],50,FALSE),"0") -> 0 | AZ12: =IFERROR(VLOOKUP(Table1215[[#This Row],[Column2]],Table12[[Column2]:[Column54]],51,FALSE),"0") -> 4 | BA12: =IFERROR(VLOOKUP(Table1215[[#This Row],[Column2]],Table12[[Column2]:[Column54]],52,FALSE),"0") -> 4 | BB12: =AVERAGE(Table1215[[#This Row],[Column52]],Table1215[[#This Row],[Column53]]) -> 4
A13: 10 | B13: 2024JULB00012 | C13: Akarsh Narain | D13: Male | E13: A | F13: =REPT(CHAR(160),10)&Working!$E14 -> A | G13: =IFERROR(VLOOKUP(Table1215[[#This Row],[Column2]],Table12[[Column2]:[Column54]],6,FALSE),"0") -> 0 | H13: =IFERROR(VLOOKUP(Table1215[[#This Row],[Column2]],Table12[[Column2]:[Column54]],7,FALSE),"0") -> 0 | I13: =IFERROR(VLOOKUP(Table1215[[#This Row],[Column2]],Table12[[Column2]:[Column54]],8,FALSE),"0") -> 4 | J13: =IFERROR(VLOOKUP(Table1215[[#This Row],[Column2]],Table12[[Column2]:[Column54]],9,FALSE),"0") -> 0 | K13: =IFERROR(VLOOKUP(Table1215[[#This Row],[Column2]],Table12[[Column2]:[Column54]],10,FALSE),"0") -> 0 | L13: =Table1215[[#This Row],[Column9]] -> 4 | M13: =IFERROR(VLOOKUP(Table1215[[#This Row],[Column2]],Table12[[Column2]:[Column54]],12,FALSE),"0") -> 0 | N13: =IFERROR(VLOOKUP(Table1215[[#This Row],[Column2]],Table12[[Column2]:[Column54]],13,FALSE),"0") -> 4 | O13: =IFERROR(VLOOKUP(Table1215[[#This Row],[Column2]],Table12[[Column2]:[Column54]],14,FALSE),"0") -> 5 | P13: =IFERROR(VLOOKUP(Table1215[[#This Row],[Column2]],Table12[[Column2]:[Column54]],10,FALSE),"0") -> 0 | Q13: =IFERROR(VLOOKUP(Table1215[[#This Row],[Column2]],Table12[[Column2]:[Column54]],16,FALSE),"0") -> 5 | R13: =AVERAGE(Table1215[[#This Row],[Column14]],Table1215[[#This Row],[Column15]],Table1215[[#This Row],[Column17]]) -> 4.6666667 | S13: =IFERROR(VLOOKUP(Table1215[[#This Row],[Column2]],Table12[[Column2]:[Column54]],18,FALSE),"0") -> 0 | T13: =IFERROR(VLOOKUP(Table1215[[#This Row],[Column2]],Table12[[Column2]:[Column54]],19,FALSE),"0") -> 0 | U13: =IFERROR(VLOOKUP(Table1215[[#This Row],[Column2]],Table12[[Column2]:[Column54]],20,FALSE),"0") -> 0 | V13: =IFERROR(VLOOKUP(Table1215[[#This Row],[Column2]],Table12[[Column2]:[Column54]],21,FALSE),"0") -> 0 | W13: =IFERROR(VLOOKUP(Table1215[[#This Row],[Column2]],Table12[[Column2]:[Column54]],22,FALSE),"0") -> 0 | X13: =Table1215[[#This Row],[Column19]] -> 0 | Y13: =IFERROR(VLOOKUP(Table1215[[#This Row],[Column2]],Table12[[Column2]:[Column54]],24,FALSE),"0") -> 4 | Z13: =IFERROR(VLOOKUP(Table1215[[#This Row],[Column2]],Table12[[Column2]:[Column54]],25,FALSE),"0") -> 0 | AA13: =IFERROR(VLOOKUP(Table1215[[#This Row],[Column2]],Table12[[Column2]:[Column54]],26,FALSE),"0") -> 0 | AB13: =IFERROR(VLOOKUP(Table1215[[#This Row],[Column2]],Table12[[Column2]:[Column54]],27,FALSE),"0") -> 0 | AC13: =IFERROR(VLOOKUP(Table1215[[#This Row],[Column2]],Table12[[Column2]:[Column54]],28,FALSE),"0") -> 0 | AD13: =Table1215[[#This Row],[Column25]] -> 4 | AE13: =IFERROR(VLOOKUP(Table1215[[#This Row],[Column2]],Table12[[Column2]:[Column54]],30,FALSE),"0") -> 0 | AF13: =IFERROR(VLOOKUP(Table1215[[#This Row],[Column2]],Table12[[Column2]:[Column54]],31,FALSE),"0") -> 0 | AG13: =IFERROR(VLOOKUP(Table1215[[#This Row],[Column2]],Table12[[Column2]:[Column54]],32,FALSE),"0") -> 0 | AH13: =IFERROR(VLOOKUP(Table1215[[#This Row],[Column2]],Table12[[Column2]:[Column54]],33,FALSE),"0") -> 0 | AI13: =IFERROR(VLOOKUP(Table1215[[#This Row],[Column2]],Table12[[Column2]:[Column54]],34,FALSE),"0") -> 0 | AJ13: =AVERAGE(Table1215[[#This Row],[Column31]],Table1215[[#This Row],[Column32]],Table1215[[#This Row],[Column33]]) -> 0 | AK13: =IFERROR(VLOOKUP(Table1215[[#This Row],[Column2]],Table12[[Column2]:[Column54]],36,FALSE),"0") -> 5 | AL13: =IFERROR(VLOOKUP(Table1215[[#This Row],[Column2]],Table12[[Column2]:[Column54]],37,FALSE),"0") -> 4 | AM13: =IFERROR(VLOOKUP(Table1215[[#This Row],[Column2]],Table12[[Column2]:[Column54]],38,FALSE),"0") -> 0 | AN13: =IFERROR(VLOOKUP(Table1215[[#This Row],[Column2]],Table12[[Column2]:[Column54]],39,FALSE),"0") -> 5 | AO13: =IFERROR(VLOOKUP(Table1215[[#This Row],[Column2]],Table12[[Column2]:[Column54]],40,FALSE),"0") -> 0 | AP13: =AVERAGE(Table1215[[#This Row],[Column37]],Table1215[[#This Row],[Column38]],Table1215[[#This Row],[Column40]]) -> 4.6666667 | AQ13: =IFERROR(VLOOKUP(Table1215[[#This Row],[Column2]],Table12[[Column2]:[Column54]],42,FALSE),"0") -> 5 | AR13: =IFERROR(VLOOKUP(Table1215[[#This Row],[Column2]],Table12[[Column2]:[Column54]],43,FALSE),"0") -> 0 | AS13: =IFERROR(VLOOKUP(Table1215[[#This Row],[Column2]],Table12[[Column2]:[Column54]],44,FALSE),"0") -> 0 | AT13: =IFERROR(VLOOKUP(Table1215[[#This Row],[Column2]],Table12[[Column2]:[Column54]],45,FALSE),"0") -> 0 | AU13: =IFERROR(VLOOKUP(Table1215[[#This Row],[Column2]],Table12[[Column2]:[Column54]],46,FALSE),"0") -> 0 | AV13: =Table1215[[#This Row],[Column43]] -> 5 | AW13: =IFERROR(VLOOKUP(Table1215[[#This Row],[Column2]],Table12[[Column2]:[Column54]],48,FALSE),"0") -> 0 | AX13: =IFERROR(VLOOKUP(Table1215[[#This Row],[Column2]],Table12[[Column2]:[Column54]],49,FALSE),"0") -> 0 | AY13: =IFERROR(VLOOKUP(Table1215[[#This Row],[Column2]],Table12[[Column2]:[Column54]],50,FALSE),"0") -> 0 | AZ13: =IFERROR(VLOOKUP(Table1215[[#This Row],[Column2]],Table12[[Column2]:[Column54]],51,FALSE),"0") -> 4 | BA13: =IFERROR(VLOOKUP(Table1215[[#This Row],[Column2]],Table12[[Column2]:[Column54]],52,FALSE),"0") -> 5 | BB13: =AVERAGE(Table1215[[#This Row],[Column52]],Table1215[[#This Row],[Column53]]) -> 4.5
A14: 11 | B14: 2024JULB00013 | C14: Akshat Singh | D14: Male | E14: B | F14: =REPT(CHAR(160),10)&Working!$E15 -> B | G14: =IFERROR(VLOOKUP(Table1215[[#This Row],[Column2]],Table12[[Column2]:[Column54]],6,FALSE),"0") -> 0 | H14: =IFERROR(VLOOKUP(Table1215[[#This Row],[Column2]],Table12[[Column2]:[Column54]],7,FALSE),"0") -> 0 | I14: =IFERROR(VLOOKUP(Table1215[[#This Row],[Column2]],Table12[[Column2]:[Column54]],8,FALSE),"0") -> 4 | J14: =IFERROR(VLOOKUP(Table1215[[#This Row],[Column2]],Table12[[Column2]:[Column54]],9,FALSE),"0") -> 0 | K14: =IFERROR(VLOOKUP(Table1215[[#This Row],[Column2]],Table12[[Column2]:[Column54]],10,FALSE),"0") -> 0 | L14: =Table1215[[#This Row],[Column9]] -> 4 | M14: =IFERROR(VLOOKUP(Table1215[[#This Row],[Column2]],Table12[[Column2]:[Column54]],12,FALSE),"0") -> 0 | N14: =IFERROR(VLOOKUP(Table1215[[#This Row],[Column2]],Table12[[Column2]:[Column54]],13,FALSE),"0") -> 4 | O14: =IFERROR(VLOOKUP(Table1215[[#This Row],[Column2]],Table12[[Column2]:[Column54]],14,FALSE),"0") -> 5 | P14: =IFERROR(VLOOKUP(Table1215[[#This Row],[Column2]],Table12[[Column2]:[Column54]],10,FALSE),"0") -> 0 | Q14: =IFERROR(VLOOKUP(Table1215[[#This Row],[Column2]],Table12[[Column2]:[Column54]],16,FALSE),"0") -> 5 | R14: =AVERAGE(Table1215[[#This Row],[Column14]],Table1215[[#This Row],[Column15]],Table1215[[#This Row],[Column17]]) -> 4.6666667 | S14: =IFERROR(VLOOKUP(Table1215[[#This Row],[Column2]],Table12[[Column2]:[Column54]],18,FALSE),"0") -> 0 | T14: =IFERROR(VLOOKUP(Table1215[[#This Row],[Column2]],Table12[[Column2]:[Column54]],19,FALSE),"0") -> 0 | U14: =IFERROR(VLOOKUP(Table1215[[#This Row],[Column2]],Table12[[Column2]:[Column54]],20,FALSE),"0") -> 0 | V14: =IFERROR(VLOOKUP(Table1215[[#This Row],[Column2]],Table12[[Column2]:[Column54]],21,FALSE),"0") -> 0 | W14: =IFERROR(VLOOKUP(Table1215[[#This Row],[Column2]],Table12[[Column2]:[Column54]],22,FALSE),"0") -> 0 | X14: =Table1215[[#This Row],[Column19]] -> 0 | Y14: =IFERROR(VLOOKUP(Table1215[[#This Row],[Column2]],Table12[[Column2]:[Column54]],24,FALSE),"0") -> 5 | Z14: =IFERROR(VLOOKUP(Table1215[[#This Row],[Column2]],Table12[[Column2]:[Column54]],25,FALSE),"0") -> 0 | AA14: =IFERROR(VLOOKUP(Table1215[[#This Row],[Column2]],Table12[[Column2]:[Column54]],26,FALSE),"0") -> 0 | AB14: =IFERROR(VLOOKUP(Table1215[[#This Row],[Column2]],Table12[[Column2]:[Column54]],27,FALSE),"0") -> 0 | AC14: =IFERROR(VLOOKUP(Table1215[[#This Row],[Column2]],Table12[[Column2]:[Column54]],28,FALSE),"0") -> 0 | AD14: =Table1215[[#This Row],[Column25]] -> 5 | AE14: =IFERROR(VLOOKUP(Table1215[[#This Row],[Column2]],Table12[[Column2]:[Column54]],30,FALSE),"0") -> 0 | AF14: =IFERROR(VLOOKUP(Table1215[[#This Row],[Column2]],Table12[[Column2]:[Column54]],31,FALSE),"0") -> 0 | AG14: =IFERROR(VLOOKUP(Table1215[[#This Row],[Column2]],Table12[[Column2]:[Column54]],32,FALSE),"0") -> 0 | AH14: =IFERROR(VLOOKUP(Table1215[[#This Row],[Column2]],Table12[[Column2]:[Column54]],33,FALSE),"0") -> 0 | AI14: =IFERROR(VLOOKUP(Table1215[[#This Row],[Column2]],Table12[[Column2]:[Column54]],34,FALSE),"0") -> 0 | AJ14: =AVERAGE(Table1215[[#This Row],[Column31]],Table1215[[#This Row],[Column32]],Table1215[[#This Row],[Column33]]) -> 0 | AK14: =IFERROR(VLOOKUP(Table1215[[#This Row],[Column2]],Table12[[Column2]:[Column54]],36,FALSE),"0") -> 4 | AL14: =IFERROR(VLOOKUP(Table1215[[#This Row],[Column2]],Table12[[Column2]:[Column54]],37,FALSE),"0") -> 4 | AM14: =IFERROR(VLOOKUP(Table1215[[#This Row],[Column2]],Table12[[Column2]:[Column54]],38,FALSE),"0") -> 0 | AN14: =IFERROR(VLOOKUP(Table1215[[#This Row],[Column2]],Table12[[Column2]:[Column54]],39,FALSE),"0") -> 4 | AO14: =IFERROR(VLOOKUP(Table1215[[#This Row],[Column2]],Table12[[Column2]:[Column54]],40,FALSE),"0") -> 0 | AP14: =AVERAGE(Table1215[[#This Row],[Column37]],Table1215[[#This Row],[Column38]],Table1215[[#This Row],[Column40]]) -> 4 | AQ14: =IFERROR(VLOOKUP(Table1215[[#This Row],[Column2]],Table12[[Column2]:[Column54]],42,FALSE),"0") -> 3 | AR14: =IFERROR(VLOOKUP(Table1215[[#This Row],[Column2]],Table12[[Column2]:[Column54]],43,FALSE),"0") -> 0 | AS14: =IFERROR(VLOOKUP(Table1215[[#This Row],[Column2]],Table12[[Column2]:[Column54]],44,FALSE),"0") -> 0 | AT14: =IFERROR(VLOOKUP(Table1215[[#This Row],[Column2]],Table12[[Column2]:[Column54]],45,FALSE),"0") -> 0 | AU14: =IFERROR(VLOOKUP(Table1215[[#This Row],[Column2]],Table12[[Column2]:[Column54]],46,FALSE),"0") -> 0 | AV14: =Table1215[[#This Row],[Column43]] -> 3 | AW14: =IFERROR(VLOOKUP(Table1215[[#This Row],[Column2]],Table12[[Column2]:[Column54]],48,FALSE),"0") -> 0 | AX14: =IFERROR(VLOOKUP(Table1215[[#This Row],[Column2]],Table12[[Column2]:[Column54]],49,FALSE),"0") -> 0 | AY14: =IFERROR(VLOOKUP(Table1215[[#This Row],[Column2]],Table12[[Column2]:[Column54]],50,FALSE),"0") -> 0 | AZ14: =IFERROR(VLOOKUP(Table1215[[#This Row],[Column2]],Table12[[Column2]:[Column54]],51,FALSE),"0") -> 4 | BA14: =IFERROR(VLOOKUP(Table1215[[#This Row],[Column2]],Table12[[Column2]:[Column54]],52,FALSE),"0") -> 4 | BB14: =AVERAGE(Table1215[[#This Row],[Column52]],Table1215[[#This Row],[Column53]]) -> 4
A15: 12 | B15: 2024JULB00014 | C15: Amal Shibu Balan | D15: Male | E15: B | F15: =REPT(CHAR(160),10)&Working!$E16 -> B | G15: =IFERROR(VLOOKUP(Table1215[[#This Row],[Column2]],Table12[[Column2]:[Column54]],6,FALSE),"0") -> 0 | H15: =IFERROR(VLOOKUP(Table1215[[#This Row],[Column2]],Table12[[Column2]:[Column54]],7,FALSE),"0") -> 0 | I15: =IFERROR(VLOOKUP(Table1215[[#This Row],[Column2]],Table12[[Column2]:[Column54]],8,FALSE),"0") -> 5 | J15: =IFERROR(VLOOKUP(Table1215[[#This Row],[Column2]],Table12[[Column2]:[Column54]],9,FALSE),"0") -> 0 | K15: =IFERROR(VLOOKUP(Table1215[[#This Row],[Column2]],Table12[[Column2]:[Column54]],10,FALSE),"0") -> 0 | L15: =Table1215[[#This Row],[Column9]] -> 5 | M15: =IFERROR(VLOOKUP(Table1215[[#This Row],[Column2]],Table12[[Column2]:[Column54]],12,FALSE),"0") -> 0 | N15: =IFERROR(VLOOKUP(Table1215[[#This Row],[Column2]],Table12[[Column2]:[Column54]],13,FALSE),"0") -> 4 | O15: =IFERROR(VLOOKUP(Table1215[[#This Row],[Column2]],Table12[[Column2]:[Column54]],14,FALSE),"0") -> 5 | P15: =IFERROR(VLOOKUP(Table1215[[#This Row],[Column2]],Table12[[Column2]:[Column54]],10,FALSE),"0") -> 0 | Q15: =IFERROR(VLOOKUP(Table1215[[#This Row],[Column2]],Table12[[Column2]:[Column54]],16,FALSE),"0") -> 5 | R15: =AVERAGE(Table1215[[#This Row],[Column14]],Table1215[[#This Row],[Column15]],Table1215[[#This Row],[Column17]]) -> 4.6666667 | S15: =IFERROR(VLOOKUP(Table1215[[#This Row],[Column2]],Table12[[Column2]:[Column54]],18,FALSE),"0") -> 0 | T15: =IFERROR(VLOOKUP(Table1215[[#This Row],[Column2]],Table12[[Column2]:[Column54]],19,FALSE),"0") -> 0 | U15: =IFERROR(VLOOKUP(Table1215[[#This Row],[Column2]],Table12[[Column2]:[Column54]],20,FALSE),"0") -> 0 | V15: =IFERROR(VLOOKUP(Table1215[[#This Row],[Column2]],Table12[[Column2]:[Column54]],21,FALSE),"0") -> 0 | W15: =IFERROR(VLOOKUP(Table1215[[#This Row],[Column2]],Table12[[Column2]:[Column54]],22,FALSE),"0") -> 0 | X15: =Table1215[[#This Row],[Column19]] -> 0 | Y15: =IFERROR(VLOOKUP(Table1215[[#This Row],[Column2]],Table12[[Column2]:[Column54]],24,FALSE),"0") -> 4 | Z15: =IFERROR(VLOOKUP(Table1215[[#This Row],[Column2]],Table12[[Column2]:[Column54]],25,FALSE),"0") -> 0 | AA15: =IFERROR(VLOOKUP(Table1215[[#This Row],[Column2]],Table12[[Column2]:[Column54]],26,FALSE),"0") -> 0 | AB15: =IFERROR(VLOOKUP(Table1215[[#This Row],[Column2]],Table12[[Column2]:[Column54]],27,FALSE),"0") -> 0 | AC15: =IFERROR(VLOOKUP(Table1215[[#This Row],[Column2]],Table12[[Column2]:[Column54]],28,FALSE),"0") -> 0 | AD15: =Table1215[[#This Row],[Column25]] -> 4 | AE15: =IFERROR(VLOOKUP(Table1215[[#This Row],[Column2]],Table12[[Column2]:[Column54]],30,FALSE),"0") -> 0 | AF15: =IFERROR(VLOOKUP(Table1215[[#This Row],[Column2]],Table12[[Column2]:[Column54]],31,FALSE),"0") -> 0 | AG15: =IFERROR(VLOOKUP(Table1215[[#This Row],[Column2]],Table12[[Column2]:[Column54]],32,FALSE),"0") -> 0 | AH15: =IFERROR(VLOOKUP(Table1215[[#This Row],[Column2]],Table12[[Column2]:[Column54]],33,FALSE),"0") -> 0 | AI15: =IFERROR(VLOOKUP(Table1215[[#This Row],[Column2]],Table12[[Column2]:[Column54]],34,FALSE),"0") -> 0 | AJ15: =AVERAGE(Table1215[[#This Row],[Column31]],Table1215[[#This Row],[Column32]],Table1215[[#This Row],[Column33]]) -> 0 | AK15: =IFERROR(VLOOKUP(Table1215[[#This Row],[Column2]],Table12[[Column2]:[Column54]],36,FALSE),"0") -> 4 | AL15: =IFERROR(VLOOKUP(Table1215[[#This Row],[Column2]],Table12[[Column2]:[Column54]],37,FALSE),"0") -> 3 | AM15: =IFERROR(VLOOKUP(Table1215[[#This Row],[Column2]],Table12[[Column2]:[Column54]],38,FALSE),"0") -> 0 | AN15: =IFERROR(VLOOKUP(Table1215[[#This Row],[Column2]],Table12[[Column2]:[Column54]],39,FALSE),"0") -> 4 | AO15: =IFERROR(VLOOKUP(Table1215[[#This Row],[Column2]],Table12[[Column2]:[Column54]],40,FALSE),"0") -> 0 | AP15: =AVERAGE(Table1215[[#This Row],[Column37]],Table1215[[#This Row],[Column38]],Table1215[[#This Row],[Column40]]) -> 3.6666667 | AQ15: =IFERROR(VLOOKUP(Table1215[[#This Row],[Column2]],Table12[[Column2]:[Column54]],42,FALSE),"0") -> 4 | AR15: =IFERROR(VLOOKUP(Table1215[[#This Row],[Column2]],Table12[[Column2]:[Column54]],43,FALSE),"0") -> 0 | AS15: =IFERROR(VLOOKUP(Table1215[[#This Row],[Column2]],Table12[[Column2]:[Column54]],44,FALSE),"0") -> 0 | AT15: =IFERROR(VLOOKUP(Table1215[[#This Row],[Column2]],Table12[[Column2]:[Column54]],45,FALSE),"0") -> 0 | AU15: =IFERROR(VLOOKUP(Table1215[[#This Row],[Column2]],Table12[[Column2]:[Column54]],46,FALSE),"0") -> 0 | AV15: =Table1215[[#This Row],[Column43]] -> 4 | AW15: =IFERROR(VLOOKUP(Table1215[[#This Row],[Column2]],Table12[[Column2]:[Column54]],48,FALSE),"0") -> 0 | AX15: =IFERROR(VLOOKUP(Table1215[[#This Row],[Column2]],Table12[[Column2]:[Column54]],49,FALSE),"0") -> 0 | AY15: =IFERROR(VLOOKUP(Table1215[[#This Row],[Column2]],Table12[[Column2]:[Column54]],50,FALSE),"0") -> 0 | AZ15: =IFERROR(VLOOKUP(Table1215[[#This Row],[Column2]],Table12[[Column2]:[Column54]],51,FALSE),"0") -> 4 | BA15: =IFERROR(VLOOKUP(Table1215[[#This Row],[Column2]],Table12[[Column2]:[Column54]],52,FALSE),"0") -> 4 | BB15: =AVERAGE(Table1215[[#This Row],[Column52]],Table1215[[#This Row],[Column53]]) -> 4
... A231: 228 | B231: 2024JULB00273 | C231: Harshit Gopawat | D231: MAle | E231: D | F231: =REPT(CHAR(160),10)&Working!$E232 -> D | G231: =IFERROR(VLOOKUP(Table1215[[#This Row],[Column2]],Table12[[Column2]:[Column54]],6,FALSE),"0") -> 0 | H231: =IFERROR(VLOOKUP(Table1215[[#This Row],[Column2]],Table12[[Column2]:[Column54]],7,FALSE),"0") -> 0 | I231: =IFERROR(VLOOKUP(Table1215[[#This Row],[Column2]],Table12[[Column2]:[Column54]],8,FALSE),"0") -> A | J231: =IFERROR(VLOOKUP(Table1215[[#This Row],[Column2]],Table12[[Column2]:[Column54]],9,FALSE),"0") -> 0 | K231: =IFERROR(VLOOKUP(Table1215[[#This Row],[Column2]],Table12[[Column2]:[Column54]],10,FALSE),"0") -> 0 | L231: =Table1215[[#This Row],[Column9]] -> A | M231: =IFERROR(VLOOKUP(Table1215[[#This Row],[Column2]],Table12[[Column2]:[Column54]],12,FALSE),"0") -> 0 | N231: =IFERROR(VLOOKUP(Table1215[[#This Row],[Column2]],Table12[[Column2]:[Column54]],13,FALSE),"0") -> 0 | O231: =IFERROR(VLOOKUP(Table1215[[#This Row],[Column2]],Table12[[Column2]:[Column54]],14,FALSE),"0") -> 0 | P231: =IFERROR(VLOOKUP(Table1215[[#This Row],[Column2]],Table12[[Column2]:[Column54]],10,FALSE),"0") -> 0 | Q231: =IFERROR(VLOOKUP(Table1215[[#This Row],[Column2]],Table12[[Column2]:[Column54]],16,FALSE),"0") -> 0 | R231: =AVERAGE(Table1215[[#This Row],[Column14]],Table1215[[#This Row],[Column15]],Table1215[[#This Row],[Column17]]) -> #DIV/0! | S231: =IFERROR(VLOOKUP(Table1215[[#This Row],[Column2]],Table12[[Column2]:[Column54]],18,FALSE),"0") -> 0 | T231: =IFERROR(VLOOKUP(Table1215[[#This Row],[Column2]],Table12[[Column2]:[Column54]],19,FALSE),"0") -> 0 | U231: =IFERROR(VLOOKUP(Table1215[[#This Row],[Column2]],Table12[[Column2]:[Column54]],20,FALSE),"0") -> 0 | V231: =IFERROR(VLOOKUP(Table1215[[#This Row],[Column2]],Table12[[Column2]:[Column54]],21,FALSE),"0") -> 0 | W231: =IFERROR(VLOOKUP(Table1215[[#This Row],[Column2]],Table12[[Column2]:[Column54]],22,FALSE),"0") -> 0 | X231: =Table1215[[#This Row],[Column19]] -> 0 | Y231: =IFERROR(VLOOKUP(Table1215[[#This Row],[Column2]],Table12[[Column2]:[Column54]],24,FALSE),"0") -> 0 | Z231: =IFERROR(VLOOKUP(Table1215[[#This Row],[Column2]],Table12[[Column2]:[Column54]],25,FALSE),"0") -> 0 | AA231: =IFERROR(VLOOKUP(Table1215[[#This Row],[Column2]],Table12[[Column2]:[Column54]],26,FALSE),"0") -> 0 | AB231: =IFERROR(VLOOKUP(Table1215[[#This Row],[Column2]],Table12[[Column2]:[Column54]],27,FALSE),"0") -> 0 | AC231: =IFERROR(VLOOKUP(Table1215[[#This Row],[Column2]],Table12[[Column2]:[Column54]],28,FALSE),"0") -> 0 | AD231: =Table1215[[#This Row],[Column25]] -> 0 | AE231: =IFERROR(VLOOKUP(Table1215[[#This Row],[Column2]],Table12[[Column2]:[Column54]],30,FALSE),"0") -> 0 | AF231: =IFERROR(VLOOKUP(Table1215[[#This Row],[Column2]],Table12[[Column2]:[Column54]],31,FALSE),"0") -> 0 | AG231: =IFERROR(VLOOKUP(Table1215[[#This Row],[Column2]],Table12[[Column2]:[Column54]],32,FALSE),"0") -> 0 | AH231: =IFERROR(VLOOKUP(Table1215[[#This Row],[Column2]],Table12[[Column2]:[Column54]],33,FALSE),"0") -> 0 | AI231: =IFERROR(VLOOKUP(Table1215[[#This Row],[Column2]],Table12[[Column2]:[Column54]],34,FALSE),"0") -> 0 | AJ231: =AVERAGE(Table1215[[#This Row],[Column31]],Table1215[[#This Row],[Column32]],Table1215[[#This Row],[Column33]]) -> 0 | AK231: =IFERROR(VLOOKUP(Table1215[[#This Row],[Column2]],Table12[[Column2]:[Column54]],36,FALSE),"0") -> 0 | AL231: =IFERROR(VLOOKUP(Table1215[[#This Row],[Column2]],Table12[[Column2]:[Column54]],37,FALSE),"0") -> 0 | AM231: =IFERROR(VLOOKUP(Table1215[[#This Row],[Column2]],Table12[[Column2]:[Column54]],38,FALSE),"0") -> 0 | AN231: =IFERROR(VLOOKUP(Table1215[[#This Row],[Column2]],Table12[[Column2]:[Column54]],39,FALSE),"0") -> 0 | AO231: =IFERROR(VLOOKUP(Table1215[[#This Row],[Column2]],Table12[[Column2]:[Column54]],40,FALSE),"0") -> 0 | AP231: =AVERAGE(Table1215[[#This Row],[Column37]],Table1215[[#This Row],[Column38]],Table1215[[#This Row],[Column40]]) -> #DIV/0! | AQ231: =IFERROR(VLOOKUP(Table1215[[#This Row],[Column2]],Table12[[Column2]:[Column54]],42,FALSE),"0") -> 0 | AR231: =IFERROR(VLOOKUP(Table1215[[#This Row],[Column2]],Table12[[Column2]:[Column54]],43,FALSE),"0") -> 0 | AS231: =IFERROR(VLOOKUP(Table1215[[#This Row],[Column2]],Table12[[Column2]:[Column54]],44,FALSE),"0") -> 0 | AT231: =IFERROR(VLOOKUP(Table1215[[#This Row],[Column2]],Table12[[Column2]:[Column54]],45,FALSE),"0") -> 0 | AU231: =IFERROR(VLOOKUP(Table1215[[#This Row],[Column2]],Table12[[Column2]:[Column54]],46,FALSE),"0") -> 0 | AV231: =Table1215[[#This Row],[Column43]] -> 0 | AW231: =IFERROR(VLOOKUP(Table1215[[#This Row],[Column2]],Table12[[Column2]:[Column54]],48,FALSE),"0") -> 0 | AX231: =IFERROR(VLOOKUP(Table1215[[#This Row],[Column2]],Table12[[Column2]:[Column54]],49,FALSE),"0") -> 0 | AY231: =IFERROR(VLOOKUP(Table1215[[#This Row],[Column2]],Table12[[Column2]:[Column54]],50,FALSE),"0") -> 0 | AZ231: =IFERROR(VLOOKUP(Table1215[[#This Row],[Column2]],Table12[[Column2]:[Column54]],51,FALSE),"0") -> 0 | BA231: =IFERROR(VLOOKUP(Table1215[[#This Row],[Column2]],Table12[[Column2]:[Column54]],52,FALSE),"0") -> 0 | BB231: =AVERAGE(Table1215[[#This Row],[Column52]],Table1215[[#This Row],[Column53]]) -> #DIV/0!

Sheet Review 1
A1: Sr# | B1: Roll Number | C1: Name | D1: Gender | E1: Section | F1: Analytical & Critical Thinking ( A ) | K1: Total | L1: Communication ( C ) | Q1: Total | R1: Empathy ( E ) | W1: Total | X1: Leadership( L ) | AC1: Total | AD1: Negotiation ( N ) | AI1: Total | AJ1: Problem Solving ( P ) | AO1: Total | AP1: Team Work ( T) | AU1: Total | AV1: Discipline | BA1: Total
F2: A 1 | G2: A 2 | H2: A 3 | I2: A 4 | J2: A 5 | L2: C 1 | M2: C 2 | N2: C 3 | O2: C 4 | P2: C 5 | R2: E 1 | S2: E 2 | T2: E 3 | U2: E 4 | V2: E 5 | X2: L 1 | Y2: L 2 | Z2: L 3 | AA2: L 4 | AB2: L 5 | AD2: N 1 | AE2: N 2 | AF2: N 3 | AG2: N 4 | AH2: N 5 | AJ2: P 1 | AK2: P 2 | AL2: P 3 | AM2: P 4 | AN2: P 5 | AP2: T 1 | AQ2: T 2 | AR2: T 3 | AS2: T 4 | AT2: T 5 | AV2: D 1 | AW2: D 2 | AX2: D 3 | AY2: D 4 | AZ2: D 5
A3: 1 | B3: 2024JULB00001 | C3: A Divya Sree | D3: Female | E3: A | K3: =IFERROR(AVERAGE(F3,G3,H3,I3),"A") -> A | L3: 0 | M3: 0 | N3: 0 | O3: 0 | P3: 0 | Q3: =IFERROR(AVERAGE(M3,N3,L3,O3,P3),"A") -> 0 | R3: 0 | S3: 0 | U3: 0 | W3: =IFERROR(AVERAGE(R3,S3,U3),"A") -> 0 | X3: 0 | Y3: 0 | AC3: =IFERROR(AVERAGE(Y3,X3),"A") -> 0 | AD3: 0 | AF3: 0 | AI3: =IFERROR(AVERAGE(AF3,AD3),"A") -> 0 | AO3: =IFERROR(AVERAGE(AJ3,AK3,AL3,AM3),"A") -> A | AP3: 0 | AQ3: 0 | AR3: 0 | AU3: =IFERROR(AVERAGE(AR3,AQ3,AP3),"A") -> 0 | AX3: 0 | AY3: 0 | AZ3: 0 | BA3: =IFERROR(AVERAGE(AX3,AY3,AZ3),"A") -> 0
A4: 2 | B4: 2024JULB00002 | C4: Aaditya K | D4: Male | E4: A | K4: =IFERROR(AVERAGE(F4,G4,H4,I4),"A") -> A | L4: 0 | M4: 0 | N4: 0 | O4: 0 | P4: 0 | Q4: =IFERROR(AVERAGE(M4,N4,L4,O4,P4),"A") -> 0 | R4: 0 | S4: 0 | U4: 0 | W4: =IFERROR(AVERAGE(R4,S4,U4),"A") -> 0 | X4: 0 | Y4: 0 | AC4: =IFERROR(AVERAGE(Y4,X4),"A") -> 0 | AD4: 0 | AF4: 0 | AI4: =IFERROR(AVERAGE(AF4,AD4),"A") -> 0 | AO4: =IFERROR(AVERAGE(AJ4,AK4,AL4,AM4),"A") -> A | AP4: 0 | AQ4: 0 | AR4: 0 | AU4: =IFERROR(AVERAGE(AR4,AQ4,AP4),"A") -> 0 | AX4: 0 | AY4: 0 | AZ4: 0 | BA4: =IFERROR(AVERAGE(AX4,AY4,AZ4),"A") -> 0
A5: 3 | B5: 2024JULB00003 | C5: Aanchal Sapra | D5: Female | E5: A | K5: =IFERROR(AVERAGE(F5,G5,H5,I5),"A") -> A | L5: 0 | M5: 0 | N5: 0 | O5: 0 | P5: 0 | Q5: =IFERROR(AVERAGE(M5,N5,L5,O5,P5),"A") -> 0 | R5: 0 | S5: 0 | U5: 0 | W5: =IFERROR(AVERAGE(R5,S5,U5),"A") -> 0 | X5: 0 | Y5: 0 | AC5: =IFERROR(AVERAGE(Y5,X5),"A") -> 0 | AD5: 0 | AF5: 0 | AI5: =IFERROR(AVERAGE(AF5,AD5),"A") -> 0 | AO5: =IFERROR(AVERAGE(AJ5,AK5,AL5,AM5),"A") -> A | AP5: 0 | AQ5: 0 | AR5: 0 | AU5: =IFERROR(AVERAGE(AR5,AQ5,AP5),"A") -> 0 | AX5: 0 | AY5: 0 | AZ5: 0 | BA5: =IFERROR(AVERAGE(AX5,AY5,AZ5),"A") -> 0
A6: 4 | B6: 2024JULB00004 | C6: Abhinav B | D6: Male | E6: A | K6: =IFERROR(AVERAGE(F6,G6,H6,I6),"A") -> A | L6: 0 | M6: 0 | N6: 0 | O6: 0 | P6: 0 | Q6: =IFERROR(AVERAGE(M6,N6,L6,O6,P6),"A") -> 0 | R6: 0 | S6: 0 | U6: 0 | W6: =IFERROR(AVERAGE(R6,S6,U6),"A") -> 0 | X6: 0 | Y6: 0 | AC6: =IFERROR(AVERAGE(Y6,X6),"A") -> 0 | AD6: 0 | AF6: 0 | AI6: =IFERROR(AVERAGE(AF6,AD6),"A") -> 0 | AO6: =IFERROR(AVERAGE(AJ6,AK6,AL6,AM6),"A") -> A | AP6: 0 | AQ6: 0 | AR6: 0 | AU6: =IFERROR(AVERAGE(AR6,AQ6,AP6),"A") -> 0 | AX6: 0 | AY6: 0 | AZ6: 0 | BA6: =IFERROR(AVERAGE(AX6,AY6,AZ6),"A") -> 0
A7: 5 | B7: 2024JULB00005 | C7: Abhirup Choudhury | D7: Male | E7: D | K7: =IFERROR(AVERAGE(F7,G7,H7,I7),"A") -> A | L7: 3 | M7: 3 | N7: 3 | O7: 3 | P7: 3 | Q7: =IFERROR(AVERAGE(M7,N7,L7,O7,P7),"A") -> 3 | R7: 2 | S7: 2 | U7: 3 | W7: =IFERROR(AVERAGE(R7,S7,U7),"A") -> 2.3333333 | X7: 3 | Y7: 2 | AC7: =IFERROR(AVERAGE(Y7,X7),"A") -> 2.5 | AD7: 2 | AF7: 2 | AI7: =IFERROR(AVERAGE(AF7,AD7),"A") -> 2 | AO7: =IFERROR(AVERAGE(AJ7,AK7,AL7,AM7),"A") -> A | AP7: 3 | AQ7: 3 | AR7: 3 | AU7: =IFERROR(AVERAGE(AR7,AQ7,AP7),"A") -> 3 | AX7: 3 | AY7: 3 | AZ7: 3 | BA7: =IFERROR(AVERAGE(AX7,AY7,AZ7),"A") -> 3
A8: 6 | B8: 2024JULB00006 | C8: Abhyuday Tripathi | D8: Male | E8: A | K8: =IFERROR(AVERAGE(F8,G8,H8,I8),"A") -> A | L8: 0 | M8: 0 | N8: 0 | O8: 0 | P8: 0 | Q8: =IFERROR(AVERAGE(M8,N8,L8,O8,P8),"A") -> 0 | R8: 0 | S8: 0 | U8: 0 | W8: =IFERROR(AVERAGE(R8,S8,U8),"A") -> 0 | X8: 0 | Y8: 0 | AC8: =IFERROR(AVERAGE(Y8,X8),"A") -> 0 | AD8: 0 | AF8: 0 | AI8: =IFERROR(AVERAGE(AF8,AD8),"A") -> 0 | AO8: =IFERROR(AVERAGE(AJ8,AK8,AL8,AM8),"A") -> A | AP8: 0 | AQ8: 0 | AR8: 0 | AU8: =IFERROR(AVERAGE(AR8,AQ8,AP8),"A") -> 0 | AX8: 0 | AY8: 0 | AZ8: 0 | BA8: =IFERROR(AVERAGE(AX8,AY8,AZ8),"A") -> 0
A9: 7 | B9: 2024JULB00007 | C9: Adarsh G | D9: Male | E9: A | K9: =IFERROR(AVERAGE(F9,G9,H9,I9),"A") -> A | L9: 0 | M9: 0 | N9: 0 | O9: 0 | P9: 0 | Q9: =IFERROR(AVERAGE(M9,N9,L9,O9,P9),"A") -> 0 | R9: 0 | S9: 0 | U9: 0 | W9: =IFERROR(AVERAGE(R9,S9,U9),"A") -> 0 | X9: 0 | Y9: 0 | AC9: =IFERROR(AVERAGE(Y9,X9),"A") -> 0 | AD9: 0 | AF9: 0 | AI9: =IFERROR(AVERAGE(AF9,AD9),"A") -> 0 | AO9: =IFERROR(AVERAGE(AJ9,AK9,AL9,AM9),"A") -> A | AP9: 0 | AQ9: 0 | AR9: 0 | AU9: =IFERROR(AVERAGE(AR9,AQ9,AP9),"A") -> 0 | AX9: 0 | AY9: 0 | AZ9: 0 | BA9: =IFERROR(AVERAGE(AX9,AY9,AZ9),"A") -> 0
A10: 8 | B10: 2024JULB00008 | C10: Adarsh Raj Barman | D10: Male | E10: C | K10: =IFERROR(AVERAGE(F10,G10,H10,I10),"A") -> A | L10: 3 | M10: 3 | N10: 3 | O10: 3 | P10: 3 | Q10: =IFERROR(AVERAGE(M10,N10,L10,O10,P10),"A") -> 3 | R10: 2 | S10: 2 | U10: 3 | W10: =IFERROR(AVERAGE(R10,S10,U10),"A") -> 2.3333333 | X10: 3 | Y10: 2 | AC10: =IFERROR(AVERAGE(Y10,X10),"A") -> 2.5 | AD10: 2 | AF10: 2 | AI10: =IFERROR(AVERAGE(AF10,AD10),"A") -> 2 | AO10: =IFERROR(AVERAGE(AJ10,AK10,AL10,AM10),"A") -> A | AP10: 3 | AQ10: 3 | AR10: 3 | AU10: =IFERROR(AVERAGE(AR10,AQ10,AP10),"A") -> 3 | AX10: 3 | AY10: 3 | AZ10: 3 | BA10: =IFERROR(AVERAGE(AX10,AY10,AZ10),"A") -> 3
A11: 9 | B11: 2024JULB00009 | C11: Aditi Kumari | D11: Female | E11: A | K11: =IFERROR(AVERAGE(F11,G11,H11,I11),"A") -> A | L11: 0 | M11: 0 | N11: 0 | O11: 0 | P11: 0 | Q11: =IFERROR(AVERAGE(M11,N11,L11,O11,P11),"A") -> 0 | R11: 0 | S11: 0 | U11: 0 | W11: =IFERROR(AVERAGE(R11,S11,U11),"A") -> 0 | X11: 0 | Y11: 0 | AC11: =IFERROR(AVERAGE(Y11,X11),"A") -> 0 | AD11: 0 | AF11: 0 | AI11: =IFERROR(AVERAGE(AF11,AD11),"A") -> 0 | AO11: =IFERROR(AVERAGE(AJ11,AK11,AL11,AM11),"A") -> A | AP11: 0 | AQ11: 0 | AR11: 0 | AU11: =IFERROR(AVERAGE(AR11,AQ11,AP11),"A") -> 0 | AX11: 0 | AY11: 0 | AZ11: 0 | BA11: =IFERROR(AVERAGE(AX11,AY11,AZ11),"A") -> 0
A12: 10 | B12: 2024JULB00012 | C12: Akarsh Narain | D12: Male | E12: A | K12: =IFERROR(AVERAGE(F12,G12,H12,I12),"A") -> A | L12: 0 | M12: 0 | N12: 0 | O12: 0 | P12: 0 | Q12: =IFERROR(AVERAGE(M12,N12,L12,O12,P12),"A") -> 0 | R12: 0 | S12: 0 | U12: 0 | W12: =IFERROR(AVERAGE(R12,S12,U12),"A") -> 0 | X12: 0 | Y12: 0 | AC12: =IFERROR(AVERAGE(Y12,X12),"A") -> 0 | AD12: 0 | AF12: 0 | AI12: =IFERROR(AVERAGE(AF12,AD12),"A") -> 0 | AO12: =IFERROR(AVERAGE(AJ12,AK12,AL12,AM12),"A") -> A | AP12: 0 | AQ12: 0 | AR12: 0 | AU12: =IFERROR(AVERAGE(AR12,AQ12,AP12),"A") -> 0 | AX12: 0 | AY12: 0 | AZ12: 0 | BA12: =IFERROR(AVERAGE(AX12,AY12,AZ12),"A") -> 0
A13: 11 | B13: 2024JULB00013 | C13: Akshat Singh | D13: Male | E13: B | K13: =IFERROR(AVERAGE(F13,G13,H13,I13),"A") -> A | L13: 2 | M13: 2 | N13: 2 | O13: 2 | P13: 2 | Q13: =IFERROR(AVERAGE(M13,N13,L13,O13,P13),"A") -> 2 | R13: 2 | S13: 2 | U13: 2 | W13: =IFERROR(AVERAGE(R13,S13,U13),"A") -> 2 | X13: 2 | Y13: 2 | AC13: =IFERROR(AVERAGE(Y13,X13),"A") -> 2 | AD13: 2 | AF13: 2 | AI13: =IFERROR(AVERAGE(AF13,AD13),"A") -> 2 | AO13: =IFERROR(AVERAGE(AJ13,AK13,AL13,AM13),"A") -> A | AP13: 2 | AQ13: 2 | AR13: 2 | AU13: =IFERROR(AVERAGE(AR13,AQ13,AP13),"A") -> 2 | AX13: 2 | AY13: 2 | AZ13: 1 | BA13: =IFERROR(AVERAGE(AX13,AY13,AZ13),"A") -> 1.6666667
A14: 12 | B14: 2024JULB00014 | C14: Amal Shibu Balan | D14: Male | E14: B | K14: =IFERROR(AVERAGE(F14,G14,H14,I14),"A") -> A | L14: 3 | M14: 3 | N14: 3 | O14: 3 | P14: 3 | Q14: =IFERROR(AVERAGE(M14,N14,L14,O14,P14),"A") -> 3 | R14: 3 | S14: 3 | U14: 3 | W14: =IFERROR(AVERAGE(R14,S14,U14),"A") -> 3 | X14: 3 | Y14: 3 | AC14: =IFERROR(AVERAGE(Y14,X14),"A") -> 3 | AD14: 3 | AF14: 3 | AI14: =IFERROR(AVERAGE(AF14,AD14),"A") -> 3 | AO14: =IFERROR(AVERAGE(AJ14,AK14,AL14,AM14),"A") -> A | AP14: 3 | AQ14: 3 | AR14: 3 | AU14: =IFERROR(AVERAGE(AR14,AQ14,AP14),"A") -> 3 | AX14: 3 | AY14: 3 | AZ14: 4 | BA14: =IFERROR(AVERAGE(AX14,AY14,AZ14),"A") -> 3.3333333
... A230: 228 | B230: 2024JULB00273 | C230: Harshit Gopawat | D230: MAle | E230: D | K230: =IFERROR(AVERAGE(F230,G230,H230,I230),"A") -> A | L230: 3 | M230: 3 | N230: 2 | O230: 3 | P230: 3 | Q230: =IFERROR(AVERAGE(M230,N230,L230,O230,P230),"A") -> 2.8 | R230: 2 | S230: 2 | U230: 2 | W230: =IFERROR(AVERAGE(R230,S230,U230),"A") -> 2 | X230: 3 | Y230: 3 | AC230: =IFERROR(AVERAGE(Y230,X230),"A") -> 3 | AD230: 3 | AF230: 3 | AI230: =IFERROR(AVERAGE(AF230,AD230),"A") -> 3 | AO230: =IFERROR(AVERAGE(AJ230,AK230,AL230,AM230),"A") -> A | AP230: 3 | AQ230: 3 | AR230: 3 | AU230: =IFERROR(AVERAGE(AR230,AQ230,AP230),"A") -> 3 | AX230: 3 | AY230: 3 | AZ230: 3 | BA230: =IFERROR(AVERAGE(AX230,AY230,AZ230),"A") -> 3

Sheet Review 2
A1: Sr# | B1: Roll Number | C1: Name | D1: Gender | E1: Section | F1: Analytical & Critical Thinking ( A ) | K1: Total | L1: Communication ( C ) | Q1: Total | R1: Empathy ( E ) | W1: Total | X1: Leadership( L ) | AC1: Total | AD1: Negotiation ( N ) | AI1: Total | AJ1: Problem Solving ( P ) | AO1: Total | AP1: Team Work ( T) | AU1: Total | AV1: Discipline | BA1: Total
F2: A 1 | G2: A 2 | H2: A 3 | I2: A 4 | J2: A 5 | L2: C 1 | M2: C 2 | N2: C 3 | O2: C 4 | P2: C 5 | R2: E 1 | S2: E 2 | T2: E 3 | U2: E 4 | V2: E 5 | X2: L 1 | Y2: L 2 | Z2: L 3 | AA2: L 4 | AB2: L 5 | AD2: N 1 | AE2: N 2 | AF2: N 3 | AG2: N 4 | AH2: N 5 | AJ2: P 1 | AK2: P 2 | AL2: P 3 | AM2: P 4 | AN2: P 5 | AP2: T 1 | AQ2: T 2 | AR2: T 3 | AS2: T 4 | AT2: T 5 | AV2: D 1 | AW2: D 2 | AX2: D 3 | AY2: D 4 | AZ2: D 5
A3: 1 | B3: 2024JULB00001 | C3: A Divya Sree | D3: Female | E3: A | K3: =IFERROR(AVERAGE(F3,G3,H3,I3),"A") -> A | L3: 3 | M3: 3 | N3: 3 | O3: 3 | P3: 3 | Q3: =IFERROR(AVERAGE(M3,N3,L3,O3,P3),"A") -> 3 | R3: 2 | S3: 2 | U3: 2 | W3: =IFERROR(AVERAGE(R3,S3,U3),"A") -> 2 | X3: 3 | Y3: 2 | AC3: =IFERROR(AVERAGE(Y3,X3),"A") -> 2.5 | AD3: 2 | AF3: 2 | AI3: =IFERROR(AVERAGE(AF3,AD3),"A") -> 2 | AO3: =IFERROR(AVERAGE(AJ3,AK3,AL3,AM3),"A") -> A | AP3: 2 | AQ3: 2 | AR3: 2 | AU3: =IFERROR(AVERAGE(AR3,AQ3,AP3),"A") -> 2 | AX3: 2 | AY3: 3 | AZ3: 3 | BA3: =IFERROR(AVERAGE(AX3,AY3,AZ3),"A") -> 2.6666667
A4: 2 | B4: 2024JULB00002 | C4: Aaditya K | D4: Male | E4: A | K4: =IFERROR(AVERAGE(F4,G4,H4,I4),"A") -> A | L4: 3 | M4: 3 | N4: 3 | O4: 3 | P4: 3 | Q4: =IFERROR(AVERAGE(M4,N4,L4,O4,P4),"A") -> 3 | R4: 3 | S4: 3 | U4: 2 | W4: =IFERROR(AVERAGE(R4,S4,U4),"A") -> 2.6666667 | X4: 1 | Y4: 2 | AC4: =IFERROR(AVERAGE(Y4,X4),"A") -> 1.5 | AD4: 3 | AF4: 2 | AI4: =IFERROR(AVERAGE(AF4,AD4),"A") -> 2.5 | AO4: =IFERROR(AVERAGE(AJ4,AK4,AL4,AM4),"A") -> A | AP4: 2 | AQ4: 2 | AR4: 2 | AU4: =IFERROR(AVERAGE(AR4,AQ4,AP4),"A") -> 2 | AX4: 1 | AY4: 3 | AZ4: 4 | BA4: =IFERROR(AVERAGE(AX4,AY4,AZ4),"A") -> 2.6666667
A5: 3 | B5: 2024JULB00003 | C5: Aanchal Sapra | D5: Female | E5: A | K5: =IFERROR(AVERAGE(F5,G5,H5,I5),"A") -> A | L5: 3 | M5: 3 | N5: 4 | O5: 3 | P5: 4 | Q5: =IFERROR(AVERAGE(M5,N5,L5,O5,P5),"A") -> 3.4 | R5: 4 | S5: 3 | U5: 3 | W5: =IFERROR(AVERAGE(R5,S5,U5),"A") -> 3.3333333 | X5: 2 | Y5: 1 | AC5: =IFERROR(AVERAGE(Y5,X5),"A") -> 1.5 | AD5: 2 | AF5: 1 | AI5: =IFERROR(AVERAGE(AF5,AD5),"A") -> 1.5 | AO5: =IFERROR(AVERAGE(AJ5,AK5,AL5,AM5),"A") -> A | AP5: 2 | AQ5: 2 | AR5: 2 | AU5: =IFERROR(AVERAGE(AR5,AQ5,AP5),"A") -> 2 | AX5: 1 | AY5: 3 | AZ5: 3 | BA5: =IFERROR(AVERAGE(AX5,AY5,AZ5),"A") -> 2.3333333
A6: 4 | B6: 2024JULB00004 | C6: Abhinav B | D6: Male | E6: A | K6: =IFERROR(AVERAGE(F6,G6,H6,I6),"A") -> A | L6: 2 | M6: 2 | N6: 2 | O6: 3 | P6: 1 | Q6: =IFERROR(AVERAGE(M6,N6,L6,O6,P6),"A") -> 2 | R6: 2 | S6: 2 | U6: 2 | W6: =IFERROR(AVERAGE(R6,S6,U6),"A") -> 2 | X6: 2 | Y6: 2 | AC6: =IFERROR(AVERAGE(Y6,X6),"A") -> 2 | AD6: 1 | AF6: 1 | AI6: =IFERROR(AVERAGE(AF6,AD6),"A") -> 1 | AO6: =IFERROR(AVERAGE(AJ6,AK6,AL6,AM6),"A") -> A | AP6: 3 | AQ6: 3 | AR6: 3 | AU6: =IFERROR(AVERAGE(AR6,AQ6,AP6),"A") -> 3 | AX6: 2 | AY6: 2 | AZ6: 2 | BA6: =IFERROR(AVERAGE(AX6,AY6,AZ6),"A") -> 2
A7: 5 | B7: 2024JULB00005 | C7: Abhirup Choudhury | D7: Male | E7: D | K7: =IFERROR(AVERAGE(F7,G7,H7,I7),"A") -> A | L7: 3 | M7: 3 | N7: 3 | O7: 3 | P7: 3 | Q7: =IFERROR(AVERAGE(M7,N7,L7,O7,P7),"A") -> 3 | R7: 3 | S7: 3 | U7: 2 | W7: =IFERROR(AVERAGE(R7,S7,U7),"A") -> 2.6666667 | X7: 2 | Y7: 2 | AC7: =IFERROR(AVERAGE(Y7,X7),"A") -> 2 | AD7: 3 | AF7: 0 | AI7: =IFERROR(AVERAGE(AF7,AD7),"A") -> 1.5 | AO7: =IFERROR(AVERAGE(AJ7,AK7,AL7,AM7),"A") -> A | AP7: 4 | AQ7: 2 | AR7: 2 | AU7: =IFERROR(AVERAGE(AR7,AQ7,AP7),"A") -> 2.6666667 | AX7: 2 | AY7: 5 | AZ7: 4 | BA7: =IFERROR(AVERAGE(AX7,AY7,AZ7),"A") -> 3.6666667
A8: 6 | B8: 2024JULB00006 | C8: Abhyuday Tripathi | D8: Male | E8: A | K8: =IFERROR(AVERAGE(F8,G8,H8,I8),"A") -> A | L8: 2 | M8: 3 | N8: 3 | O8: 3 | P8: 2 | Q8: =IFERROR(AVERAGE(M8,N8,L8,O8,P8),"A") -> 2.6 | R8: 2 | S8: 2 | U8: 2 | W8: =IFERROR(AVERAGE(R8,S8,U8),"A") -> 2 | X8: 2 | Y8: 2 | AC8: =IFERROR(AVERAGE(Y8,X8),"A") -> 2 | AD8: 2 | AF8: 2 | AI8: =IFERROR(AVERAGE(AF8,AD8),"A") -> 2 | AO8: =IFERROR(AVERAGE(AJ8,AK8,AL8,AM8),"A") -> A | AP8: 2 | AQ8: 2 | AR8: 2 | AU8: =IFERROR(AVERAGE(AR8,AQ8,AP8),"A") -> 2 | AX8: 2 | AY8: 2 | AZ8: 2 | BA8: =IFERROR(AVERAGE(AX8,AY8,AZ8),"A") -> 2
A9: 7 | B9: 2024JULB00007 | C9: Adarsh G | D9: Male | E9: A | K9: =IFERROR(AVERAGE(F9,G9,H9,I9),"A") -> A | L9: 2 | M9: 3 | N9: 3 | O9: 3 | P9: 2 | Q9: =IFERROR(AVERAGE(M9,N9,L9,O9,P9),"A") -> 2.6 | R9: 2 | S9: 3 | U9: 3 | W9: =IFERROR(AVERAGE(R9,S9,U9),"A") -> 2.6666667 | X9: 3 | Y9: 3 | AC9: =IFERROR(AVERAGE(Y9,X9),"A") -> 3 | AD9: 3 | AF9: 3 | AI9: =IFERROR(AVERAGE(AF9,AD9),"A") -> 3 | AO9: =IFERROR(AVERAGE(AJ9,AK9,AL9,AM9),"A") -> A | AP9: 1 | AQ9: 1 | AR9: 1 | AU9: =IFERROR(AVERAGE(AR9,AQ9,AP9),"A") -> 1 | AX9: 2 | AY9: 3 | AZ9: 3 | BA9: =IFERROR(AVERAGE(AX9,AY9,AZ9),"A") -> 2.6666667
A10: 8 | B10: 2024JULB00008 | C10: Adarsh Raj Barman | D10: Male | E10: C | K10: =IFERROR(AVERAGE(F10,G10,H10,I10),"A") -> A | L10: 3 | M10: 3 | N10: 3 | O10: 3 | P10: 3 | Q10: =IFERROR(AVERAGE(M10,N10,L10,O10,P10),"A") -> 3 | R10: 3 | S10: 3 | U10: 2 | W10: =IFERROR(AVERAGE(R10,S10,U10),"A") -> 2.6666667 | X10: 2 | Y10: 2 | AC10: =IFERROR(AVERAGE(Y10,X10),"A") -> 2 | AD10: 3 | AF10: 0 | AI10: =IFERROR(AVERAGE(AF10,AD10),"A") -> 1.5 | AO10: =IFERROR(AVERAGE(AJ10,AK10,AL10,AM10),"A") -> A | AP10: 4 | AQ10: 2 | AR10: 2 | AU10: =IFERROR(AVERAGE(AR10,AQ10,AP10),"A") -> 2.6666667 | AX10: 2 | AY10: 5 | AZ10: 4 | BA10: =IFERROR(AVERAGE(AX10,AY10,AZ10),"A") -> 3.6666667
A11: 9 | B11: 2024JULB00009 | C11: Aditi Kumari | D11: Female | E11: A | K11: =IFERROR(AVERAGE(F11,G11,H11,I11),"A") -> A | L11: 2 | M11: 3 | N11: 3 | O11: 3 | P11: 3 | Q11: =IFERROR(AVERAGE(M11,N11,L11,O11,P11),"A") -> 2.8 | R11: 2 | S11: 2 | U11: 3 | W11: =IFERROR(AVERAGE(R11,S11,U11),"A") -> 2.3333333 | X11: 4 | Y11: 4 | AC11: =IFERROR(AVERAGE(Y11,X11),"A") -> 4 | AD11: 2 | AF11: 3 | AI11: =IFERROR(AVERAGE(AF11,AD11),"A") -> 2.5 | AO11: =IFERROR(AVERAGE(AJ11,AK11,AL11,AM11),"A") -> A | AP11: 3 | AQ11: 3 | AR11: 4 | AU11: =IFERROR(AVERAGE(AR11,AQ11,AP11),"A") -> 3.3333333 | AX11: 2 | AY11: 3 | AZ11: 3 | BA11: =IFERROR(AVERAGE(AX11,AY11,AZ11),"A") -> 2.6666667
A12: 10 | B12: 2024JULB00012 | C12: Akarsh Narain | D12: Male | E12: A | K12: =IFERROR(AVERAGE(F12,G12,H12,I12),"A") -> A | L12: 3 | M12: 4 | N12: 4 | O12: 3 | P12: 4 | Q12: =IFERROR(AVERAGE(M12,N12,L12,O12,P12),"A") -> 3.6 | R12: 3 | S12: 3 | U12: 3 | W12: =IFERROR(AVERAGE(R12,S12,U12),"A") -> 3 | X12: 2 | Y12: 2 | AC12: =IFERROR(AVERAGE(Y12,X12),"A") -> 2 | AD12: 3 | AF12: 2 | AI12: =IFERROR(AVERAGE(AF12,AD12),"A") -> 2.5 | AO12: =IFERROR(AVERAGE(AJ12,AK12,AL12,AM12),"A") -> A | AP12: 1 | AQ12: 1 | AR12: 2 | AU12: =IFERROR(AVERAGE(AR12,AQ12,AP12),"A") -> 1.3333333 | AX12: 2 | AY12: 2 | AZ12: 2 | BA12: =IFERROR(AVERAGE(AX12,AY12,AZ12),"A") -> 2
A13: 11 | B13: 2024JULB00013 | C13: Akshat Singh | D13: Male | E13: B | K13: =IFERROR(AVERAGE(F13,G13,H13,I13),"A") -> A | L13: 2 | M13: 2 | N13: 2 | O13: 2 | P13: 2 | Q13: =IFERROR(AVERAGE(M13,N13,L13,O13,P13),"A") -> 2 | R13: 2 | S13: 2 | U13: 2 | W13: =IFERROR(AVERAGE(R13,S13,U13),"A") -> 2 | X13: 2 | Y13: 2 | AC13: =IFERROR(AVERAGE(Y13,X13),"A") -> 2 | AD13: 2 | AF13: 2 | AI13: =IFERROR(AVERAGE(AF13,AD13),"A") -> 2 | AO13: =IFERROR(AVERAGE(AJ13,AK13,AL13,AM13),"A") -> A | AP13: 2 | AQ13: 2 | AR13: 2 | AU13: =IFERROR(AVERAGE(AR13,AQ13,AP13),"A") -> 2 | AX13: 2 | AY13: 2 | AZ13: 2 | BA13: =IFERROR(AVERAGE(AX13,AY13,AZ13),"A") -> 2
A14: 12 | B14: 2024JULB00014 | C14: Amal Shibu Balan | D14: Male | E14: B | K14: =IFERROR(AVERAGE(F14,G14,H14,I14),"A") -> A | L14: 3 | M14: 3 | N14: 3 | O14: 3 | P14: 3 | Q14: =IFERROR(AVERAGE(M14,N14,L14,O14,P14),"A") -> 3 | R14: 3 | S14: 3 | U14: 3 | W14: =IFERROR(AVERAGE(R14,S14,U14),"A") -> 3 | X14: 3 | Y14: 3 | AC14: =IFERROR(AVERAGE(Y14,X14),"A") -> 3 | AD14: 3 | AF14: 3 | AI14: =IFERROR(AVERAGE(AF14,AD14),"A") -> 3 | AO14: =IFERROR(AVERAGE(AJ14,AK14,AL14,AM14),"A") -> A | AP14: 3 | AQ14: 3 | AR14: 3 | AU14: =IFERROR(AVERAGE(AR14,AQ14,AP14),"A") -> 3 | AX14: 3 | AY14: 3 | AZ14: 3 | BA14: =IFERROR(AVERAGE(AX14,AY14,AZ14),"A") -> 3
... A230: 228 | B230: 2024JULB00273 | C230: Harshit Gopawat | D230: MAle | E230: D | K230: =IFERROR(AVERAGE(F230,G230,H230,I230),"A") -> A | L230: 4 | M230: 4 | N230: 3 | O230: 3 | P230: 3 | Q230: =IFERROR(AVERAGE(M230,N230,L230,O230,P230),"A") -> 3.4 | R230: 3 | S230: 3 | U230: 3 | W230: =IFERROR(AVERAGE(R230,S230,U230),"A") -> 3 | X230: 3 | Y230: 3 | AC230: =IFERROR(AVERAGE(Y230,X230),"A") -> 3 | AD230: 2 | AF230: 0 | AI230: =IFERROR(AVERAGE(AF230,AD230),"A") -> 1 | AO230: =IFERROR(AVERAGE(AJ230,AK230,AL230,AM230),"A") -> A | AP230: 3 | AQ230: 2 | AR230: 2 | AU230: =IFERROR(AVERAGE(AR230,AQ230,AP230),"A") -> 2.3333333 | AX230: 2 | AY230: 5 | AZ230: 3 | BA230: =IFERROR(AVERAGE(AX230,AY230,AZ230),"A") -> 3.3333333

Sheet Review 3
A1: Sr# | B1: Roll Number | C1: Name | D1: Gender | E1: Section | F1: Analytical & Critical Thinking ( A ) | K1: Total | L1: Communication ( C ) | Q1: Total | R1: Empathy ( E ) | W1: Total | X1: Leadership( L ) | AC1: Total | AD1: Negotiation ( N ) | AI1: Total | AJ1: Problem Solving ( P ) | AO1: Total | AP1: Team Work ( T) | AU1: Total | AV1: Discipline | BA1: Total
F2: A 1 | G2: A 2 | H2: A 3 | I2: A 4 | J2: A 5 | L2: C 1 | M2: C 2 | N2: C 3 | O2: C 4 | P2: C 5 | R2: E 1 | S2: E 2 | T2: E 3 | U2: E 4 | V2: E 5 | X2: L 1 | Y2: L 2 | Z2: L 3 | AA2: L 4 | AB2: L 5 | AD2: N 1 | AE2: N 2 | AF2: N 3 | AG2: N 4 | AH2: N 5 | AJ2: P 1 | AK2: P 2 | AL2: P 3 | AM2: P 4 | AN2: P 5 | AP2: T 1 | AQ2: T 2 | AR2: T 3 | AS2: T 4 | AT2: T 5 | AV2: D 1 | AW2: D 2 | AX2: D 3 | AY2: D 4 | AZ2: D 5
A3: 1 | B3: 2024JULB00001 | C3: A Divya Sree | D3: Female | E3: A | K3: =IFERROR(AVERAGE(F3,G3,H3,I3),"A") -> A | L3: 4 | M3: 4 | N3: 3 | O3: 3 | P3: 4 | Q3: =IFERROR(AVERAGE(M3,N3,L3,O3,P3),"A") -> 3.6 | R3: 0 | S3: 0 | U3: 0 | W3: =IFERROR(AVERAGE(R3,S3,U3),"A") -> 0 | X3: 0 | Y3: 0 | AC3: =IFERROR(AVERAGE(Y3,X3),"A") -> 0 | AD3: 0 | AF3: 0 | AI3: =IFERROR(AVERAGE(AF3,AD3),"A") -> 0 | AO3: =IFERROR(AVERAGE(AJ3,AK3,AL3,AM3),"A") -> A | AP3: 0 | AQ3: 0 | AR3: 0 | AU3: =IFERROR(AVERAGE(AR3,AQ3,AP3),"A") -> 0 | AX3: 0 | AY3: 0 | AZ3: 0 | BA3: =IFERROR(AVERAGE(AX3,AY3,AZ3),"A") -> 0
A4: 2 | B4: 2024JULB00002 | C4: Aaditya K | D4: Male | E4: A | K4: =IFERROR(AVERAGE(F4,G4,H4,I4),"A") -> A | L4: 4 | M4: 4 | N4: 3 | O4: 3 | P4: 4 | Q4: =IFERROR(AVERAGE(M4,N4,L4,O4,P4),"A") -> 3.6 | R4: 0 | S4: 0 | U4: 0 | W4: =IFERROR(AVERAGE(R4,S4,U4),"A") -> 0 | X4: 0 | Y4: 0 | AC4: =IFERROR(AVERAGE(Y4,X4),"A") -> 0 | AD4: 0 | AF4: 0 | AI4: =IFERROR(AVERAGE(AF4,AD4),"A") -> 0 | AO4: =IFERROR(AVERAGE(AJ4,AK4,AL4,AM4),"A") -> A | AP4: 0 | AQ4: 0 | AR4: 0 | AU4: =IFERROR(AVERAGE(AR4,AQ4,AP4),"A") -> 0 | AX4: 0 | AY4: 0 | AZ4: 0 | BA4: =IFERROR(AVERAGE(AX4,AY4,AZ4),"A") -> 0
A5: 3 | B5: 2024JULB00003 | C5: Aanchal Sapra | D5: Female | E5: A | K5: =IFERROR(AVERAGE(F5,G5,H5,I5),"A") -> A | L5: 0 | M5: 0 | N5: 0 | O5: 3 | P5: 0 | Q5: =IFERROR(AVERAGE(M5,N5,L5,O5,P5),"A") -> 0.6 | R5: 0 | S5: 0 | U5: 0 | W5: =IFERROR(AVERAGE(R5,S5,U5),"A") -> 0 | X5: 0 | Y5: 0 | AC5: =IFERROR(AVERAGE(Y5,X5),"A") -> 0 | AD5: 0 | AF5: 0 | AI5: =IFERROR(AVERAGE(AF5,AD5),"A") -> 0 | AO5: =IFERROR(AVERAGE(AJ5,AK5,AL5,AM5),"A") -> A | AP5: 0 | AQ5: 0 | AR5: 0 | AU5: =IFERROR(AVERAGE(AR5,AQ5,AP5),"A") -> 0 | AX5: 0 | AY5: 0 | AZ5: 0 | BA5: =IFERROR(AVERAGE(AX5,AY5,AZ5),"A") -> 0
A6: 4 | B6: 2024JULB00004 | C6: Abhinav B | D6: Male | E6: A | K6: =IFERROR(AVERAGE(F6,G6,H6,I6),"A") -> A | L6: 3 | M6: 3 | N6: 2 | O6: 3 | P6: 2 | Q6: =IFERROR(AVERAGE(M6,N6,L6,O6,P6),"A") -> 2.6 | R6: 0 | S6: 0 | U6: 0 | W6: =IFERROR(AVERAGE(R6,S6,U6),"A") -> 0 | X6: 0 | Y6: 0 | AC6: =IFERROR(AVERAGE(Y6,X6),"A") -> 0 | AD6: 0 | AF6: 0 | AI6: =IFERROR(AVERAGE(AF6,AD6),"A") -> 0 | AO6: =IFERROR(AVERAGE(AJ6,AK6,AL6,AM6),"A") -> A | AP6: 0 | AQ6: 0 | AR6: 0 | AU6: =IFERROR(AVERAGE(AR6,AQ6,AP6),"A") -> 0 | AX6: 0 | AY6: 0 | AZ6: 0 | BA6: =IFERROR(AVERAGE(AX6,AY6,AZ6),"A") -> 0
A7: 5 | B7: 2024JULB00005 | C7: Abhirup Choudhury | D7: Male | E7: D | K7: =IFERROR(AVERAGE(F7,G7,H7,I7),"A") -> A | L7: 2 | M7: 2 | N7: 2 | O7: 3 | P7: 2 | Q7: =IFERROR(AVERAGE(M7,N7,L7,O7,P7),"A") -> 2.2 | R7: 2 | S7: 2 | U7: 2 | W7: =IFERROR(AVERAGE(R7,S7,U7),"A") -> 2 | X7: 2 | Y7: 2 | AC7: =IFERROR(AVERAGE(Y7,X7),"A") -> 2 | AD7: 2 | AF7: 2 | AI7: =IFERROR(AVERAGE(AF7,AD7),"A") -> 2 | AO7: =IFERROR(AVERAGE(AJ7,AK7,AL7,AM7),"A") -> A | AP7: 2 | AQ7: 2 | AR7: 2 | AU7: =IFERROR(AVERAGE(AR7,AQ7,AP7),"A") -> 2 | AX7: 2 | AY7: 2 | AZ7: 2 | BA7: =IFERROR(AVERAGE(AX7,AY7,AZ7),"A") -> 2
A8: 6 | B8: 2024JULB00006 | C8: Abhyuday Tripathi | D8: Male | E8: A | K8: =IFERROR(AVERAGE(F8,G8,H8,I8),"A") -> A | L8: 0 | M8: 0 | N8: 0 | O8: 3 | P8: 0 | Q8: =IFERROR(AVERAGE(M8,N8,L8,O8,P8),"A") -> 0.6 | R8: 0 | S8: 0 | U8: 0 | W8: =IFERROR(AVERAGE(R8,S8,U8),"A") -> 0 | X8: 0 | Y8: 0 | AC8: =IFERROR(AVERAGE(Y8,X8),"A") -> 0 | AD8: 0 | AF8: 0 | AI8: =IFERROR(AVERAGE(AF8,AD8),"A") -> 0 | AO8: =IFERROR(AVERAGE(AJ8,AK8,AL8,AM8),"A") -> A | AP8: 0 | AQ8: 0 | AR8: 0 | AU8: =IFERROR(AVERAGE(AR8,AQ8,AP8),"A") -> 0 | AX8: 0 | AY8: 0 | AZ8: 0 | BA8: =IFERROR(AVERAGE(AX8,AY8,AZ8),"A") -> 0
A9: 7 | B9: 2024JULB00007 | C9: Adarsh G | D9: Male | E9: A | K9: =IFERROR(AVERAGE(F9,G9,H9,I9),"A") -> A | L9: 2 | M9: 2 | N9: 2 | O9: 3 | P9: 2 | Q9: =IFERROR(AVERAGE(M9,N9,L9,O9,P9),"A") -> 2.2 | R9: 0 | S9: 0 | U9: 0 | W9: =IFERROR(AVERAGE(R9,S9,U9),"A") -> 0 | X9: 0 | Y9: 0 | AC9: =IFERROR(AVERAGE(Y9,X9),"A") -> 0 | AD9: 0 | AF9: 0 | AI9: =IFERROR(AVERAGE(AF9,AD9),"A") -> 0 | AO9: =IFERROR(AVERAGE(AJ9,AK9,AL9,AM9),"A") -> A | AP9: 0 | AQ9: 0 | AR9: 0 | AU9: =IFERROR(AVERAGE(AR9,AQ9,AP9),"A") -> 0 | AX9: 0 | AY9: 0 | AZ9: 0 | BA9: =IFERROR(AVERAGE(AX9,AY9,AZ9),"A") -> 0
A10: 8 | B10: 2024JULB00008 | C10: Adarsh Raj Barman | D10: Male | E10: C | K10: =IFERROR(AVERAGE(F10,G10,H10,I10),"A") -> A | L10: 2 | M10: 2 | N10: 2 | O10: 3 | P10: 2 | Q10: =IFERROR(AVERAGE(M10,N10,L10,O10,P10),"A") -> 2.2 | R10: 2 | S10: 2 | U10: 2 | W10: =IFERROR(AVERAGE(R10,S10,U10),"A") -> 2 | X10: 2 | Y10: 2 | AC10: =IFERROR(AVERAGE(Y10,X10),"A") -> 2 | AD10: 2 | AF10: 2 | AI10: =IFERROR(AVERAGE(AF10,AD10),"A") -> 2 | AO10: =IFERROR(AVERAGE(AJ10,AK10,AL10,AM10),"A") -> A | AP10: 2 | AQ10: 2 | AR10: 2 | AU10: =IFERROR(AVERAGE(AR10,AQ10,AP10),"A") -> 2 | AX10: 2 | AY10: 2 | AZ10: 2 | BA10: =IFERROR(AVERAGE(AX10,AY10,AZ10),"A") -> 2
A11: 9 | B11: 2024JULB00009 | C11: Aditi Kumari | D11: Female | E11: A | K11: =IFERROR(AVERAGE(F11,G11,H11,I11),"A") -> A | L11: 2 | M11: 3 | N11: 3 | O11: 3 | P11: 2 | Q11: =IFERROR(AVERAGE(M11,N11,L11,O11,P11),"A") -> 2.6 | R11: 0 | S11: 0 | U11: 0 | W11: =IFERROR(AVERAGE(R11,S11,U11),"A") -> 0 | X11: 0 | Y11: 0 | AC11: =IFERROR(AVERAGE(Y11,X11),"A") -> 0 | AD11: 0 | AF11: 0 | AI11: =IFERROR(AVERAGE(AF11,AD11),"A") -> 0 | AO11: =IFERROR(AVERAGE(AJ11,AK11,AL11,AM11),"A") -> A | AP11: 0 | AQ11: 0 | AR11: 0 | AU11: =IFERROR(AVERAGE(AR11,AQ11,AP11),"A") -> 0 | AX11: 0 | AY11: 0 | AZ11: 0 | BA11: =IFERROR(AVERAGE(AX11,AY11,AZ11),"A") -> 0
A12: 10 | B12: 2024JULB00012 | C12: Akarsh Narain | D12: Male | E12: A | K12: =IFERROR(AVERAGE(F12,G12,H12,I12),"A") -> A | L12: 0 | M12: 0 | N12: 0 | O12: 3 | P12: 0 | Q12: =IFERROR(AVERAGE(M12,N12,L12,O12,P12),"A") -> 0.6 | R12: 0 | S12: 0 | U12: 0 | W12: =IFERROR(AVERAGE(R12,S12,U12),"A") -> 0 | X12: 0 | Y12: 0 | AC12: =IFERROR(AVERAGE(Y12,X12),"A") -> 0 | AD12: 0 | AF12: 0 | AI12: =IFERROR(AVERAGE(AF12,AD12),"A") -> 0 | AO12: =IFERROR(AVERAGE(AJ12,AK12,AL12,AM12),"A") -> A | AP12: 0 | AQ12: 0 | AR12: 0 | AU12: =IFERROR(AVERAGE(AR12,AQ12,AP12),"A") -> 0 | AX12: 0 | AY12: 0 | AZ12: 0 | BA12: =IFERROR(AVERAGE(AX12,AY12,AZ12),"A") -> 0
A13: 11 | B13: 2024JULB00013 | C13: Akshat Singh | D13: Male | E13: B | K13: =IFERROR(AVERAGE(F13,G13,H13,I13),"A") -> A | L13: 2 | M13: 2 | N13: 2 | O13: 2 | P13: 2 | Q13: =IFERROR(AVERAGE(M13,N13,L13,O13,P13),"A") -> 2 | R13: 2 | S13: 2 | U13: 2 | W13: =IFERROR(AVERAGE(R13,S13,U13),"A") -> 2 | X13: 2 | Y13: 2 | AC13: =IFERROR(AVERAGE(Y13,X13),"A") -> 2 | AD13: 2 | AF13: 2 | AI13: =IFERROR(AVERAGE(AF13,AD13),"A") -> 2 | AO13: =IFERROR(AVERAGE(AJ13,AK13,AL13,AM13),"A") -> A | AP13: 2 | AQ13: 2 | AR13: 2 | AU13: =IFERROR(AVERAGE(AR13,AQ13,AP13),"A") -> 2 | AX13: 2 | AY13: 0 | AZ13: 0 | BA13: =IFERROR(AVERAGE(AX13,AY13,AZ13),"A") -> 0.66666667
A14: 12 | B14: 2024JULB00014 | C14: Amal Shibu Balan | D14: Male | E14: B | K14: =IFERROR(AVERAGE(F14,G14,H14,I14),"A") -> A | L14: 0 | M14: 0 | N14: 0 | O14: 0 | P14: 0 | Q14: =IFERROR(AVERAGE(M14,N14,L14,O14,P14),"A") -> 0 | R14: 0 | S14: 0 | U14: 0 | W14: =IFERROR(AVERAGE(R14,S14,U14),"A") -> 0 | X14: 3 | Y14: 3 | AC14: =IFERROR(AVERAGE(Y14,X14),"A") -> 3 | AD14: 0 | AF14: 0 | AI14: =IFERROR(AVERAGE(AF14,AD14),"A") -> 0 | AO14: =IFERROR(AVERAGE(AJ14,AK14,AL14,AM14),"A") -> A | AP14: 0 | AQ14: 0 | AR14: 0 | AU14: =IFERROR(AVERAGE(AR14,AQ14,AP14),"A") -> 0 | AX14: 0 | AY14: 0 | AZ14: 0 | BA14: =IFERROR(AVERAGE(AX14,AY14,AZ14),"A") -> 0
... A230: 228 | B230: 2024JULB00273 | C230: Harshit Gopawat | D230: MAle | E230: D | K230: =IFERROR(AVERAGE(F230,G230,H230,I230),"A") -> A | L230: 2 | M230: 2 | N230: 2 | O230: 3 | P230: 2 | Q230: =IFERROR(AVERAGE(M230,N230,L230,O230,P230),"A") -> 2.2 | R230: 0 | S230: 0 | U230: 0 | W230: =IFERROR(AVERAGE(R230,S230,U230),"A") -> 0 | X230: 0 | Y230: 0 | AC230: =IFERROR(AVERAGE(Y230,X230),"A") -> 0 | AD230: 0 | AF230: 0 | AI230: =IFERROR(AVERAGE(AF230,AD230),"A") -> 0 | AO230: =IFERROR(AVERAGE(AJ230,AK230,AL230,AM230),"A") -> A | AP230: 0 | AQ230: 0 | AR230: 0 | AU230: =IFERROR(AVERAGE(AR230,AQ230,AP230),"A") -> 0 | AX230: 0 | AY230: 0 | AZ230: 0 | BA230: =IFERROR(AVERAGE(AX230,AY230,AZ230),"A") -> 0

Sheet Review 4
A1: Sr# | B1: Roll Number | C1: Name | D1: Gender | E1: Section | F1: Analytical & Critical Thinking ( A ) | K1: Total | L1: Communication ( C ) | Q1: Total | R1: Empathy ( E ) | W1: Total | X1: Leadership( L ) | AC1: Total | AD1: Negotiation ( N ) | AI1: Total | AJ1: Problem Solving ( P ) | AO1: Total | AP1: Team Work ( T) | AU1: Total | AV1: Discipline | BA1: Total
F2: A 1 | G2: A 2 | H2: A 3 | I2: A 4 | J2: A 5 | L2: C 1 | M2: C 2 | N2: C 3 | O2: C 4 | P2: C 5 | R2: E 1 | S2: E 2 | T2: E 3 | U2: E 4 | V2: E 5 | X2: L 1 | Y2: L 2 | Z2: L 3 | AA2: L 4 | AB2: L 5 | AD2: N 1 | AE2: N 2 | AF2: N 3 | AG2: N 4 | AH2: N 5 | AJ2: P 1 | AK2: P 2 | AL2: P 3 | AM2: P 4 | AN2: P 5 | AP2: T 1 | AQ2: T 2 | AR2: T 3 | AS2: T 4 | AT2: T 5 | AV2: D 1 | AW2: D 2 | AX2: D 3 | AY2: D 4 | AZ2: D 5
A3: 1 | B3: 2024JULB00001 | C3: A Divya Sree | D3: Female | E3: A | K3: =IFERROR(AVERAGE(F3,G3,H3,I3),"A") -> A | L3: 3 | M3: 4 | N3: 3 | O3: 4 | P3: 3 | Q3: =IFERROR(AVERAGE(M3,N3,L3,O3,P3),"A") -> 3.4 | R3: 3 | S3: 3 | U3: 3 | W3: =IFERROR(AVERAGE(R3,S3,U3),"A") -> 3 | X3: 4 | Y3: 4 | AC3: =IFERROR(AVERAGE(Y3,X3),"A") -> 4 | AD3: 5 | AF3: 0 | AI3: =IFERROR(AVERAGE(AF3,AD3),"A") -> 2.5 | AO3: =IFERROR(AVERAGE(AJ3,AK3,AL3,AM3),"A") -> A | AP3: 5 | AQ3: 4 | AR3: 5 | AU3: =IFERROR(AVERAGE(AR3,AQ3,AP3),"A") -> 4.6666667 | AX3: 5 | AY3: 5 | AZ3: 5 | BA3: =IFERROR(AVERAGE(AX3,AY3,AZ3),"A") -> 5
A4: 2 | B4: 2024JULB00002 | C4: Aaditya K | D4: Male | E4: A | K4: =IFERROR(AVERAGE(F4,G4,H4,I4),"A") -> A | L4: 3 | M4: 3 | N4: 3 | O4: 3 | P4: 4 | Q4: =IFERROR(AVERAGE(M4,N4,L4,O4,P4),"A") -> 3.2 | R4: 2 | S4: 3 | U4: 2 | W4: =IFERROR(AVERAGE(R4,S4,U4),"A") -> 2.3333333 | X4: 3 | Y4: 2 | AC4: =IFERROR(AVERAGE(Y4,X4),"A") -> 2.5 | AD4: 1 | AF4: 0 | AI4: =IFERROR(AVERAGE(AF4,AD4),"A") -> 0.5 | AO4: =IFERROR(AVERAGE(AJ4,AK4,AL4,AM4),"A") -> A | AP4: 1 | AQ4: 3 | AR4: 3 | AU4: =IFERROR(AVERAGE(AR4,AQ4,AP4),"A") -> 2.3333333 | AX4: 3 | AY4: 1 | AZ4: 3 | BA4: =IFERROR(AVERAGE(AX4,AY4,AZ4),"A") -> 2.3333333
A5: 3 | B5: 2024JULB00003 | C5: Aanchal Sapra | D5: Female | E5: A | K5: =IFERROR(AVERAGE(F5,G5,H5,I5),"A") -> A | L5: 3 | M5: 4 | N5: 4 | O5: 3 | P5: 4 | Q5: =IFERROR(AVERAGE(M5,N5,L5,O5,P5),"A") -> 3.6 | R5: 4 | S5: 3 | U5: 2 | W5: =IFERROR(AVERAGE(R5,S5,U5),"A") -> 3 | X5: 2 | Y5: 1 | AC5: =IFERROR(AVERAGE(Y5,X5),"A") -> 1.5 | AD5: 1 | AF5: 0 | AI5: =IFERROR(AVERAGE(AF5,AD5),"A") -> 0.5 | AO5: =IFERROR(AVERAGE(AJ5,AK5,AL5,AM5),"A") -> A | AP5: 1 | AQ5: 3 | AR5: 2 | AU5: =IFERROR(AVERAGE(AR5,AQ5,AP5),"A") -> 2 | AX5: 2 | AY5: 1 | AZ5: 1 | BA5: =IFERROR(AVERAGE(AX5,AY5,AZ5),"A") -> 1.3333333
A6: 4 | B6: 2024JULB00004 | C6: Abhinav B | D6: Male | E6: A | K6: =IFERROR(AVERAGE(F6,G6,H6,I6),"A") -> A | L6: 2 | M6: 2 | N6: 2 | O6: 3 | P6: 1 | Q6: =IFERROR(AVERAGE(M6,N6,L6,O6,P6),"A") -> 2 | R6: 3 | S6: 3 | U6: 3 | W6: =IFERROR(AVERAGE(R6,S6,U6),"A") -> 3 | X6: 2 | Y6: 3 | AC6: =IFERROR(AVERAGE(Y6,X6),"A") -> 2.5 | AD6: 3 | AF6: 0 | AI6: =IFERROR(AVERAGE(AF6,AD6),"A") -> 1.5 | AO6: =IFERROR(AVERAGE(AJ6,AK6,AL6,AM6),"A") -> A | AP6: 3 | AQ6: 4 | AR6: 4 | AU6: =IFERROR(AVERAGE(AR6,AQ6,AP6),"A") -> 3.6666667 | AX6: 4 | AY6: 3 | AZ6: 3 | BA6: =IFERROR(AVERAGE(AX6,AY6,AZ6),"A") -> 3.3333333
A7: 5 | B7: 2024JULB00005 | C7: Abhirup Choudhury | D7: Male | E7: D | K7: =IFERROR(AVERAGE(F7,G7,H7,I7),"A") -> A | L7: 3 | M7: 4 | N7: 3 | O7: 4 | P7: 3 | Q7: =IFERROR(AVERAGE(M7,N7,L7,O7,P7),"A") -> 3.4 | R7: 3 | S7: 3 | U7: 3 | W7: =IFERROR(AVERAGE(R7,S7,U7),"A") -> 3 | X7: 4 | Y7: 4 | AC7: =IFERROR(AVERAGE(Y7,X7),"A") -> 4 | AD7: 5 | AF7: 5 | AI7: =IFERROR(AVERAGE(AF7,AD7),"A") -> 5 | AO7: =IFERROR(AVERAGE(AJ7,AK7,AL7,AM7),"A") -> A | AP7: 4 | AQ7: 5 | AR7: 5 | AU7: =IFERROR(AVERAGE(AR7,AQ7,AP7),"A") -> 4.6666667 | AX7: 5 | AY7: 5 | AZ7: 5 | BA7: =IFERROR(AVERAGE(AX7,AY7,AZ7),"A") -> 5
A8: 6 | B8: 2024JULB00006 | C8: Abhyuday Tripathi | D8: Male | E8: A | K8: =IFERROR(AVERAGE(F8,G8,H8,I8),"A") -> A | L8: 2 | M8: 4 | N8: 2 | O8: 4 | P8: 3 | Q8: =IFERROR(AVERAGE(M8,N8,L8,O8,P8),"A") -> 3 | R8: 3 | S8: 2 | U8: 2 | W8: =IFERROR(AVERAGE(R8,S8,U8),"A") -> 2.3333333 | X8: 2 | Y8: 3 | AC8: =IFERROR(AVERAGE(Y8,X8),"A") -> 2.5 | AD8: 5 | AF8: 0 | AI8: =IFERROR(AVERAGE(AF8,AD8),"A") -> 2.5 | AO8: =IFERROR(AVERAGE(AJ8,AK8,AL8,AM8),"A") -> A | AP8: 5 | AQ8: 3 | AR8: 5 | AU8: =IFERROR(AVERAGE(AR8,AQ8,AP8),"A") -> 4.3333333 | AX8: 5 | AY8: 5 | AZ8: 5 | BA8: =IFERROR(AVERAGE(AX8,AY8,AZ8),"A") -> 5
A9: 7 | B9: 2024JULB00007 | C9: Adarsh G | D9: Male | E9: A | K9: =IFERROR(AVERAGE(F9,G9,H9,I9),"A") -> A | L9: 3 | M9: 5 | N9: 4 | O9: 4 | P9: 3 | Q9: =IFERROR(AVERAGE(M9,N9,L9,O9,P9),"A") -> 3.8 | R9: 3 | S9: 3 | U9: 3 | W9: =IFERROR(AVERAGE(R9,S9,U9),"A") -> 3 | X9: 3 | Y9: 3 | AC9: =IFERROR(AVERAGE(Y9,X9),"A") -> 3 | AD9: 5 | AF9: 0 | AI9: =IFERROR(AVERAGE(AF9,AD9),"A") -> 2.5 | AO9: =IFERROR(AVERAGE(AJ9,AK9,AL9,AM9),"A") -> A | AP9: 5 | AQ9: 4 | AR9: 3 | AU9: =IFERROR(AVERAGE(AR9,AQ9,AP9),"A") -> 4 | AX9: 4 | AY9: 5 | AZ9: 5 | BA9: =IFERROR(AVERAGE(AX9,AY9,AZ9),"A") -> 4.6666667
A10: 8 | B10: 2024JULB00008 | C10: Adarsh Raj Barman | D10: Male | E10: C | K10: =IFERROR(AVERAGE(F10,G10,H10,I10),"A") -> A | L10: 3 | M10: 4 | N10: 3 | O10: 4 | P10: 3 | Q10: =IFERROR(AVERAGE(M10,N10,L10,O10,P10),"A") -> 3.4 | R10: 3 | S10: 3 | U10: 3 | W10: =IFERROR(AVERAGE(R10,S10,U10),"A") -> 3 | X10: 4 | Y10: 4 | AC10: =IFERROR(AVERAGE(Y10,X10),"A") -> 4 | AD10: 5 | AF10: 5 | AI10: =IFERROR(AVERAGE(AF10,AD10),"A") -> 5 | AO10: =IFERROR(AVERAGE(AJ10,AK10,AL10,AM10),"A") -> A | AP10: 4 | AQ10: 5 | AR10: 5 | AU10: =IFERROR(AVERAGE(AR10,AQ10,AP10),"A") -> 4.6666667 | AX10: 5 | AY10: 5 | AZ10: 5 | BA10: =IFERROR(AVERAGE(AX10,AY10,AZ10),"A") -> 5
A11: 9 | B11: 2024JULB00009 | C11: Aditi Kumari | D11: Female | E11: A | K11: =IFERROR(AVERAGE(F11,G11,H11,I11),"A") -> A | L11: 3 | M11: 4 | N11: 3 | O11: 4 | P11: 3 | Q11: =IFERROR(AVERAGE(M11,N11,L11,O11,P11),"A") -> 3.4 | R11: 4 | S11: 5 | U11: 4 | W11: =IFERROR(AVERAGE(R11,S11,U11),"A") -> 4.3333333 | X11: 4 | Y11: 4 | AC11: =IFERROR(AVERAGE(Y11,X11),"A") -> 4 | AD11: 5 | AF11: 0 | AI11: =IFERROR(AVERAGE(AF11,AD11),"A") -> 2.5 | AO11: =IFERROR(AVERAGE(AJ11,AK11,AL11,AM11),"A") -> A | AP11: 5 | AQ11: 5 | AR11: 5 | AU11: =IFERROR(AVERAGE(AR11,AQ11,AP11),"A") -> 5 | AX11: 5 | AY11: 5 | AZ11: 5 | BA11: =IFERROR(AVERAGE(AX11,AY11,AZ11),"A") -> 5
A12: 10 | B12: 2024JULB00012 | C12: Akarsh Narain | D12: Male | E12: A | K12: =IFERROR(AVERAGE(F12,G12,H12,I12),"A") -> A | L12: 4 | M12: 4 | N12: 4 | O12: 3 | P12: 4 | Q12: =IFERROR(AVERAGE(M12,N12,L12,O12,P12),"A") -> 3.8 | R12: 2 | S12: 2 | U12: 2 | W12: =IFERROR(AVERAGE(R12,S12,U12),"A") -> 2 | X12: 2 | Y12: 2 | AC12: =IFERROR(AVERAGE(Y12,X12),"A") -> 2 | AD12: 1 | AF12: 0 | AI12: =IFERROR(AVERAGE(AF12,AD12),"A") -> 0.5 | AO12: =IFERROR(AVERAGE(AJ12,AK12,AL12,AM12),"A") -> A | AP12: 1 | AQ12: 2 | AR12: 2 | AU12: =IFERROR(AVERAGE(AR12,AQ12,AP12),"A") -> 1.6666667 | AX12: 1 | AY12: 2 | AZ12: 2 | BA12: =IFERROR(AVERAGE(AX12,AY12,AZ12),"A") -> 1.6666667
A13: 11 | B13: 2024JULB00013 | C13: Akshat Singh | D13: Male | E13: B | K13: =IFERROR(AVERAGE(F13,G13,H13,I13),"A") -> A | L13: 3 | M13: 4 | N13: 3 | O13: 4 | P13: 3 | Q13: =IFERROR(AVERAGE(M13,N13,L13,O13,P13),"A") -> 3.4 | R13: 3 | S13: 3 | U13: 3 | W13: =IFERROR(AVERAGE(R13,S13,U13),"A") -> 3 | X13: 4 | Y13: 4 | AC13: =IFERROR(AVERAGE(Y13,X13),"A") -> 4 | AD13: 5 | AF13: 5 | AI13: =IFERROR(AVERAGE(AF13,AD13),"A") -> 5 | AO13: =IFERROR(AVERAGE(AJ13,AK13,AL13,AM13),"A") -> A | AP13: 4 | AQ13: 5 | AR13: 5 | AU13: =IFERROR(AVERAGE(AR13,AQ13,AP13),"A") -> 4.6666667 | AX13: 5 | AY13: 5 | AZ13: 5 | BA13: =IFERROR(AVERAGE(AX13,AY13,AZ13),"A") -> 5
A14: 12 | B14: 2024JULB00014 | C14: Amal Shibu Balan | D14: Male | E14: B | K14: =IFERROR(AVERAGE(F14,G14,H14,I14),"A") -> A | L14: 3 | M14: 3 | N14: 3 | O14: 3 | P14: 4 | Q14: =IFERROR(AVERAGE(M14,N14,L14,O14,P14),"A") -> 3.2 | R14: 2 | S14: 3 | U14: 2 | W14: =IFERROR(AVERAGE(R14,S14,U14),"A") -> 2.3333333 | X14: 3 | Y14: 2 | AC14: =IFERROR(AVERAGE(Y14,X14),"A") -> 2.5 | AD14: 1 | AF14: 1 | AI14: =IFERROR(AVERAGE(AF14,AD14),"A") -> 1 | AO14: =IFERROR(AVERAGE(AJ14,AK14,AL14,AM14),"A") -> A | AP14: 3 | AQ14: 3 | AR14: 3 | AU14: =IFERROR(AVERAGE(AR14,AQ14,AP14),"A") -> 3 | AX14: 1 | AY14: 3 | AZ14: 4 | BA14: =IFERROR(AVERAGE(AX14,AY14,AZ14),"A") -> 2.6666667
... A230: 228 | B230: 2024JULB00273 | C230: Harshit Gopawat | D230: MAle | E230: D | K230: =IFERROR(AVERAGE(F230,G230,H230,I230),"A") -> A | L230: 3 | M230: 3 | N230: 3 | O230: 3 | P230: 3 | Q230: =IFERROR(AVERAGE(M230,N230,L230,O230,P230),"A") -> 3 | R230: 4 | S230: 4 | U230: 4 | W230: =IFERROR(AVERAGE(R230,S230,U230),"A") -> 4 | X230: 3 | Y230: 2 | AC230: =IFERROR(AVERAGE(Y230,X230),"A") -> 2.5 | AD230: 3 | AF230: 3 | AI230: =IFERROR(AVERAGE(AF230,AD230),"A") -> 3 | AO230: =IFERROR(AVERAGE(AJ230,AK230,AL230,AM230),"A") -> A | AP230: 4 | AQ230: 4 | AR230: 4 | AU230: =IFERROR(AVERAGE(AR230,AQ230,AP230),"A") -> 4 | AX230: 3 | AY230: 3 | AZ230: 3 | BA230: =IFERROR(AVERAGE(AX230,AY230,AZ230),"A") -> 3

Sheet Reflection -1 
A1: Sr# | B1: Roll Number | C1: Name | D1: Gender | E1: Section | F1: Analytical & Critical Thinking ( A ) | K1: Total | L1: Communication ( C ) | Q1: Total | R1: Empathy ( E ) | W1: Total | X1: Leadership( L ) | AC1: Total | AD1: Negotiation ( N ) | AI1: Total | AJ1: Problem Solving ( P ) | AO1: Total | AP1: Team Work ( T) | AU1: Total | AV1: Discipline | BA1: Total
F2: A 1 | G2: A 2 | H2: A 3 | I2: A 4 | J2: A 5 | L2: C 1 | M2: C 2 | N2: C 3 | O2: C 4 | P2: C 5 | R2: E 1 | S2: E 2 | T2: E 3 | U2: E 4 | V2: E 5 | X2: L 1 | Y2: L 2 | Z2: L 3 | AA2: L 4 | AB2: L 5 | AD2: N 1 | AE2: N 2 | AF2: N 3 | AG2: N 4 | AH2: N 5 | AJ2: P 1 | AK2: P 2 | AL2: P 3 | AM2: P 4 | AN2: P 5 | AP2: T 1 | AQ2: T 2 | AR2: T 3 | AS2: T 4 | AT2: T 5 | AV2: D 1 | AW2: D 2 | AX2: D 3 | AY2: D 4 | AZ2: D 5
A3: 1 | B3: 2024JULB00001 | C3: A Divya Sree | D3: Female | E3: A | K3: =IFERROR(AVERAGE(F3,G3,H3,I3),"A") -> A | L3: 3 | N3: 3 | O3: 2 | Q3: =IFERROR(AVERAGE(N3,L3,O3),"A") -> 2.6666667 | W3: =IFERROR(AVERAGE(R3,S3,U3),"A") -> A | AC3: =IFERROR(AVERAGE(Y3,X3),"A") -> A | AI3: =IFERROR(AVERAGE(AF3,AD3),"A") -> A | AO3: =IFERROR(AVERAGE(AJ3,AK3,AL3,AM3),"A") -> A | AU3: =IFERROR(AVERAGE(AR3,AQ3,AP3),"A") -> A | AX3: 5 | AY3: 0 | AZ3: 2 | BA3: =IFERROR(AVERAGE(AX3,AY3,AZ3),"A") -> 2.3333333 | BC3: =IFERROR(VLOOKUP(B3,'[1]Reflection -1 '!$B$4:$I$231,9,FALSE),"ER") -> ER
A4: 2 | B4: 2024JULB00002 | C4: Aaditya K | D4: Male | E4: A | K4: =IFERROR(AVERAGE(F4,G4,H4,I4),"A") -> A | L4: 4 | N4: 4 | O4: 4 | Q4: =IFERROR(AVERAGE(N4,L4,O4),"A") -> 4 | W4: =IFERROR(AVERAGE(R4,S4,U4),"A") -> A | AC4: =IFERROR(AVERAGE(Y4,X4),"A") -> A | AI4: =IFERROR(AVERAGE(AF4,AD4),"A") -> A | AO4: =IFERROR(AVERAGE(AJ4,AK4,AL4,AM4),"A") -> A | AU4: =IFERROR(AVERAGE(AR4,AQ4,AP4),"A") -> A | AX4: 5 | AY4: 0 | AZ4: 4 | BA4: =IFERROR(AVERAGE(AX4,AY4,AZ4),"A") -> 3
A5: 3 | B5: 2024JULB00003 | C5: Aanchal Sapra | D5: Female | E5: A | K5: =IFERROR(AVERAGE(F5,G5,H5,I5),"A") -> A | L5: 4 | N5: 4 | O5: 3 | Q5: =IFERROR(AVERAGE(N5,L5,O5),"A") -> 3.6666667 | W5: =IFERROR(AVERAGE(R5,S5,U5),"A") -> A | AC5: =IFERROR(AVERAGE(Y5,X5),"A") -> A | AI5: =IFERROR(AVERAGE(AF5,AD5),"A") -> A | AO5: =IFERROR(AVERAGE(AJ5,AK5,AL5,AM5),"A") -> A | AU5: =IFERROR(AVERAGE(AR5,AQ5,AP5),"A") -> A | AX5: 5 | AY5: 0 | AZ5: 3 | BA5: =IFERROR(AVERAGE(AX5,AY5,AZ5),"A") -> 2.6666667
A6: 4 | B6: 2024JULB00004 | C6: Abhinav B | D6: Male | E6: A | K6: =IFERROR(AVERAGE(F6,G6,H6,I6),"A") -> A | L6: 3 | N6: 3 | O6: 3 | Q6: =IFERROR(AVERAGE(N6,L6,O6),"A") -> 3 | W6: =IFERROR(AVERAGE(R6,S6,U6),"A") -> A | AC6: =IFERROR(AVERAGE(Y6,X6),"A") -> A | AI6: =IFERROR(AVERAGE(AF6,AD6),"A") -> A | AO6: =IFERROR(AVERAGE(AJ6,AK6,AL6,AM6),"A") -> A | AU6: =IFERROR(AVERAGE(AR6,AQ6,AP6),"A") -> A | AX6: 5 | AY6: 0 | AZ6: 3 | BA6: =IFERROR(AVERAGE(AX6,AY6,AZ6),"A") -> 2.6666667
A7: 5 | B7: 2024JULB00005 | C7: Abhirup Choudhury | D7: Male | E7: D | K7: =IFERROR(AVERAGE(F7,G7,H7,I7),"A") -> A | L7: 3 | N7: 3 | O7: 2 | Q7: =IFERROR(AVERAGE(N7,L7,O7),"A") -> 2.6666667 | W7: =IFERROR(AVERAGE(R7,S7,U7),"A") -> A | AC7: =IFERROR(AVERAGE(Y7,X7),"A") -> A | AI7: =IFERROR(AVERAGE(AF7,AD7),"A") -> A | AO7: =IFERROR(AVERAGE(AJ7,AK7,AL7,AM7),"A") -> A | AU7: =IFERROR(AVERAGE(AR7,AQ7,AP7),"A") -> A | AX7: 4 | AY7: 2 | AZ7: 2 | BA7: =IFERROR(AVERAGE(AX7,AY7,AZ7),"A") -> 2.6666667
A8: 6 | B8: 2024JULB00006 | C8: Abhyuday Tripathi | D8: Male | E8: A | K8: =IFERROR(AVERAGE(F8,G8,H8,I8),"A") -> A | L8: 3 | N8: 3 | O8: 2 | Q8: =IFERROR(AVERAGE(N8,L8,O8),"A") -> 2.6666667 | W8: =IFERROR(AVERAGE(R8,S8,U8),"A") -> A | AC8: =IFERROR(AVERAGE(Y8,X8),"A") -> A | AI8: =IFERROR(AVERAGE(AF8,AD8),"A") -> A | AO8: =IFERROR(AVERAGE(AJ8,AK8,AL8,AM8),"A") -> A | AU8: =IFERROR(AVERAGE(AR8,AQ8,AP8),"A") -> A | AX8: 5 | AY8: 0 | AZ8: 2 | BA8: =IFERROR(AVERAGE(AX8,AY8,AZ8),"A") -> 2.3333333
A9: 7 | B9: 2024JULB00007 | C9: Adarsh G | D9: Male | E9: A | K9: =IFERROR(AVERAGE(F9,G9,H9,I9),"A") -> A | L9: 0 | N9: 0 | O9: 0 | Q9: =IFERROR(AVERAGE(N9,L9,O9),"A") -> 0 | W9: =IFERROR(AVERAGE(R9,S9,U9),"A") -> A | AC9: =IFERROR(AVERAGE(Y9,X9),"A") -> A | AI9: =IFERROR(AVERAGE(AF9,AD9),"A") -> A | AO9: =IFERROR(AVERAGE(AJ9,AK9,AL9,AM9),"A") -> A | AU9: =IFERROR(AVERAGE(AR9,AQ9,AP9),"A") -> A | AX9: 0 | AY9: 0 | AZ9: 0 | BA9: =IFERROR(AVERAGE(AX9,AY9,AZ9),"A") -> 0
A10: 8 | B10: 2024JULB00008 | C10: Adarsh Raj Barman | D10: Male | E10: C | K10: =IFERROR(AVERAGE(F10,G10,H10,I10),"A") -> A | L10: 3 | N10: 3 | O10: 2 | Q10: =IFERROR(AVERAGE(N10,L10,O10),"A") -> 2.6666667 | W10: =IFERROR(AVERAGE(R10,S10,U10),"A") -> A | AC10: =IFERROR(AVERAGE(Y10,X10),"A") -> A | AI10: =IFERROR(AVERAGE(AF10,AD10),"A") -> A | AO10: =IFERROR(AVERAGE(AJ10,AK10,AL10,AM10),"A") -> A | AU10: =IFERROR(AVERAGE(AR10,AQ10,AP10),"A") -> A | AX10: 5 | AY10: 2 | AZ10: 2 | BA10: =IFERROR(AVERAGE(AX10,AY10,AZ10),"A") -> 3
A11: 9 | B11: 2024JULB00009 | C11: Aditi Kumari | D11: Female | E11: A | K11: =IFERROR(AVERAGE(F11,G11,H11,I11),"A") -> A | L11: 3 | N11: 3 | O11: 2 | Q11: =IFERROR(AVERAGE(N11,L11,O11),"A") -> 2.6666667 | W11: =IFERROR(AVERAGE(R11,S11,U11),"A") -> A | AC11: =IFERROR(AVERAGE(Y11,X11),"A") -> A | AI11: =IFERROR(AVERAGE(AF11,AD11),"A") -> A | AO11: =IFERROR(AVERAGE(AJ11,AK11,AL11,AM11),"A") -> A | AU11: =IFERROR(AVERAGE(AR11,AQ11,AP11),"A") -> A | AX11: 5 | AY11: 0 | AZ11: 2 | BA11: =IFERROR(AVERAGE(AX11,AY11,AZ11),"A") -> 2.3333333
A12: 10 | B12: 2024JULB00012 | C12: Akarsh Narain | D12: Male | E12: A | K12: =IFERROR(AVERAGE(F12,G12,H12,I12),"A") -> A | L12: 3 | N12: 2 | O12: 2 | Q12: =IFERROR(AVERAGE(N12,L12,O12),"A") -> 2.3333333 | W12: =IFERROR(AVERAGE(R12,S12,U12),"A") -> A | AC12: =IFERROR(AVERAGE(Y12,X12),"A") -> A | AI12: =IFERROR(AVERAGE(AF12,AD12),"A") -> A | AO12: =IFERROR(AVERAGE(AJ12,AK12,AL12,AM12),"A") -> A | AU12: =IFERROR(AVERAGE(AR12,AQ12,AP12),"A") -> A | AX12: 5 | AY12: 0 | AZ12: 2 | BA12: =IFERROR(AVERAGE(AX12,AY12,AZ12),"A") -> 2.3333333
A13: 11 | B13: 2024JULB00013 | C13: Akshat Singh | D13: Male | E13: B | K13: =IFERROR(AVERAGE(F13,G13,H13,I13),"A") -> A | L13: 3 | N13: 3 | O13: 2 | Q13: =IFERROR(AVERAGE(N13,L13,O13),"A") -> 2.6666667 | W13: =IFERROR(AVERAGE(R13,S13,U13),"A") -> A | AC13: =IFERROR(AVERAGE(Y13,X13),"A") -> A | AI13: =IFERROR(AVERAGE(AF13,AD13),"A") -> A | AO13: =IFERROR(AVERAGE(AJ13,AK13,AL13,AM13),"A") -> A | AU13: =IFERROR(AVERAGE(AR13,AQ13,AP13),"A") -> A | AX13: 5 | AY13: 0 | AZ13: 2 | BA13: =IFERROR(AVERAGE(AX13,AY13,AZ13),"A") -> 2.3333333
A14: 12 | B14: 2024JULB00014 | C14: Amal Shibu Balan | D14: Male | E14: B | K14: =IFERROR(AVERAGE(F14,G14,H14,I14),"A") -> A | L14: 4 | N14: 4 | O14: 4 | Q14: =IFERROR(AVERAGE(N14,L14,O14),"A") -> 4 | W14: =IFERROR(AVERAGE(R14,S14,U14),"A") -> A | AC14: =IFERROR(AVERAGE(Y14,X14),"A") -> A | AI14: =IFERROR(AVERAGE(AF14,AD14),"A") -> A | AO14: =IFERROR(AVERAGE(AJ14,AK14,AL14,AM14),"A") -> A | AU14: =IFERROR(AVERAGE(AR14,AQ14,AP14),"A") -> A | AX14: 5 | AY14: 0 | AZ14: 4 | BA14: =IFERROR(AVERAGE(AX14,AY14,AZ14),"A") -> 3
A15: 13 | B15: 2024JULB00017 | C15: Anamitra Dutta | D15: Male | E15: A | K15: =IFERROR(AVERAGE(F15,G15,H15,I15),"A") -> A | L15: 3 | N15: 4 | O15: 4 | Q15: =IFERROR(AVERAGE(N15,L15,O15),"A") -> 3.6666667 | W15: =IFERROR(AVERAGE(R15,S15,U15),"A") -> A | AC15: =IFERROR(AVERAGE(Y15,X15),"A") -> A | AI15: =IFERROR(AVERAGE(AF15,AD15),"A") -> A | AO15: =IFERROR(AVERAGE(AJ15,AK15,AL15,AM15),"A") -> A | AU15: =IFERROR(AVERAGE(AR15,AQ15,AP15),"A") -> A | AX15: 5 | AY15: 0 | AZ15: 4 | BA15: =IFERROR(AVERAGE(AX15,AY15,AZ15),"A") -> 3
... A230: 228 | B230: 2024JULB00273 | C230: Harshit Gopawat | D230: MAle | E230: D | K230: =IFERROR(AVERAGE(F230,G230,H230,I230),"A") -> A | L230: 3 | N230: 3 | O230: 3 | Q230: =IFERROR(AVERAGE(N230,L230,O230),"A") -> 3 | W230: =IFERROR(AVERAGE(R230,S230,U230),"A") -> A | AC230: =IFERROR(AVERAGE(Y230,X230),"A") -> A | AI230: =IFERROR(AVERAGE(AF230,AD230),"A") -> A | AO230: =IFERROR(AVERAGE(AJ230,AK230,AL230,AM230),"A") -> A | AU230: =IFERROR(AVERAGE(AR230,AQ230,AP230),"A") -> A | AX230: 4 | AY230: 2 | AZ230: 3 | BA230: =IFERROR(AVERAGE(AX230,AY230,AZ230),"A") -> 3

Sheet Reflection -2
A1: Sr# | B1: Roll Number | C1: Name | D1: Gender | E1: Section | F1: Analytical & Critical Thinking ( A ) | K1: Total | L1: Communication ( C ) | Q1: Total | R1: Empathy ( E ) | W1: Total | X1: Leadership( L ) | AC1: Total | AD1: Negotiation ( N ) | AI1: Total | AJ1: Problem Solving ( P ) | AO1: Total | AP1: Team Work ( T) | AU1: Total | AV1: Discipline | BA1: Total
F2: A 1 | G2: A 2 | H2: A 3 | I2: A 4 | J2: A 5 | L2: C 1 | M2: C 2 | N2: C 3 | O2: C 4 | P2: C 5 | R2: E 1 | S2: E 2 | T2: E 3 | U2: E 4 | V2: E 5 | X2: L 1 | Y2: L 2 | Z2: L 3 | AA2: L 4 | AB2: L 5 | AD2: N 1 | AE2: N 2 | AF2: N 3 | AG2: N 4 | AH2: N 5 | AJ2: P 1 | AK2: P 2 | AL2: P 3 | AM2: P 4 | AN2: P 5 | AP2: T 1 | AQ2: T 2 | AR2: T 3 | AS2: T 4 | AT2: T 5 | AV2: D 1 | AW2: D 2 | AX2: D 3 | AY2: D 4 | AZ2: D 5
A3: 1 | B3: 2024JULB00001 | C3: A Divya Sree | D3: Female | E3: A | K3: =IFERROR(AVERAGE(F3,G3,H3,I3),"A") -> A | L3: 4 | N3: 4 | O3: 4 | Q3: =IFERROR(AVERAGE(N3,L3,O3),"A") -> 4 | W3: =IFERROR(AVERAGE(R3,S3,U3),"A") -> A | AC3: =IFERROR(AVERAGE(Y3,X3),"A") -> A | AI3: =IFERROR(AVERAGE(AF3,AD3),"A") -> A | AO3: =IFERROR(AVERAGE(AJ3,AK3,AL3,AM3),"A") -> A | AU3: =IFERROR(AVERAGE(AR3,AQ3,AP3),"A") -> A | AX3: 5 | AY3: 0 | AZ3: 4 | BA3: =IFERROR(AVERAGE(AX3,AY3,AZ3),"A") -> 3 | BC3: =IFERROR(VLOOKUP(B3,'[1]Reflection -1 '!$B$4:$I$231,9,FALSE),"ER") -> ER
A4: 2 | B4: 2024JULB00002 | C4: Aaditya K | D4: Male | E4: A | K4: =IFERROR(AVERAGE(F4,G4,H4,I4),"A") -> A | L4: 3 | N4: 3 | O4: 2 | Q4: =IFERROR(AVERAGE(N4,L4,O4),"A") -> 2.6666667 | W4: =IFERROR(AVERAGE(R4,S4,U4),"A") -> A | AC4: =IFERROR(AVERAGE(Y4,X4),"A") -> A | AI4: =IFERROR(AVERAGE(AF4,AD4),"A") -> A | AO4: =IFERROR(AVERAGE(AJ4,AK4,AL4,AM4),"A") -> A | AU4: =IFERROR(AVERAGE(AR4,AQ4,AP4),"A") -> A | AX4: 5 | AY4: 0 | AZ4: 2 | BA4: =IFERROR(AVERAGE(AX4,AY4,AZ4),"A") -> 2.3333333
A5: 3 | B5: 2024JULB00003 | C5: Aanchal Sapra | D5: Female | E5: A | K5: =IFERROR(AVERAGE(F5,G5,H5,I5),"A") -> A | L5: 0 | N5: 0 | O5: 0 | Q5: =IFERROR(AVERAGE(N5,L5,O5),"A") -> 0 | W5: =IFERROR(AVERAGE(R5,S5,U5),"A") -> A | AC5: =IFERROR(AVERAGE(Y5,X5),"A") -> A | AI5: =IFERROR(AVERAGE(AF5,AD5),"A") -> A | AO5: =IFERROR(AVERAGE(AJ5,AK5,AL5,AM5),"A") -> A | AU5: =IFERROR(AVERAGE(AR5,AQ5,AP5),"A") -> A | AX5: 0 | AY5: 0 | AZ5: 0 | BA5: =IFERROR(AVERAGE(AX5,AY5,AZ5),"A") -> 0
A6: 4 | B6: 2024JULB00004 | C6: Abhinav B | D6: Male | E6: A | K6: =IFERROR(AVERAGE(F6,G6,H6,I6),"A") -> A | L6: 3 | N6: 4 | O6: 4 | Q6: =IFERROR(AVERAGE(N6,L6,O6),"A") -> 3.6666667 | W6: =IFERROR(AVERAGE(R6,S6,U6),"A") -> A | AC6: =IFERROR(AVERAGE(Y6,X6),"A") -> A | AI6: =IFERROR(AVERAGE(AF6,AD6),"A") -> A | AO6: =IFERROR(AVERAGE(AJ6,AK6,AL6,AM6),"A") -> A | AU6: =IFERROR(AVERAGE(AR6,AQ6,AP6),"A") -> A | AX6: 5 | AY6: 0 | AZ6: 4 | BA6: =IFERROR(AVERAGE(AX6,AY6,AZ6),"A") -> 3
A7: 5 | B7: 2024JULB00005 | C7: Abhirup Choudhury | D7: Male | E7: D | K7: =IFERROR(AVERAGE(F7,G7,H7,I7),"A") -> A | L7: 4 | N7: 4 | O7: 4 | Q7: =IFERROR(AVERAGE(N7,L7,O7),"A") -> 4 | W7: =IFERROR(AVERAGE(R7,S7,U7),"A") -> A | AC7: =IFERROR(AVERAGE(Y7,X7),"A") -> A | AI7: =IFERROR(AVERAGE(AF7,AD7),"A") -> A | AO7: =IFERROR(AVERAGE(AJ7,AK7,AL7,AM7),"A") -> A | AU7: =IFERROR(AVERAGE(AR7,AQ7,AP7),"A") -> A | AX7: 4 | AY7: 2 | AZ7: 4 | BA7: =IFERROR(AVERAGE(AX7,AY7,AZ7),"A") -> 3.3333333
A8: 6 | B8: 2024JULB00006 | C8: Abhyuday Tripathi | D8: Male | E8: A | K8: =IFERROR(AVERAGE(F8,G8,H8,I8),"A") -> A | L8: 3 | N8: 4 | O8: 4 | Q8: =IFERROR(AVERAGE(N8,L8,O8),"A") -> 3.6666667 | W8: =IFERROR(AVERAGE(R8,S8,U8),"A") -> A | AC8: =IFERROR(AVERAGE(Y8,X8),"A") -> A | AI8: =IFERROR(AVERAGE(AF8,AD8),"A") -> A | AO8: =IFERROR(AVERAGE(AJ8,AK8,AL8,AM8),"A") -> A | AU8: =IFERROR(AVERAGE(AR8,AQ8,AP8),"A") -> A | AX8: 5 | AY8: 0 | AZ8: 3 | BA8: =IFERROR(AVERAGE(AX8,AY8,AZ8),"A") -> 2.6666667
A9: 7 | B9: 2024JULB00007 | C9: Adarsh G | D9: Male | E9: A | K9: =IFERROR(AVERAGE(F9,G9,H9,I9),"A") -> A | L9: 0 | N9: 0 | O9: 0 | Q9: =IFERROR(AVERAGE(N9,L9,O9),"A") -> 0 | W9: =IFERROR(AVERAGE(R9,S9,U9),"A") -> A | AC9: =IFERROR(AVERAGE(Y9,X9),"A") -> A | AI9: =IFERROR(AVERAGE(AF9,AD9),"A") -> A | AO9: =IFERROR(AVERAGE(AJ9,AK9,AL9,AM9),"A") -> A | AU9: =IFERROR(AVERAGE(AR9,AQ9,AP9),"A") -> A | AX9: 0 | AY9: 0 | AZ9: 0 | BA9: =IFERROR(AVERAGE(AX9,AY9,AZ9),"A") -> 0
A10: 8 | B10: 2024JULB00008 | C10: Adarsh Raj Barman | D10: Male | E10: C | K10: =IFERROR(AVERAGE(F10,G10,H10,I10),"A") -> A | L10: 4 | N10: 4 | O10: 4 | Q10: =IFERROR(AVERAGE(N10,L10,O10),"A") -> 4 | W10: =IFERROR(AVERAGE(R10,S10,U10),"A") -> A | AC10: =IFERROR(AVERAGE(Y10,X10),"A") -> A | AI10: =IFERROR(AVERAGE(AF10,AD10),"A") -> A | AO10: =IFERROR(AVERAGE(AJ10,AK10,AL10,AM10),"A") -> A | AU10: =IFERROR(AVERAGE(AR10,AQ10,AP10),"A") -> A | AX10: 5 | AY10: 2 | AZ10: 4 | BA10: =IFERROR(AVERAGE(AX10,AY10,AZ10),"A") -> 3.6666667
A11: 9 | B11: 2024JULB00009 | C11: Aditi Kumari | D11: Female | E11: A | K11: =IFERROR(AVERAGE(F11,G11,H11,I11),"A") -> A | L11: 3 | N11: 3 | O11: 4 | Q11: =IFERROR(AVERAGE(N11,L11,O11),"A") -> 3.3333333 | W11: =IFERROR(AVERAGE(R11,S11,U11),"A") -> A | AC11: =IFERROR(AVERAGE(Y11,X11),"A") -> A | AI11: =IFERROR(AVERAGE(AF11,AD11),"A") -> A | AO11: =IFERROR(AVERAGE(AJ11,AK11,AL11,AM11),"A") -> A | AU11: =IFERROR(AVERAGE(AR11,AQ11,AP11),"A") -> A | AX11: 5 | AY11: 0 | AZ11: 4 | BA11: =IFERROR(AVERAGE(AX11,AY11,AZ11),"A") -> 3
A12: 10 | B12: 2024JULB00012 | C12: Akarsh Narain | D12: Male | E12: A | K12: =IFERROR(AVERAGE(F12,G12,H12,I12),"A") -> A | L12: 3 | N12: 3 | O12: 2 | Q12: =IFERROR(AVERAGE(N12,L12,O12),"A") -> 2.6666667 | W12: =IFERROR(AVERAGE(R12,S12,U12),"A") -> A | AC12: =IFERROR(AVERAGE(Y12,X12),"A") -> A | AI12: =IFERROR(AVERAGE(AF12,AD12),"A") -> A | AO12: =IFERROR(AVERAGE(AJ12,AK12,AL12,AM12),"A") -> A | AU12: =IFERROR(AVERAGE(AR12,AQ12,AP12),"A") -> A | AX12: 5 | AY12: 0 | AZ12: 2 | BA12: =IFERROR(AVERAGE(AX12,AY12,AZ12),"A") -> 2.3333333
A13: 11 | B13: 2024JULB00013 | C13: Akshat Singh | D13: Male | E13: B | K13: =IFERROR(AVERAGE(F13,G13,H13,I13),"A") -> A | L13: 4 | N13: 4 | O13: 4 | Q13: =IFERROR(AVERAGE(N13,L13,O13),"A") -> 4 | W13: =IFERROR(AVERAGE(R13,S13,U13),"A") -> A | AC13: =IFERROR(AVERAGE(Y13,X13),"A") -> A | AI13: =IFERROR(AVERAGE(AF13,AD13),"A") -> A | AO13: =IFERROR(AVERAGE(AJ13,AK13,AL13,AM13),"A") -> A | AU13: =IFERROR(AVERAGE(AR13,AQ13,AP13),"A") -> A | AX13: 5 | AY13: 0 | AZ13: 4 | BA13: =IFERROR(AVERAGE(AX13,AY13,AZ13),"A") -> 3
A14: 12 | B14: 2024JULB00014 | C14: Amal Shibu Balan | D14: Male | E14: B | K14: =IFERROR(AVERAGE(F14,G14,H14,I14),"A") -> A | L14: 3 | N14: 3 | O14: 2 | Q14: =IFERROR(AVERAGE(N14,L14,O14),"A") -> 2.6666667 | W14: =IFERROR(AVERAGE(R14,S14,U14),"A") -> A | AC14: =IFERROR(AVERAGE(Y14,X14),"A") -> A | AI14: =IFERROR(AVERAGE(AF14,AD14),"A") -> A | AO14: =IFERROR(AVERAGE(AJ14,AK14,AL14,AM14),"A") -> A | AU14: =IFERROR(AVERAGE(AR14,AQ14,AP14),"A") -> A | AX14: 5 | AY14: 0 | AZ14: 2 | BA14: =IFERROR(AVERAGE(AX14,AY14,AZ14),"A") -> 2.3333333
A15: 13 | B15: 2024JULB00017 | C15: Anamitra Dutta | D15: Male | E15: A | K15: =IFERROR(AVERAGE(F15,G15,H15,I15),"A") -> A | L15: 3 | N15: 3 | O15: 3 | Q15: =IFERROR(AVERAGE(N15,L15,O15),"A") -> 3 | W15: =IFERROR(AVERAGE(R15,S15,U15),"A") -> A | AC15: =IFERROR(AVERAGE(Y15,X15),"A") -> A | AI15: =IFERROR(AVERAGE(AF15,AD15),"A") -> A | AO15: =IFERROR(AVERAGE(AJ15,AK15,AL15,AM15),"A") -> A | AU15: =IFERROR(AVERAGE(AR15,AQ15,AP15),"A") -> A | AX15: 5 | AY15: 0 | AZ15: 3 | BA15: =IFERROR(AVERAGE(AX15,AY15,AZ15),"A") -> 2.6666667
... A212: 210 | B212: 2024JULB00253 | C212: Pritam RajuShet | D212: Male | E212: D | K212: =IFERROR(AVERAGE(F212,G212,H212,I212),"A") -> A | L212: 3 | N212: 3 | O212: 3 | Q212: =IFERROR(AVERAGE(N212,L212,O212),"A") -> 3 | W212: =IFERROR(AVERAGE(R212,S212,U212),"A") -> A | AC212: =IFERROR(AVERAGE(Y212,X212),"A") -> A | AI212: =IFERROR(AVERAGE(AF212,AD212),"A") -> A | AO212: =IFERROR(AVERAGE(AJ212,AK212,AL212,AM212),"A") -> A | AU212: =IFERROR(AVERAGE(AR212,AQ212,AP212),"A") -> A | AX212: 4 | AY212: 2 | AZ212: 3 | BA212: =IFERROR(AVERAGE(AX212,AY212,AZ212),"A") -> 3
A213: 211 | B213: 2024JULB00254 | C213: Reshu Sharma | D213: Female | E213: D | K213: =IFERROR(AVERAGE(F213,G213,H213,I213),"A") -> A | L213: 0 | N213: 0 | O213: 0 | Q213: =IFERROR(AVERAGE(N213,L213,O213),"A") -> A | W213: =IFERROR(AVERAGE(R213,S213,U213),"A") -> A | AC213: =IFERROR(AVERAGE(Y213,X213),"A") -> A | AI213: =IFERROR(AVERAGE(AF213,AD213),"A") -> A | AO213: =IFERROR(AVERAGE(AJ213,AK213,AL213,AM213),"A") -> A | AU213: =IFERROR(AVERAGE(AR213,AQ213,AP213),"A") -> A | AX213: 0 | AY213: 0 | AZ213: 0 | BA213: =IFERROR(AVERAGE(AX213,AY213,AZ213),"A") -> A
A214: 212 | B214: 2024JULB00255 | C214: Saisrita Rao | D214: Female | E214: D | K214: =IFERROR(AVERAGE(F214,G214,H214,I214),"A") -> A | L214: 2 | N214: 2 | O214: 2 | Q214: =IFERROR(AVERAGE(N214,L214,O214),"A") -> 2 | W214: =IFERROR(AVERAGE(R214,S214,U214),"A") -> A | AC214: =IFERROR(AVERAGE(Y214,X214),"A") -> A | AI214: =IFERROR(AVERAGE(AF214,AD214),"A") -> A | AO214: =IFERROR(AVERAGE(AJ214,AK214,AL214,AM214),"A") -> A | AU214: =IFERROR(AVERAGE(AR214,AQ214,AP214),"A") -> A | AX214: 2 | AY214: 2 | AZ214: 2 | BA214: =IFERROR(AVERAGE(AX214,AY214,AZ214),"A") -> 2
A215: 213 | B215: 2024JULB00256 | C215: Riya Kumari | D215: Female | E215: D | K215: =IFERROR(AVERAGE(F215,G215,H215,I215),"A") -> A | L215: 1 | N215: 1 | O215: 1 | Q215: =IFERROR(AVERAGE(N215,L215,O215),"A") -> 1 | W215: =IFERROR(AVERAGE(R215,S215,U215),"A") -> A | AC215: =IFERROR(AVERAGE(Y215,X215),"A") -> A | AI215: =IFERROR(AVERAGE(AF215,AD215),"A") -> A | AO215: =IFERROR(AVERAGE(AJ215,AK215,AL215,AM215),"A") -> A | AU215: =IFERROR(AVERAGE(AR215,AQ215,AP215),"A") -> A | AX215: 4 | AY215: 2 | AZ215: 1 | BA215: =IFERROR(AVERAGE(AX215,AY215,AZ215),"A") -> 2.3333333
A216: 214 | B216: 2024JULB00257 | C216: Saurav Singh | D216: Male | E216: D | K216: =IFERROR(AVERAGE(F216,G216,H216,I216),"A") -> A | L216: 3 | N216: 3 | O216: 2 | Q216: =IFERROR(AVERAGE(N216,L216,O216),"A") -> 2.6666667 | W216: =IFERROR(AVERAGE(R216,S216,U216),"A") -> A | AC216: =IFERROR(AVERAGE(Y216,X216),"A") -> A | AI216: =IFERROR(AVERAGE(AF216,AD216),"A") -> A | AO216: =IFERROR(AVERAGE(AJ216,AK216,AL216,AM216),"A") -> A | AU216: =IFERROR(AVERAGE(AR216,AQ216,AP216),"A") -> A | AX216: 4 | AY216: 2 | AZ216: 3 | BA216: =IFERROR(AVERAGE(AX216,AY216,AZ216),"A") -> 3
A217: 215 | B217: 2024JULB00258 | C217: Animesh Tiwari | D217: Male | E217: D | K217: =IFERROR(AVERAGE(F217,G217,H217,I217),"A") -> A | L217: 3 | N217: 2 | O217: 2 | Q217: =IFERROR(AVERAGE(N217,L217,O217),"A") -> 2.3333333 | W217: =IFERROR(AVERAGE(R217,S217,U217),"A") -> A | AC217: =IFERROR(AVERAGE(Y217,X217),"A") -> A | AI217: =IFERROR(AVERAGE(AF217,AD217),"A") -> A | AO217: =IFERROR(AVERAGE(AJ217,AK217,AL217,AM217),"A") -> A | AU217: =IFERROR(AVERAGE(AR217,AQ217,AP217),"A") -> A | AX217: 4 | AY217: 2 | AZ217: 2 | BA217: =IFERROR(AVERAGE(AX217,AY217,AZ217),"A") -> 2.6666667
A218: 216 | B218: 2024JULB00260 | C218: Vishal Durga RaoGandu | D218: Male | E218: D | K218: =IFERROR(AVERAGE(F218,G218,H218,I218),"A") -> A | L218: 3 | N218: 3 | O218: 1 | Q218: =IFERROR(AVERAGE(N218,L218,O218),"A") -> 2.3333333 | W218: =IFERROR(AVERAGE(R218,S218,U218),"A") -> A | AC218: =IFERROR(AVERAGE(Y218,X218),"A") -> A | AI218: =IFERROR(AVERAGE(AF218,AD218),"A") -> A | AO218: =IFERROR(AVERAGE(AJ218,AK218,AL218,AM218),"A") -> A | AU218: =IFERROR(AVERAGE(AR218,AQ218,AP218),"A") -> A | AX218: 4 | AY218: 2 | AZ218: 1 | BA218: =IFERROR(AVERAGE(AX218,AY218,AZ218),"A") -> 2.3333333
A219: 217 | B219: 2024JULB00261 | C219: Ananya Raj | D219: Female | E219: D | K219: =IFERROR(AVERAGE(F219,G219,H219,I219),"A") -> A | L219: 2 | N219: 2 | O219: 2 | Q219: =IFERROR(AVERAGE(N219,L219,O219),"A") -> 2 | W219: =IFERROR(AVERAGE(R219,S219,U219),"A") -> A | AC219: =IFERROR(AVERAGE(Y219,X219),"A") -> A | AI219: =IFERROR(AVERAGE(AF219,AD219),"A") -> A | AO219: =IFERROR(AVERAGE(AJ219,AK219,AL219,AM219),"A") -> A | AU219: =IFERROR(AVERAGE(AR219,AQ219,AP219),"A") -> A | AX219: 2 | AY219: 2 | AZ219: 2 | BA219: =IFERROR(AVERAGE(AX219,AY219,AZ219),"A") -> 2
A220: 218 | B220: 2024JULB00262 | C220: Aman Kumar | D220: Male | E220: D | K220: =IFERROR(AVERAGE(F220,G220,H220,I220),"A") -> A | L220: 4 | N220: 4 | O220: 4 | Q220: =IFERROR(AVERAGE(N220,L220,O220),"A") -> 4 | W220: =IFERROR(AVERAGE(R220,S220,U220),"A") -> A | AC220: =IFERROR(AVERAGE(Y220,X220),"A") -> A | AI220: =IFERROR(AVERAGE(AF220,AD220),"A") -> A | AO220: =IFERROR(AVERAGE(AJ220,AK220,AL220,AM220),"A") -> A | AU220: =IFERROR(AVERAGE(AR220,AQ220,AP220),"A") -> A | AX220: 4 | AY220: 2 | AZ220: 4 | BA220: =IFERROR(AVERAGE(AX220,AY220,AZ220),"A") -> 3.3333333
A221: 219 | B221: 2024JULB00263 | C221: Soumya Roy | D221: Male | E221: D | K221: =IFERROR(AVERAGE(F221,G221,H221,I221),"A") -> A | L221: 3 | N221: 3 | O221: 2 | Q221: =IFERROR(AVERAGE(N221,L221,O221),"A") -> 2.6666667 | W221: =IFERROR(AVERAGE(R221,S221,U221),"A") -> A | AC221: =IFERROR(AVERAGE(Y221,X221),"A") -> A | AI221: =IFERROR(AVERAGE(AF221,AD221),"A") -> A | AO221: =IFERROR(AVERAGE(AJ221,AK221,AL221,AM221),"A") -> A | AU221: =IFERROR(AVERAGE(AR221,AQ221,AP221),"A") -> A | AX221: 4 | AY221: 2 | AZ221: 3 | BA221: =IFERROR(AVERAGE(AX221,AY221,AZ221),"A") -> 3
A222: 220 | B222: 2024JULB00264 | C222: Nikita Sehgal | D222: Female | E222: D | K222: =IFERROR(AVERAGE(F222,G222,H222,I222),"A") -> A | L222: 0 | N222: 0 | O222: 0 | Q222: =IFERROR(AVERAGE(N222,L222,O222),"A") -> A | W222: =IFERROR(AVERAGE(R222,S222,U222),"A") -> A | AC222: =IFERROR(AVERAGE(Y222,X222),"A") -> A | AI222: =IFERROR(AVERAGE(AF222,AD222),"A") -> A | AO222: =IFERROR(AVERAGE(AJ222,AK222,AL222,AM222),"A") -> A | AU222: =IFERROR(AVERAGE(AR222,AQ222,AP222),"A") -> A | AX222: 0 | AY222: 0 | AZ222: 0 | BA222: =IFERROR(AVERAGE(AX222,AY222,AZ222),"A") -> A
A223: 221 | B223: 2024JULB00265 | C223: Srijan Dobhal | D223: Male | E223: D | K223: =IFERROR(AVERAGE(F223,G223,H223,I223),"A") -> A | L223: 1 | N223: 1 | O223: 1 | Q223: =IFERROR(AVERAGE(N223,L223,O223),"A") -> 1 | W223: =IFERROR(AVERAGE(R223,S223,U223),"A") -> A | AC223: =IFERROR(AVERAGE(Y223,X223),"A") -> A | AI223: =IFERROR(AVERAGE(AF223,AD223),"A") -> A | AO223: =IFERROR(AVERAGE(AJ223,AK223,AL223,AM223),"A") -> A | AU223: =IFERROR(AVERAGE(AR223,AQ223,AP223),"A") -> A | AX223: 4 | AY223: 2 | AZ223: 1 | BA223: =IFERROR(AVERAGE(AX223,AY223,AZ223),"A") -> 2.3333333
A224: 222 | B224: 2024JULB00266 | C224: Musaddik Kurundwad | D224: Male | E224: D | K224: =IFERROR(AVERAGE(F224,G224,H224,I224),"A") -> A | L224: 4 | N224: 4 | O224: 4 | Q224: =IFERROR(AVERAGE(N224,L224,O224),"A") -> 4 | W224: =IFERROR(AVERAGE(R224,S224,U224),"A") -> A | AC224: =IFERROR(AVERAGE(Y224,X224),"A") -> A | AI224: =IFERROR(AVERAGE(AF224,AD224),"A") -> A | AO224: =IFERROR(AVERAGE(AJ224,AK224,AL224,AM224),"A") -> A | AU224: =IFERROR(AVERAGE(AR224,AQ224,AP224),"A") -> A | AX224: 4 | AY224: 2 | AZ224: 4 | BA224: =IFERROR(AVERAGE(AX224,AY224,AZ224),"A") -> 3.3333333
A225: 223 | B225: 2024JULB00267 | C225: Kushal Raj | D225: Male | E225: D | K225: =IFERROR(AVERAGE(F225,G225,H225,I225),"A") -> A | L225: 3 | N225: 4 | O225: 3 | Q225: =IFERROR(AVERAGE(N225,L225,O225),"A") -> 3.3333333 | W225: =IFERROR(AVERAGE(R225,S225,U225),"A") -> A | AC225: =IFERROR(AVERAGE(Y225,X225),"A") -> A | AI225: =IFERROR(AVERAGE(AF225,AD225),"A") -> A | AO225: =IFERROR(AVERAGE(AJ225,AK225,AL225,AM225),"A") -> A | AU225: =IFERROR(AVERAGE(AR225,AQ225,AP225),"A") -> A | AX225: 4 | AY225: 2 | AZ225: 3 | BA225: =IFERROR(AVERAGE(AX225,AY225,AZ225),"A") -> 3
A226: 224 | B226: 2024JULB00268 | C226: Soumya | D226: Male | E226: D | K226: =IFERROR(AVERAGE(F226,G226,H226,I226),"A") -> A | L226: 2 | N226: 3 | O226: 3 | Q226: =IFERROR(AVERAGE(N226,L226,O226),"A") -> 2.6666667 | W226: =IFERROR(AVERAGE(R226,S226,U226),"A") -> A | AC226: =IFERROR(AVERAGE(Y226,X226),"A") -> A | AI226: =IFERROR(AVERAGE(AF226,AD226),"A") -> A | AO226: =IFERROR(AVERAGE(AJ226,AK226,AL226,AM226),"A") -> A | AU226: =IFERROR(AVERAGE(AR226,AQ226,AP226),"A") -> A | AX226: 4 | AY226: 2 | AZ226: 3 | BA226: =IFERROR(AVERAGE(AX226,AY226,AZ226),"A") -> 3
A227: 225 | B227: 2024JULB00269 | C227: Vrijendra Balaji | D227: Male | E227: D | K227: =IFERROR(AVERAGE(F227,G227,H227,I227),"A") -> A | L227: 3 | N227: 3 | O227: 2 | Q227: =IFERROR(AVERAGE(N227,L227,O227),"A") -> 2.6666667 | W227: =IFERROR(AVERAGE(R227,S227,U227),"A") -> A | AC227: =IFERROR(AVERAGE(Y227,X227),"A") -> A | AI227: =IFERROR(AVERAGE(AF227,AD227),"A") -> A | AO227: =IFERROR(AVERAGE(AJ227,AK227,AL227,AM227),"A") -> A | AU227: =IFERROR(AVERAGE(AR227,AQ227,AP227),"A") -> A | AX227: 4 | AY227: 2 | AZ227: 2 | BA227: =IFERROR(AVERAGE(AX227,AY227,AZ227),"A") -> 2.6666667
A228: 226 | B228: 2024JULB00270 | C228: Rahul Gupta | D228: Male | E228: D | K228: =IFERROR(AVERAGE(F228,G228,H228,I228),"A") -> A | L228: 3 | N228: 3 | O228: 3 | Q228: =IFERROR(AVERAGE(N228,L228,O228),"A") -> 3 | W228: =IFERROR(AVERAGE(R228,S228,U228),"A") -> A | AC228: =IFERROR(AVERAGE(Y228,X228),"A") -> A | AI228: =IFERROR(AVERAGE(AF228,AD228),"A") -> A | AO228: =IFERROR(AVERAGE(AJ228,AK228,AL228,AM228),"A") -> A | AU228: =IFERROR(AVERAGE(AR228,AQ228,AP228),"A") -> A | AX228: 4 | AY228: 2 | AZ228: 3 | BA228: =IFERROR(AVERAGE(AX228,AY228,AZ228),"A") -> 3
A229: 227 | B229: 2024JULB00272 | C229: Vikash Kumar | D229: Male | E229: D | K229: =IFERROR(AVERAGE(F229,G229,H229,I229),"A") -> A | L229: 4 | N229: 4 | O229: 4 | Q229: =IFERROR(AVERAGE(N229,L229,O229),"A") -> 4 | W229: =IFERROR(AVERAGE(R229,S229,U229),"A") -> A | AC229: =IFERROR(AVERAGE(Y229,X229),"A") -> A | AI229: =IFERROR(AVERAGE(AF229,AD229),"A") -> A | AO229: =IFERROR(AVERAGE(AJ229,AK229,AL229,AM229),"A") -> A | AU229: =IFERROR(AVERAGE(AR229,AQ229,AP229),"A") -> A | AX229: 4 | AY229: 2 | AZ229: 4 | BA229: =IFERROR(AVERAGE(AX229,AY229,AZ229),"A") -> 3.3333333
A230: 228 | B230: 2024JULB00273 | C230: Harshit Gopawat | D230: MAle | E230: D | K230: =IFERROR(AVERAGE(F230,G230,H230,I230),"A") -> A | L230: 3 | N230: 2 | O230: 2 | Q230: =IFERROR(AVERAGE(N230,L230,O230),"A") -> 2.3333333 | W230: =IFERROR(AVERAGE(R230,S230,U230),"A") -> A | AC230: =IFERROR(AVERAGE(Y230,X230),"A") -> A | AI230: =IFERROR(AVERAGE(AF230,AD230),"A") -> A | AO230: =IFERROR(AVERAGE(AJ230,AK230,AL230,AM230),"A") -> A | AU230: =IFERROR(AVERAGE(AR230,AQ230,AP230),"A") -> A | AX230: 4 | AY230: 2 | AZ230: 2 | BA230: =IFERROR(AVERAGE(AX230,AY230,AZ230),"A") -> 2.6666667

Sheet Reflection -3
A1: Sr# | B1: Roll Number | C1: Name | D1: Gender | E1: Section | F1: Analytical & Critical Thinking ( A ) | K1: Total | L1: Communication ( C ) | Q1: Total | R1: Empathy ( E ) | W1: Total | X1: Leadership( L ) | AC1: Total | AD1: Negotiation ( N ) | AI1: Total | AJ1: Problem Solving ( P ) | AO1: Total | AP1: Team Work ( T) | AU1: Total | AV1: Discipline | BA1: Total
F2: A 1 | G2: A 2 | H2: A 3 | I2: A 4 | J2: A 5 | L2: C 1 | M2: C 2 | N2: C 3 | O2: C 4 | P2: C 5 | R2: E 1 | S2: E 2 | T2: E 3 | U2: E 4 | V2: E 5 | X2: L 1 | Y2: L 2 | Z2: L 3 | AA2: L 4 | AB2: L 5 | AD2: N 1 | AE2: N 2 | AF2: N 3 | AG2: N 4 | AH2: N 5 | AJ2: P 1 | AK2: P 2 | AL2: P 3 | AM2: P 4 | AN2: P 5 | AP2: T 1 | AQ2: T 2 | AR2: T 3 | AS2: T 4 | AT2: T 5 | AV2: D 1 | AW2: D 2 | AX2: D 3 | AY2: D 4 | AZ2: D 5
A3: 1 | B3: 2024JULB00001 | C3: A Divya Sree | D3: Female | E3: A | K3: =IFERROR(AVERAGE(F3,G3,H3,I3),"A") -> A | L3: 0 | N3: 0 | O3: 0 | Q3: =IFERROR(AVERAGE(N3,L3,O3),"A") -> 0 | W3: =IFERROR(AVERAGE(R3,S3,U3),"A") -> A | AC3: =IFERROR(AVERAGE(Y3,X3),"A") -> A | AI3: =IFERROR(AVERAGE(AF3,AD3),"A") -> A | AO3: =IFERROR(AVERAGE(AJ3,AK3,AL3,AM3),"A") -> A | AU3: =IFERROR(AVERAGE(AR3,AQ3,AP3),"A") -> A | AX3: 0 | AY3: 0 | AZ3: 0 | BA3: =IFERROR(AVERAGE(AX3,AY3,AZ3),"A") -> 0 | BC3: =IFERROR(VLOOKUP(B3,'[1]Reflection -1 '!$B$4:$I$231,9,FALSE),"ER") -> ER
A4: 2 | B4: 2024JULB00002 | C4: Aaditya K | D4: Male | E4: A | K4: =IFERROR(AVERAGE(F4,G4,H4,I4),"A") -> A | L4: 4 | N4: 3 | O4: 3 | Q4: =IFERROR(AVERAGE(N4,L4,O4),"A") -> 3.3333333 | W4: =IFERROR(AVERAGE(R4,S4,U4),"A") -> A | AC4: =IFERROR(AVERAGE(Y4,X4),"A") -> A | AI4: =IFERROR(AVERAGE(AF4,AD4),"A") -> A | AO4: =IFERROR(AVERAGE(AJ4,AK4,AL4,AM4),"A") -> A | AU4: =IFERROR(AVERAGE(AR4,AQ4,AP4),"A") -> A | AX4: 5 | AY4: 0 | AZ4: 4 | BA4: =IFERROR(AVERAGE(AX4,AY4,AZ4),"A") -> 3
A5: 3 | B5: 2024JULB00003 | C5: Aanchal Sapra | D5: Female | E5: A | K5: =IFERROR(AVERAGE(F5,G5,H5,I5),"A") -> A | L5: 3 | N5: 3 | O5: 1 | Q5: =IFERROR(AVERAGE(N5,L5,O5),"A") -> 2.3333333 | W5: =IFERROR(AVERAGE(R5,S5,U5),"A") -> A | AC5: =IFERROR(AVERAGE(Y5,X5),"A") -> A | AI5: =IFERROR(AVERAGE(AF5,AD5),"A") -> A | AO5: =IFERROR(AVERAGE(AJ5,AK5,AL5,AM5),"A") -> A | AU5: =IFERROR(AVERAGE(AR5,AQ5,AP5),"A") -> A | AX5: 5 | AY5: 0 | AZ5: 1 | BA5: =IFERROR(AVERAGE(AX5,AY5,AZ5),"A") -> 2
A6: 4 | B6: 2024JULB00004 | C6: Abhinav B | D6: Male | E6: A | K6: =IFERROR(AVERAGE(F6,G6,H6,I6),"A") -> A | L6: 3 | N6: 3 | O6: 3 | Q6: =IFERROR(AVERAGE(N6,L6,O6),"A") -> 3 | W6: =IFERROR(AVERAGE(R6,S6,U6),"A") -> A | AC6: =IFERROR(AVERAGE(Y6,X6),"A") -> A | AI6: =IFERROR(AVERAGE(AF6,AD6),"A") -> A | AO6: =IFERROR(AVERAGE(AJ6,AK6,AL6,AM6),"A") -> A | AU6: =IFERROR(AVERAGE(AR6,AQ6,AP6),"A") -> A | AX6: 5 | AY6: 0 | AZ6: 3 | BA6: =IFERROR(AVERAGE(AX6,AY6,AZ6),"A") -> 2.6666667
A7: 5 | B7: 2024JULB00005 | C7: Abhirup Choudhury | D7: Male | E7: D | K7: =IFERROR(AVERAGE(F7,G7,H7,I7),"A") -> A | L7: 2 | N7: 2 | O7: 2 | Q7: =IFERROR(AVERAGE(N7,L7,O7),"A") -> 2 | W7: =IFERROR(AVERAGE(R7,S7,U7),"A") -> A | AC7: =IFERROR(AVERAGE(Y7,X7),"A") -> A | AI7: =IFERROR(AVERAGE(AF7,AD7),"A") -> A | AO7: =IFERROR(AVERAGE(AJ7,AK7,AL7,AM7),"A") -> A | AU7: =IFERROR(AVERAGE(AR7,AQ7,AP7),"A") -> A | AX7: 2 | AY7: 2 | AZ7: 2 | BA7: =IFERROR(AVERAGE(AX7,AY7,AZ7),"A") -> 2
A8: 6 | B8: 2024JULB00006 | C8: Abhyuday Tripathi | D8: Male | E8: A | K8: =IFERROR(AVERAGE(F8,G8,H8,I8),"A") -> A | L8: 2 | N8: 2 | O8: 2 | Q8: =IFERROR(AVERAGE(N8,L8,O8),"A") -> 2 | W8: =IFERROR(AVERAGE(R8,S8,U8),"A") -> A | AC8: =IFERROR(AVERAGE(Y8,X8),"A") -> A | AI8: =IFERROR(AVERAGE(AF8,AD8),"A") -> A | AO8: =IFERROR(AVERAGE(AJ8,AK8,AL8,AM8),"A") -> A | AU8: =IFERROR(AVERAGE(AR8,AQ8,AP8),"A") -> A | AX8: 5 | AY8: 0 | AZ8: 2 | BA8: =IFERROR(AVERAGE(AX8,AY8,AZ8),"A") -> 2.3333333
A9: 7 | B9: 2024JULB00007 | C9: Adarsh G | D9: Male | E9: A | K9: =IFERROR(AVERAGE(F9,G9,H9,I9),"A") -> A | L9: 0 | N9: 0 | O9: 0 | Q9: =IFERROR(AVERAGE(N9,L9,O9),"A") -> 0 | W9: =IFERROR(AVERAGE(R9,S9,U9),"A") -> A | AC9: =IFERROR(AVERAGE(Y9,X9),"A") -> A | AI9: =IFERROR(AVERAGE(AF9,AD9),"A") -> A | AO9: =IFERROR(AVERAGE(AJ9,AK9,AL9,AM9),"A") -> A | AU9: =IFERROR(AVERAGE(AR9,AQ9,AP9),"A") -> A | AX9: 0 | AY9: 0 | AZ9: 0 | BA9: =IFERROR(AVERAGE(AX9,AY9,AZ9),"A") -> 0
A10: 8 | B10: 2024JULB00008 | C10: Adarsh Raj Barman | D10: Male | E10: C | K10: =IFERROR(AVERAGE(F10,G10,H10,I10),"A") -> A | L10: 2 | N10: 2 | O10: 2 | Q10: =IFERROR(AVERAGE(N10,L10,O10),"A") -> 2 | W10: =IFERROR(AVERAGE(R10,S10,U10),"A") -> A | AC10: =IFERROR(AVERAGE(Y10,X10),"A") -> A | AI10: =IFERROR(AVERAGE(AF10,AD10),"A") -> A | AO10: =IFERROR(AVERAGE(AJ10,AK10,AL10,AM10),"A") -> A | AU10: =IFERROR(AVERAGE(AR10,AQ10,AP10),"A") -> A | AX10: 2 | AY10: 2 | AZ10: 2 | BA10: =IFERROR(AVERAGE(AX10,AY10,AZ10),"A") -> 2
A11: 9 | B11: 2024JULB00009 | C11: Aditi Kumari | D11: Female | E11: A | K11: =IFERROR(AVERAGE(F11,G11,H11,I11),"A") -> A | L11: 3 | N11: 2 | O11: 3 | Q11: =IFERROR(AVERAGE(N11,L11,O11),"A") -> 2.6666667 | W11: =IFERROR(AVERAGE(R11,S11,U11),"A") -> A | AC11: =IFERROR(AVERAGE(Y11,X11),"A") -> A | AI11: =IFERROR(AVERAGE(AF11,AD11),"A") -> A | AO11: =IFERROR(AVERAGE(AJ11,AK11,AL11,AM11),"A") -> A | AU11: =IFERROR(AVERAGE(AR11,AQ11,AP11),"A") -> A | AX11: 5 | AY11: 0 | AZ11: 3 | BA11: =IFERROR(AVERAGE(AX11,AY11,AZ11),"A") -> 2.6666667
A12: 10 | B12: 2024JULB00012 | C12: Akarsh Narain | D12: Male | E12: A | K12: =IFERROR(AVERAGE(F12,G12,H12,I12),"A") -> A | L12: 0 | N12: 0 | O12: 0 | Q12: =IFERROR(AVERAGE(N12,L12,O12),"A") -> 0 | W12: =IFERROR(AVERAGE(R12,S12,U12),"A") -> A | AC12: =IFERROR(AVERAGE(Y12,X12),"A") -> A | AI12: =IFERROR(AVERAGE(AF12,AD12),"A") -> A | AO12: =IFERROR(AVERAGE(AJ12,AK12,AL12,AM12),"A") -> A | AU12: =IFERROR(AVERAGE(AR12,AQ12,AP12),"A") -> A | AX12: 0 | AY12: 0 | AZ12: 0 | BA12: =IFERROR(AVERAGE(AX12,AY12,AZ12),"A") -> 0
A13: 11 | B13: 2024JULB00013 | C13: Akshat Singh | D13: Male | E13: B | K13: =IFERROR(AVERAGE(F13,G13,H13,I13),"A") -> A | L13: 0 | N13: 0 | O13: 0 | Q13: =IFERROR(AVERAGE(N13,L13,O13),"A") -> 0 | W13: =IFERROR(AVERAGE(R13,S13,U13),"A") -> A | AC13: =IFERROR(AVERAGE(Y13,X13),"A") -> A | AI13: =IFERROR(AVERAGE(AF13,AD13),"A") -> A | AO13: =IFERROR(AVERAGE(AJ13,AK13,AL13,AM13),"A") -> A | AU13: =IFERROR(AVERAGE(AR13,AQ13,AP13),"A") -> A | AX13: 0 | AY13: 0 | AZ13: 0 | BA13: =IFERROR(AVERAGE(AX13,AY13,AZ13),"A") -> 0
A14: 12 | B14: 2024JULB00014 | C14: Amal Shibu Balan | D14: Male | E14: B | K14: =IFERROR(AVERAGE(F14,G14,H14,I14),"A") -> A | L14: 4 | N14: 3 | O14: 3 | Q14: =IFERROR(AVERAGE(N14,L14,O14),"A") -> 3.3333333 | W14: =IFERROR(AVERAGE(R14,S14,U14),"A") -> A | AC14: =IFERROR(AVERAGE(Y14,X14),"A") -> A | AI14: =IFERROR(AVERAGE(AF14,AD14),"A") -> A | AO14: =IFERROR(AVERAGE(AJ14,AK14,AL14,AM14),"A") -> A | AU14: =IFERROR(AVERAGE(AR14,AQ14,AP14),"A") -> A | AX14: 5 | AY14: 0 | AZ14: 4 | BA14: =IFERROR(AVERAGE(AX14,AY14,AZ14),"A") -> 3
A15: 13 | B15: 2024JULB00017 | C15: Anamitra Dutta | D15: Male | E15: A | K15: =IFERROR(AVERAGE(F15,G15,H15,I15),"A") -> A | L15: 3 | N15: 3 | O15: 3 | Q15: =IFERROR(AVERAGE(N15,L15,O15),"A") -> 3 | W15: =IFERROR(AVERAGE(R15,S15,U15),"A") -> A | AC15: =IFERROR(AVERAGE(Y15,X15),"A") -> A | AI15: =IFERROR(AVERAGE(AF15,AD15),"A") -> A | AO15: =IFERROR(AVERAGE(AJ15,AK15,AL15,AM15),"A") -> A | AU15: =IFERROR(AVERAGE(AR15,AQ15,AP15),"A") -> A | AX15: 5 | AY15: 0 | AZ15: 3 | BA15: =IFERROR(AVERAGE(AX15,AY15,AZ15),"A") -> 2.6666667
... A212: 210 | B212: 2024JULB00253 | C212: Pritam RajuShet | D212: Male | E212: D | K212: =IFERROR(AVERAGE(F212,G212,H212,I212),"A") -> A | L212: 3 | N212: 4 | O212: 4 | Q212: =IFERROR(AVERAGE(N212,L212,O212),"A") -> 3.6666667 | W212: =IFERROR(AVERAGE(R212,S212,U212),"A") -> A | AC212: =IFERROR(AVERAGE(Y212,X212),"A") -> A | AI212: =IFERROR(AVERAGE(AF212,AD212),"A") -> A | AO212: =IFERROR(AVERAGE(AJ212,AK212,AL212,AM212),"A") -> A | AU212: =IFERROR(AVERAGE(AR212,AQ212,AP212),"A") -> A | AX212: 4 | AY212: 2 | AZ212: 4 | BA212: =IFERROR(AVERAGE(AX212,AY212,AZ212),"A") -> 3.3333333
A213: 211 | B213: 2024JULB00254 | C213: Reshu Sharma | D213: Female | E213: D | K213: =IFERROR(AVERAGE(F213,G213,H213,I213),"A") -> A | L213: 0 | N213: 0 | O213: 0 | Q213: =IFERROR(AVERAGE(N213,L213,O213),"A") -> A | W213: =IFERROR(AVERAGE(R213,S213,U213),"A") -> A | AC213: =IFERROR(AVERAGE(Y213,X213),"A") -> A | AI213: =IFERROR(AVERAGE(AF213,AD213),"A") -> A | AO213: =IFERROR(AVERAGE(AJ213,AK213,AL213,AM213),"A") -> A | AU213: =IFERROR(AVERAGE(AR213,AQ213,AP213),"A") -> A | AX213: 0 | AY213: 0 | AZ213: 0 | BA213: =IFERROR(AVERAGE(AX213,AY213,AZ213),"A") -> A
A214: 212 | B214: 2024JULB00255 | C214: Saisrita Rao | D214: Female | E214: D | K214: =IFERROR(AVERAGE(F214,G214,H214,I214),"A") -> A | L214: 2 | N214: 2 | O214: 2 | Q214: =IFERROR(AVERAGE(N214,L214,O214),"A") -> 2 | W214: =IFERROR(AVERAGE(R214,S214,U214),"A") -> A | AC214: =IFERROR(AVERAGE(Y214,X214),"A") -> A | AI214: =IFERROR(AVERAGE(AF214,AD214),"A") -> A | AO214: =IFERROR(AVERAGE(AJ214,AK214,AL214,AM214),"A") -> A | AU214: =IFERROR(AVERAGE(AR214,AQ214,AP214),"A") -> A | AX214: 2 | AY214: 2 | AZ214: 2 | BA214: =IFERROR(AVERAGE(AX214,AY214,AZ214),"A") -> 2
A215: 213 | B215: 2024JULB00256 | C215: Riya Kumari | D215: Female | E215: D | K215: =IFERROR(AVERAGE(F215,G215,H215,I215),"A") -> A | L215: 2 | N215: 2 | O215: 1 | Q215: =IFERROR(AVERAGE(N215,L215,O215),"A") -> 1.6666667 | W215: =IFERROR(AVERAGE(R215,S215,U215),"A") -> A | AC215: =IFERROR(AVERAGE(Y215,X215),"A") -> A | AI215: =IFERROR(AVERAGE(AF215,AD215),"A") -> A | AO215: =IFERROR(AVERAGE(AJ215,AK215,AL215,AM215),"A") -> A | AU215: =IFERROR(AVERAGE(AR215,AQ215,AP215),"A") -> A | AX215: 4 | AY215: 2 | AZ215: 1 | BA215: =IFERROR(AVERAGE(AX215,AY215,AZ215),"A") -> 2.3333333
A216: 214 | B216: 2024JULB00257 | C216: Saurav Singh | D216: Male | E216: D | K216: =IFERROR(AVERAGE(F216,G216,H216,I216),"A") -> A | L216: 2 | N216: 2 | O216: 1 | Q216: =IFERROR(AVERAGE(N216,L216,O216),"A") -> 1.6666667 | W216: =IFERROR(AVERAGE(R216,S216,U216),"A") -> A | AC216: =IFERROR(AVERAGE(Y216,X216),"A") -> A | AI216: =IFERROR(AVERAGE(AF216,AD216),"A") -> A | AO216: =IFERROR(AVERAGE(AJ216,AK216,AL216,AM216),"A") -> A | AU216: =IFERROR(AVERAGE(AR216,AQ216,AP216),"A") -> A | AX216: 4 | AY216: 2 | AZ216: 1 | BA216: =IFERROR(AVERAGE(AX216,AY216,AZ216),"A") -> 2.3333333
A217: 215 | B217: 2024JULB00258 | C217: Animesh Tiwari | D217: Male | E217: D | K217: =IFERROR(AVERAGE(F217,G217,H217,I217),"A") -> A | L217: 2 | N217: 2 | O217: 2 | Q217: =IFERROR(AVERAGE(N217,L217,O217),"A") -> 2 | W217: =IFERROR(AVERAGE(R217,S217,U217),"A") -> A | AC217: =IFERROR(AVERAGE(Y217,X217),"A") -> A | AI217: =IFERROR(AVERAGE(AF217,AD217),"A") -> A | AO217: =IFERROR(AVERAGE(AJ217,AK217,AL217,AM217),"A") -> A | AU217: =IFERROR(AVERAGE(AR217,AQ217,AP217),"A") -> A | AX217: 2 | AY217: 2 | AZ217: 2 | BA217: =IFERROR(AVERAGE(AX217,AY217,AZ217),"A") -> 2
A218: 216 | B218: 2024JULB00260 | C218: Vishal Durga RaoGandu | D218: Male | E218: D | K218: =IFERROR(AVERAGE(F218,G218,H218,I218),"A") -> A | L218: 2 | N218: 2 | O218: 2 | Q218: =IFERROR(AVERAGE(N218,L218,O218),"A") -> 2 | W218: =IFERROR(AVERAGE(R218,S218,U218),"A") -> A | AC218: =IFERROR(AVERAGE(Y218,X218),"A") -> A | AI218: =IFERROR(AVERAGE(AF218,AD218),"A") -> A | AO218: =IFERROR(AVERAGE(AJ218,AK218,AL218,AM218),"A") -> A | AU218: =IFERROR(AVERAGE(AR218,AQ218,AP218),"A") -> A | AX218: 2 | AY218: 2 | AZ218: 2 | BA218: =IFERROR(AVERAGE(AX218,AY218,AZ218),"A") -> 2
A219: 217 | B219: 2024JULB00261 | C219: Ananya Raj | D219: Female | E219: D | K219: =IFERROR(AVERAGE(F219,G219,H219,I219),"A") -> A | L219: 3 | N219: 3 | O219: 2 | Q219: =IFERROR(AVERAGE(N219,L219,O219),"A") -> 2.6666667 | W219: =IFERROR(AVERAGE(R219,S219,U219),"A") -> A | AC219: =IFERROR(AVERAGE(Y219,X219),"A") -> A | AI219: =IFERROR(AVERAGE(AF219,AD219),"A") -> A | AO219: =IFERROR(AVERAGE(AJ219,AK219,AL219,AM219),"A") -> A | AU219: =IFERROR(AVERAGE(AR219,AQ219,AP219),"A") -> A | AX219: 4 | AY219: 2 | AZ219: 2 | BA219: =IFERROR(AVERAGE(AX219,AY219,AZ219),"A") -> 2.6666667
A220: 218 | B220: 2024JULB00262 | C220: Aman Kumar | D220: Male | E220: D | K220: =IFERROR(AVERAGE(F220,G220,H220,I220),"A") -> A | L220: 4 | N220: 4 | O220: 4 | Q220: =IFERROR(AVERAGE(N220,L220,O220),"A") -> 4 | W220: =IFERROR(AVERAGE(R220,S220,U220),"A") -> A | AC220: =IFERROR(AVERAGE(Y220,X220),"A") -> A | AI220: =IFERROR(AVERAGE(AF220,AD220),"A") -> A | AO220: =IFERROR(AVERAGE(AJ220,AK220,AL220,AM220),"A") -> A | AU220: =IFERROR(AVERAGE(AR220,AQ220,AP220),"A") -> A | AX220: 4 | AY220: 2 | AZ220: 4 | BA220: =IFERROR(AVERAGE(AX220,AY220,AZ220),"A") -> 3.3333333
A221: 219 | B221: 2024JULB00263 | C221: Soumya Roy | D221: Male | E221: D | K221: =IFERROR(AVERAGE(F221,G221,H221,I221),"A") -> A | L221: 2 | N221: 2 | O221: 1 | Q221: =IFERROR(AVERAGE(N221,L221,O221),"A") -> 1.6666667 | W221: =IFERROR(AVERAGE(R221,S221,U221),"A") -> A | AC221: =IFERROR(AVERAGE(Y221,X221),"A") -> A | AI221: =IFERROR(AVERAGE(AF221,AD221),"A") -> A | AO221: =IFERROR(AVERAGE(AJ221,AK221,AL221,AM221),"A") -> A | AU221: =IFERROR(AVERAGE(AR221,AQ221,AP221),"A") -> A | AX221: 4 | AY221: 2 | AZ221: 1 | BA221: =IFERROR(AVERAGE(AX221,AY221,AZ221),"A") -> 2.3333333
A222: 220 | B222: 2024JULB00264 | C222: Nikita Sehgal | D222: Female | E222: D | K222: =IFERROR(AVERAGE(F222,G222,H222,I222),"A") -> A | L222: 0 | N222: 0 | O222: 0 | Q222: =IFERROR(AVERAGE(N222,L222,O222),"A") -> A | W222: =IFERROR(AVERAGE(R222,S222,U222),"A") -> A | AC222: =IFERROR(AVERAGE(Y222,X222),"A") -> A | AI222: =IFERROR(AVERAGE(AF222,AD222),"A") -> A | AO222: =IFERROR(AVERAGE(AJ222,AK222,AL222,AM222),"A") -> A | AU222: =IFERROR(AVERAGE(AR222,AQ222,AP222),"A") -> A | AX222: 0 | AY222: 0 | AZ222: 0 | BA222: =IFERROR(AVERAGE(AX222,AY222,AZ222),"A") -> A
A223: 221 | B223: 2024JULB00265 | C223: Srijan Dobhal | D223: Male | E223: D | K223: =IFERROR(AVERAGE(F223,G223,H223,I223),"A") -> A | L223: 4 | N223: 4 | O223: 4 | Q223: =IFERROR(AVERAGE(N223,L223,O223),"A") -> 4 | W223: =IFERROR(AVERAGE(R223,S223,U223),"A") -> A | AC223: =IFERROR(AVERAGE(Y223,X223),"A") -> A | AI223: =IFERROR(AVERAGE(AF223,AD223),"A") -> A | AO223: =IFERROR(AVERAGE(AJ223,AK223,AL223,AM223),"A") -> A | AU223: =IFERROR(AVERAGE(AR223,AQ223,AP223),"A") -> A | AX223: 4 | AY223: 2 | AZ223: 4 | BA223: =IFERROR(AVERAGE(AX223,AY223,AZ223),"A") -> 3.3333333
A224: 222 | B224: 2024JULB00266 | C224: Musaddik Kurundwad | D224: Male | E224: D | K224: =IFERROR(AVERAGE(F224,G224,H224,I224),"A") -> A | L224: 4 | N224: 4 | O224: 4 | Q224: =IFERROR(AVERAGE(N224,L224,O224),"A") -> 4 | W224: =IFERROR(AVERAGE(R224,S224,U224),"A") -> A | AC224: =IFERROR(AVERAGE(Y224,X224),"A") -> A | AI224: =IFERROR(AVERAGE(AF224,AD224),"A") -> A | AO224: =IFERROR(AVERAGE(AJ224,AK224,AL224,AM224),"A") -> A | AU224: =IFERROR(AVERAGE(AR224,AQ224,AP224),"A") -> A | AX224: 4 | AY224: 2 | AZ224: 4 | BA224: =IFERROR(AVERAGE(AX224,AY224,AZ224),"A") -> 3.3333333
A225: 223 | B225: 2024JULB00267 | C225: Kushal Raj | D225: Male | E225: D | K225: =IFERROR(AVERAGE(F225,G225,H225,I225),"A") -> A | L225: 4 | N225: 3 | O225: 3 | Q225: =IFERROR(AVERAGE(N225,L225,O225),"A") -> 3.3333333 | W225: =IFERROR(AVERAGE(R225,S225,U225),"A") -> A | AC225: =IFERROR(AVERAGE(Y225,X225),"A") -> A | AI225: =IFERROR(AVERAGE(AF225,AD225),"A") -> A | AO225: =IFERROR(AVERAGE(AJ225,AK225,AL225,AM225),"A") -> A | AU225: =IFERROR(AVERAGE(AR225,AQ225,AP225),"A") -> A | AX225: 4 | AY225: 2 | AZ225: 3 | BA225: =IFERROR(AVERAGE(AX225,AY225,AZ225),"A") -> 3
A226: 224 | B226: 2024JULB00268 | C226: Soumya | D226: Male | E226: D | K226: =IFERROR(AVERAGE(F226,G226,H226,I226),"A") -> A | L226: 3 | N226: 3 | O226: 2 | Q226: =IFERROR(AVERAGE(N226,L226,O226),"A") -> 2.6666667 | W226: =IFERROR(AVERAGE(R226,S226,U226),"A") -> A | AC226: =IFERROR(AVERAGE(Y226,X226),"A") -> A | AI226: =IFERROR(AVERAGE(AF226,AD226),"A") -> A | AO226: =IFERROR(AVERAGE(AJ226,AK226,AL226,AM226),"A") -> A | AU226: =IFERROR(AVERAGE(AR226,AQ226,AP226),"A") -> A | AX226: 4 | AY226: 2 | AZ226: 2 | BA226: =IFERROR(AVERAGE(AX226,AY226,AZ226),"A") -> 2.6666667
A227: 225 | B227: 2024JULB00269 | C227: Vrijendra Balaji | D227: Male | E227: D | K227: =IFERROR(AVERAGE(F227,G227,H227,I227),"A") -> A | L227: 2 | N227: 2 | O227: 2 | Q227: =IFERROR(AVERAGE(N227,L227,O227),"A") -> 2 | W227: =IFERROR(AVERAGE(R227,S227,U227),"A") -> A | AC227: =IFERROR(AVERAGE(Y227,X227),"A") -> A | AI227: =IFERROR(AVERAGE(AF227,AD227),"A") -> A | AO227: =IFERROR(AVERAGE(AJ227,AK227,AL227,AM227),"A") -> A | AU227: =IFERROR(AVERAGE(AR227,AQ227,AP227),"A") -> A | AX227: 2 | AY227: 2 | AZ227: 2 | BA227: =IFERROR(AVERAGE(AX227,AY227,AZ227),"A") -> 2
A228: 226 | B228: 2024JULB00270 | C228: Rahul Gupta | D228: Male | E228: D | K228: =IFERROR(AVERAGE(F228,G228,H228,I228),"A") -> A | L228: 3 | N228: 3 | O228: 3 | Q228: =IFERROR(AVERAGE(N228,L228,O228),"A") -> 3 | W228: =IFERROR(AVERAGE(R228,S228,U228),"A") -> A | AC228: =IFERROR(AVERAGE(Y228,X228),"A") -> A | AI228: =IFERROR(AVERAGE(AF228,AD228),"A") -> A | AO228: =IFERROR(AVERAGE(AJ228,AK228,AL228,AM228),"A") -> A | AU228: =IFERROR(AVERAGE(AR228,AQ228,AP228),"A") -> A | AX228: 4 | AY228: 2 | AZ228: 3 | BA228: =IFERROR(AVERAGE(AX228,AY228,AZ228),"A") -> 3
A229: 227 | B229: 2024JULB00272 | C229: Vikash Kumar | D229: Male | E229: D | K229: =IFERROR(AVERAGE(F229,G229,H229,I229),"A") -> A | L229: 4 | N229: 4 | O229: 4 | Q229: =IFERROR(AVERAGE(N229,L229,O229),"A") -> 4 | W229: =IFERROR(AVERAGE(R229,S229,U229),"A") -> A | AC229: =IFERROR(AVERAGE(Y229,X229),"A") -> A | AI229: =IFERROR(AVERAGE(AF229,AD229),"A") -> A | AO229: =IFERROR(AVERAGE(AJ229,AK229,AL229,AM229),"A") -> A | AU229: =IFERROR(AVERAGE(AR229,AQ229,AP229),"A") -> A | AX229: 4 | AY229: 2 | AZ229: 4 | BA229: =IFERROR(AVERAGE(AX229,AY229,AZ229),"A") -> 3.3333333
A230: 228 | B230: 2024JULB00273 | C230: Harshit Gopawat | D230: MAle | E230: D | K230: =IFERROR(AVERAGE(F230,G230,H230,I230),"A") -> A | L230: 3 | N230: 3 | O230: 3 | Q230: =IFERROR(AVERAGE(N230,L230,O230),"A") -> 3 | W230: =IFERROR(AVERAGE(R230,S230,U230),"A") -> A | AC230: =IFERROR(AVERAGE(Y230,X230),"A") -> A | AI230: =IFERROR(AVERAGE(AF230,AD230),"A") -> A | AO230: =IFERROR(AVERAGE(AJ230,AK230,AL230,AM230),"A") -> A | AU230: =IFERROR(AVERAGE(AR230,AQ230,AP230),"A") -> A | AX230: 4 | AY230: 2 | AZ230: 3 | BA230: =IFERROR(AVERAGE(AX230,AY230,AZ230),"A") -> 3

Sheet Reflection -4
A1: Sr# | B1: Roll Number | C1: Name | D1: Gender | E1: Section | F1: Analytical & Critical Thinking ( A ) | K1: Total | L1: Communication ( C ) | Q1: Total | R1: Empathy ( E ) | W1: Total | X1: Leadership( L ) | AC1: Total | AD1: Negotiation ( N ) | AI1: Total | AJ1: Problem Solving ( P ) | AO1: Total | AP1: Team Work ( T) | AU1: Total | AV1: Discipline | BA1: Total
F2: A 1 | G2: A 2 | H2: A 3 | I2: A 4 | J2: A 5 | L2: C 1 | M2: C 2 | N2: C 3 | O2: C 4 | P2: C 5 | R2: E 1 | S2: E 2 | T2: E 3 | U2: E 4 | V2: E 5 | X2: L 1 | Y2: L 2 | Z2: L 3 | AA2: L 4 | AB2: L 5 | AD2: N 1 | AE2: N 2 | AF2: N 3 | AG2: N 4 | AH2: N 5 | AJ2: P 1 | AK2: P 2 | AL2: P 3 | AM2: P 4 | AN2: P 5 | AP2: T 1 | AQ2: T 2 | AR2: T 3 | AS2: T 4 | AT2: T 5 | AV2: D 1 | AW2: D 2 | AX2: D 3 | AY2: D 4 | AZ2: D 5
A3: 1 | B3: 2024JULB00001 | C3: A Divya Sree | D3: Female | E3: A | K3: =IFERROR(AVERAGE(F3,G3,H3,I3),"A") -> A | L3: 0 | N3: 0 | O3: 0 | Q3: =IFERROR(AVERAGE(N3,L3,O3),"A") -> 0 | W3: =IFERROR(AVERAGE(R3,S3,U3),"A") -> A | AC3: =IFERROR(AVERAGE(Y3,X3),"A") -> A | AI3: =IFERROR(AVERAGE(AF3,AD3),"A") -> A | AO3: =IFERROR(AVERAGE(AJ3,AK3,AL3,AM3),"A") -> A | AU3: =IFERROR(AVERAGE(AR3,AQ3,AP3),"A") -> A | AX3: 0 | AY3: 0 | AZ3: 0 | BA3: =IFERROR(AVERAGE(AX3,AY3,AZ3),"A") -> 0 | BC3: =IFERROR(VLOOKUP(B3,'[1]Reflection -1 '!$B$4:$I$231,9,FALSE),"ER") -> ER
A4: 2 | B4: 2024JULB00002 | C4: Aaditya K | D4: Male | E4: A | K4: =IFERROR(AVERAGE(F4,G4,H4,I4),"A") -> A | L4: 0 | N4: 0 | O4: 0 | Q4: =IFERROR(AVERAGE(N4,L4,O4),"A") -> 0 | W4: =IFERROR(AVERAGE(R4,S4,U4),"A") -> A | AC4: =IFERROR(AVERAGE(Y4,X4),"A") -> A | AI4: =IFERROR(AVERAGE(AF4,AD4),"A") -> A | AO4: =IFERROR(AVERAGE(AJ4,AK4,AL4,AM4),"A") -> A | AU4: =IFERROR(AVERAGE(AR4,AQ4,AP4),"A") -> A | AX4: 0 | AY4: 0 | AZ4: 0 | BA4: =IFERROR(AVERAGE(AX4,AY4,AZ4),"A") -> 0
A5: 3 | B5: 2024JULB00003 | C5: Aanchal Sapra | D5: Female | E5: A | K5: =IFERROR(AVERAGE(F5,G5,H5,I5),"A") -> A | L5: 3 | N5: 2 | O5: 2 | Q5: =IFERROR(AVERAGE(N5,L5,O5),"A") -> 2.3333333 | W5: =IFERROR(AVERAGE(R5,S5,U5),"A") -> A | AC5: =IFERROR(AVERAGE(Y5,X5),"A") -> A | AI5: =IFERROR(AVERAGE(AF5,AD5),"A") -> A | AO5: =IFERROR(AVERAGE(AJ5,AK5,AL5,AM5),"A") -> A | AU5: =IFERROR(AVERAGE(AR5,AQ5,AP5),"A") -> A | AX5: 5 | AY5: 0 | AZ5: 2 | BA5: =IFERROR(AVERAGE(AX5,AY5,AZ5),"A") -> 2.3333333
A6: 4 | B6: 2024JULB00004 | C6: Abhinav B | D6: Male | E6: A | K6: =IFERROR(AVERAGE(F6,G6,H6,I6),"A") -> A | L6: 0 | N6: 0 | O6: 0 | Q6: =IFERROR(AVERAGE(N6,L6,O6),"A") -> 0 | W6: =IFERROR(AVERAGE(R6,S6,U6),"A") -> A | AC6: =IFERROR(AVERAGE(Y6,X6),"A") -> A | AI6: =IFERROR(AVERAGE(AF6,AD6),"A") -> A | AO6: =IFERROR(AVERAGE(AJ6,AK6,AL6,AM6),"A") -> A | AU6: =IFERROR(AVERAGE(AR6,AQ6,AP6),"A") -> A | AX6: 0 | AY6: 0 | AZ6: 0 | BA6: =IFERROR(AVERAGE(AX6,AY6,AZ6),"A") -> 0
A7: 5 | B7: 2024JULB00005 | C7: Abhirup Choudhury | D7: Male | E7: D | K7: =IFERROR(AVERAGE(F7,G7,H7,I7),"A") -> A | L7: 2 | N7: 2 | O7: 2 | Q7: =IFERROR(AVERAGE(N7,L7,O7),"A") -> 2 | W7: =IFERROR(AVERAGE(R7,S7,U7),"A") -> A | AC7: =IFERROR(AVERAGE(Y7,X7),"A") -> A | AI7: =IFERROR(AVERAGE(AF7,AD7),"A") -> A | AO7: =IFERROR(AVERAGE(AJ7,AK7,AL7,AM7),"A") -> A | AU7: =IFERROR(AVERAGE(AR7,AQ7,AP7),"A") -> A | AX7: 2 | AY7: 2 | AZ7: 2 | BA7: =IFERROR(AVERAGE(AX7,AY7,AZ7),"A") -> 2
A8: 6 | B8: 2024JULB00006 | C8: Abhyuday Tripathi | D8: Male | E8: A | K8: =IFERROR(AVERAGE(F8,G8,H8,I8),"A") -> A | L8: 0 | N8: 0 | O8: 0 | Q8: =IFERROR(AVERAGE(N8,L8,O8),"A") -> 0 | W8: =IFERROR(AVERAGE(R8,S8,U8),"A") -> A | AC8: =IFERROR(AVERAGE(Y8,X8),"A") -> A | AI8: =IFERROR(AVERAGE(AF8,AD8),"A") -> A | AO8: =IFERROR(AVERAGE(AJ8,AK8,AL8,AM8),"A") -> A | AU8: =IFERROR(AVERAGE(AR8,AQ8,AP8),"A") -> A | AX8: 0 | AY8: 0 | AZ8: 0 | BA8: =IFERROR(AVERAGE(AX8,AY8,AZ8),"A") -> 0
A9: 7 | B9: 2024JULB00007 | C9: Adarsh G | D9: Male | E9: A | K9: =IFERROR(AVERAGE(F9,G9,H9,I9),"A") -> A | L9: 0 | N9: 0 | O9: 0 | Q9: =IFERROR(AVERAGE(N9,L9,O9),"A") -> 0 | W9: =IFERROR(AVERAGE(R9,S9,U9),"A") -> A | AC9: =IFERROR(AVERAGE(Y9,X9),"A") -> A | AI9: =IFERROR(AVERAGE(AF9,AD9),"A") -> A | AO9: =IFERROR(AVERAGE(AJ9,AK9,AL9,AM9),"A") -> A | AU9: =IFERROR(AVERAGE(AR9,AQ9,AP9),"A") -> A | AX9: 0 | AY9: 0 | AZ9: 0 | BA9: =IFERROR(AVERAGE(AX9,AY9,AZ9),"A") -> 0
A10: 8 | B10: 2024JULB00008 | C10: Adarsh Raj Barman | D10: Male | E10: C | K10: =IFERROR(AVERAGE(F10,G10,H10,I10),"A") -> A | L10: 2 | N10: 2 | O10: 2 | Q10: =IFERROR(AVERAGE(N10,L10,O10),"A") -> 2 | W10: =IFERROR(AVERAGE(R10,S10,U10),"A") -> A | AC10: =IFERROR(AVERAGE(Y10,X10),"A") -> A | AI10: =IFERROR(AVERAGE(AF10,AD10),"A") -> A | AO10: =IFERROR(AVERAGE(AJ10,AK10,AL10,AM10),"A") -> A | AU10: =IFERROR(AVERAGE(AR10,AQ10,AP10),"A") -> A | AX10: 2 | AY10: 2 | AZ10: 2 | BA10: =IFERROR(AVERAGE(AX10,AY10,AZ10),"A") -> 2
A11: 9 | B11: 2024JULB00009 | C11: Aditi Kumari | D11: Female | E11: A | K11: =IFERROR(AVERAGE(F11,G11,H11,I11),"A") -> A | L11: 3 | N11: 3 | O11: 3 | Q11: =IFERROR(AVERAGE(N11,L11,O11),"A") -> 3 | W11: =IFERROR(AVERAGE(R11,S11,U11),"A") -> A | AC11: =IFERROR(AVERAGE(Y11,X11),"A") -> A | AI11: =IFERROR(AVERAGE(AF11,AD11),"A") -> A | AO11: =IFERROR(AVERAGE(AJ11,AK11,AL11,AM11),"A") -> A | AU11: =IFERROR(AVERAGE(AR11,AQ11,AP11),"A") -> A | AX11: 5 | AY11: 0 | AZ11: 3 | BA11: =IFERROR(AVERAGE(AX11,AY11,AZ11),"A") -> 2.6666667
A12: 10 | B12: 2024JULB00012 | C12: Akarsh Narain | D12: Male | E12: A | K12: =IFERROR(AVERAGE(F12,G12,H12,I12),"A") -> A | L12: 0 | N12: 0 | O12: 0 | Q12: =IFERROR(AVERAGE(N12,L12,O12),"A") -> 0 | W12: =IFERROR(AVERAGE(R12,S12,U12),"A") -> A | AC12: =IFERROR(AVERAGE(Y12,X12),"A") -> A | AI12: =IFERROR(AVERAGE(AF12,AD12),"A") -> A | AO12: =IFERROR(AVERAGE(AJ12,AK12,AL12,AM12),"A") -> A | AU12: =IFERROR(AVERAGE(AR12,AQ12,AP12),"A") -> A | AX12: 0 | AY12: 0 | AZ12: 0 | BA12: =IFERROR(AVERAGE(AX12,AY12,AZ12),"A") -> 0
A13: 11 | B13: 2024JULB00013 | C13: Akshat Singh | D13: Male | E13: B | K13: =IFERROR(AVERAGE(F13,G13,H13,I13),"A") -> A | L13: 0 | N13: 0 | O13: 0 | Q13: =IFERROR(AVERAGE(N13,L13,O13),"A") -> 0 | W13: =IFERROR(AVERAGE(R13,S13,U13),"A") -> A | AC13: =IFERROR(AVERAGE(Y13,X13),"A") -> A | AI13: =IFERROR(AVERAGE(AF13,AD13),"A") -> A | AO13: =IFERROR(AVERAGE(AJ13,AK13,AL13,AM13),"A") -> A | AU13: =IFERROR(AVERAGE(AR13,AQ13,AP13),"A") -> A | AX13: 0 | AY13: 0 | AZ13: 0 | BA13: =IFERROR(AVERAGE(AX13,AY13,AZ13),"A") -> 0
A14: 12 | B14: 2024JULB00014 | C14: Amal Shibu Balan | D14: Male | E14: B | K14: =IFERROR(AVERAGE(F14,G14,H14,I14),"A") -> A | L14: 0 | N14: 0 | O14: 0 | Q14: =IFERROR(AVERAGE(N14,L14,O14),"A") -> 0 | W14: =IFERROR(AVERAGE(R14,S14,U14),"A") -> A | AC14: =IFERROR(AVERAGE(Y14,X14),"A") -> A | AI14: =IFERROR(AVERAGE(AF14,AD14),"A") -> A | AO14: =IFERROR(AVERAGE(AJ14,AK14,AL14,AM14),"A") -> A | AU14: =IFERROR(AVERAGE(AR14,AQ14,AP14),"A") -> A | AX14: 0 | AY14: 0 | AZ14: 0 | BA14: =IFERROR(AVERAGE(AX14,AY14,AZ14),"A") -> 0
A15: 13 | B15: 2024JULB00017 | C15: Anamitra Dutta | D15: Male | E15: A | K15: =IFERROR(AVERAGE(F15,G15,H15,I15),"A") -> A | L15: 2 | N15: 2 | O15: 1 | Q15: =IFERROR(AVERAGE(N15,L15,O15),"A") -> 1.6666667 | W15: =IFERROR(AVERAGE(R15,S15,U15),"A") -> A | AC15: =IFERROR(AVERAGE(Y15,X15),"A") -> A | AI15: =IFERROR(AVERAGE(AF15,AD15),"A") -> A | AO15: =IFERROR(AVERAGE(AJ15,AK15,AL15,AM15),"A") -> A | AU15: =IFERROR(AVERAGE(AR15,AQ15,AP15),"A") -> A | AX15: 5 | AY15: 0 | AZ15: 1 | BA15: =IFERROR(AVERAGE(AX15,AY15,AZ15),"A") -> 2
... A212: 210 | B212: 2024JULB00253 | C212: Pritam RajuShet | D212: Male | E212: D | K212: =IFERROR(AVERAGE(F212,G212,H212,I212),"A") -> A | L212: 3 | N212: 3 | O212: 2 | Q212: =IFERROR(AVERAGE(N212,L212,O212),"A") -> 2.6666667 | W212: =IFERROR(AVERAGE(R212,S212,U212),"A") -> A | AC212: =IFERROR(AVERAGE(Y212,X212),"A") -> A | AI212: =IFERROR(AVERAGE(AF212,AD212),"A") -> A | AO212: =IFERROR(AVERAGE(AJ212,AK212,AL212,AM212),"A") -> A | AU212: =IFERROR(AVERAGE(AR212,AQ212,AP212),"A") -> A | AX212: 4 | AY212: 2 | AZ212: 2 | BA212: =IFERROR(AVERAGE(AX212,AY212,AZ212),"A") -> 2.6666667
A213: 211 | B213: 2024JULB00254 | C213: Reshu Sharma | D213: Female | E213: D | K213: =IFERROR(AVERAGE(F213,G213,H213,I213),"A") -> A | L213: 0 | N213: 0 | O213: 0 | Q213: =IFERROR(AVERAGE(N213,L213,O213),"A") -> A | W213: =IFERROR(AVERAGE(R213,S213,U213),"A") -> A | AC213: =IFERROR(AVERAGE(Y213,X213),"A") -> A | AI213: =IFERROR(AVERAGE(AF213,AD213),"A") -> A | AO213: =IFERROR(AVERAGE(AJ213,AK213,AL213,AM213),"A") -> A | AU213: =IFERROR(AVERAGE(AR213,AQ213,AP213),"A") -> A | AX213: 0 | AY213: 0 | AZ213: 0 | BA213: =IFERROR(AVERAGE(AX213,AY213,AZ213),"A") -> A
A214: 212 | B214: 2024JULB00255 | C214: Saisrita Rao | D214: Female | E214: D | K214: =IFERROR(AVERAGE(F214,G214,H214,I214),"A") -> A | L214: 2 | N214: 2 | O214: 2 | Q214: =IFERROR(AVERAGE(N214,L214,O214),"A") -> 2 | W214: =IFERROR(AVERAGE(R214,S214,U214),"A") -> A | AC214: =IFERROR(AVERAGE(Y214,X214),"A") -> A | AI214: =IFERROR(AVERAGE(AF214,AD214),"A") -> A | AO214: =IFERROR(AVERAGE(AJ214,AK214,AL214,AM214),"A") -> A | AU214: =IFERROR(AVERAGE(AR214,AQ214,AP214),"A") -> A | AX214: 2 | AY214: 2 | AZ214: 2 | BA214: =IFERROR(AVERAGE(AX214,AY214,AZ214),"A") -> 2
A215: 213 | B215: 2024JULB00256 | C215: Riya Kumari | D215: Female | E215: D | K215: =IFERROR(AVERAGE(F215,G215,H215,I215),"A") -> A | L215: 2 | N215: 2 | O215: 2 | Q215: =IFERROR(AVERAGE(N215,L215,O215),"A") -> 2 | W215: =IFERROR(AVERAGE(R215,S215,U215),"A") -> A | AC215: =IFERROR(AVERAGE(Y215,X215),"A") -> A | AI215: =IFERROR(AVERAGE(AF215,AD215),"A") -> A | AO215: =IFERROR(AVERAGE(AJ215,AK215,AL215,AM215),"A") -> A | AU215: =IFERROR(AVERAGE(AR215,AQ215,AP215),"A") -> A | AX215: 2 | AY215: 2 | AZ215: 2 | BA215: =IFERROR(AVERAGE(AX215,AY215,AZ215),"A") -> 2
A216: 214 | B216: 2024JULB00257 | C216: Saurav Singh | D216: Male | E216: D | K216: =IFERROR(AVERAGE(F216,G216,H216,I216),"A") -> A | L216: 1 | N216: 1 | O216: 1 | Q216: =IFERROR(AVERAGE(N216,L216,O216),"A") -> 1 | W216: =IFERROR(AVERAGE(R216,S216,U216),"A") -> A | AC216: =IFERROR(AVERAGE(Y216,X216),"A") -> A | AI216: =IFERROR(AVERAGE(AF216,AD216),"A") -> A | AO216: =IFERROR(AVERAGE(AJ216,AK216,AL216,AM216),"A") -> A | AU216: =IFERROR(AVERAGE(AR216,AQ216,AP216),"A") -> A | AX216: 4 | AY216: 2 | AZ216: 1 | BA216: =IFERROR(AVERAGE(AX216,AY216,AZ216),"A") -> 2.3333333
A217: 215 | B217: 2024JULB00258 | C217: Animesh Tiwari | D217: Male | E217: D | K217: =IFERROR(AVERAGE(F217,G217,H217,I217),"A") -> A | L217: 2 | N217: 2 | O217: 2 | Q217: =IFERROR(AVERAGE(N217,L217,O217),"A") -> 2 | W217: =IFERROR(AVERAGE(R217,S217,U217),"A") -> A | AC217: =IFERROR(AVERAGE(Y217,X217),"A") -> A | AI217: =IFERROR(AVERAGE(AF217,AD217),"A") -> A | AO217: =IFERROR(AVERAGE(AJ217,AK217,AL217,AM217),"A") -> A | AU217: =IFERROR(AVERAGE(AR217,AQ217,AP217),"A") -> A | AX217: 2 | AY217: 2 | AZ217: 2 | BA217: =IFERROR(AVERAGE(AX217,AY217,AZ217),"A") -> 2
A218: 216 | B218: 2024JULB00260 | C218: Vishal Durga RaoGandu | D218: Male | E218: D | K218: =IFERROR(AVERAGE(F218,G218,H218,I218),"A") -> A | L218: 3 | N218: 3 | O218: 2 | Q218: =IFERROR(AVERAGE(N218,L218,O218),"A") -> 2.6666667 | W218: =IFERROR(AVERAGE(R218,S218,U218),"A") -> A | AC218: =IFERROR(AVERAGE(Y218,X218),"A") -> A | AI218: =IFERROR(AVERAGE(AF218,AD218),"A") -> A | AO218: =IFERROR(AVERAGE(AJ218,AK218,AL218,AM218),"A") -> A | AU218: =IFERROR(AVERAGE(AR218,AQ218,AP218),"A") -> A | AX218: 4 | AY218: 2 | AZ218: 2 | BA218: =IFERROR(AVERAGE(AX218,AY218,AZ218),"A") -> 2.6666667
A219: 217 | B219: 2024JULB00261 | C219: Ananya Raj | D219: Female | E219: D | K219: =IFERROR(AVERAGE(F219,G219,H219,I219),"A") -> A | L219: 2 | N219: 2 | O219: 2 | Q219: =IFERROR(AVERAGE(N219,L219,O219),"A") -> 2 | W219: =IFERROR(AVERAGE(R219,S219,U219),"A") -> A | AC219: =IFERROR(AVERAGE(Y219,X219),"A") -> A | AI219: =IFERROR(AVERAGE(AF219,AD219),"A") -> A | AO219: =IFERROR(AVERAGE(AJ219,AK219,AL219,AM219),"A") -> A | AU219: =IFERROR(AVERAGE(AR219,AQ219,AP219),"A") -> A | AX219: 2 | AY219: 2 | AZ219: 2 | BA219: =IFERROR(AVERAGE(AX219,AY219,AZ219),"A") -> 2
A220: 218 | B220: 2024JULB00262 | C220: Aman Kumar | D220: Male | E220: D | K220: =IFERROR(AVERAGE(F220,G220,H220,I220),"A") -> A | L220: 2 | N220: 2 | O220: 2 | Q220: =IFERROR(AVERAGE(N220,L220,O220),"A") -> 2 | W220: =IFERROR(AVERAGE(R220,S220,U220),"A") -> A | AC220: =IFERROR(AVERAGE(Y220,X220),"A") -> A | AI220: =IFERROR(AVERAGE(AF220,AD220),"A") -> A | AO220: =IFERROR(AVERAGE(AJ220,AK220,AL220,AM220),"A") -> A | AU220: =IFERROR(AVERAGE(AR220,AQ220,AP220),"A") -> A | AX220: 2 | AY220: 2 | AZ220: 2 | BA220: =IFERROR(AVERAGE(AX220,AY220,AZ220),"A") -> 2
A221: 219 | B221: 2024JULB00263 | C221: Soumya Roy | D221: Male | E221: D | K221: =IFERROR(AVERAGE(F221,G221,H221,I221),"A") -> A | L221: 3 | N221: 2 | O221: 3 | Q221: =IFERROR(AVERAGE(N221,L221,O221),"A") -> 2.6666667 | W221: =IFERROR(AVERAGE(R221,S221,U221),"A") -> A | AC221: =IFERROR(AVERAGE(Y221,X221),"A") -> A | AI221: =IFERROR(AVERAGE(AF221,AD221),"A") -> A | AO221: =IFERROR(AVERAGE(AJ221,AK221,AL221,AM221),"A") -> A | AU221: =IFERROR(AVERAGE(AR221,AQ221,AP221),"A") -> A | AX221: 4 | AY221: 2 | AZ221: 3 | BA221: =IFERROR(AVERAGE(AX221,AY221,AZ221),"A") -> 3
A222: 220 | B222: 2024JULB00264 | C222: Nikita Sehgal | D222: Female | E222: D | K222: =IFERROR(AVERAGE(F222,G222,H222,I222),"A") -> A | L222: 0 | N222: 0 | O222: 0 | Q222: =IFERROR(AVERAGE(N222,L222,O222),"A") -> A | W222: =IFERROR(AVERAGE(R222,S222,U222),"A") -> A | AC222: =IFERROR(AVERAGE(Y222,X222),"A") -> A | AI222: =IFERROR(AVERAGE(AF222,AD222),"A") -> A | AO222: =IFERROR(AVERAGE(AJ222,AK222,AL222,AM222),"A") -> A | AU222: =IFERROR(AVERAGE(AR222,AQ222,AP222),"A") -> A | AX222: 0 | AY222: 0 | AZ222: 0 | BA222: =IFERROR(AVERAGE(AX222,AY222,AZ222),"A") -> A
A223: 221 | B223: 2024JULB00265 | C223: Srijan Dobhal | D223: Male | E223: D | K223: =IFERROR(AVERAGE(F223,G223,H223,I223),"A") -> A | L223: 2 | N223: 2 | O223: 2 | Q223: =IFERROR(AVERAGE(N223,L223,O223),"A") -> 2 | W223: =IFERROR(AVERAGE(R223,S223,U223),"A") -> A | AC223: =IFERROR(AVERAGE(Y223,X223),"A") -> A | AI223: =IFERROR(AVERAGE(AF223,AD223),"A") -> A | AO223: =IFERROR(AVERAGE(AJ223,AK223,AL223,AM223),"A") -> A | AU223: =IFERROR(AVERAGE(AR223,AQ223,AP223),"A") -> A | AX223: 4 | AY223: 2 | AZ223: 2 | BA223: =IFERROR(AVERAGE(AX223,AY223,AZ223),"A") -> 2.6666667
A224: 222 | B224: 2024JULB00266 | C224: Musaddik Kurundwad | D224: Male | E224: D | K224: =IFERROR(AVERAGE(F224,G224,H224,I224),"A") -> A | L224: 4 | N224: 4 | O224: 4 | Q224: =IFERROR(AVERAGE(N224,L224,O224),"A") -> 4 | W224: =IFERROR(AVERAGE(R224,S224,U224),"A") -> A | AC224: =IFERROR(AVERAGE(Y224,X224),"A") -> A | AI224: =IFERROR(AVERAGE(AF224,AD224),"A") -> A | AO224: =IFERROR(AVERAGE(AJ224,AK224,AL224,AM224),"A") -> A | AU224: =IFERROR(AVERAGE(AR224,AQ224,AP224),"A") -> A | AX224: 4 | AY224: 2 | AZ224: 4 | BA224: =IFERROR(AVERAGE(AX224,AY224,AZ224),"A") -> 3.3333333
A225: 223 | B225: 2024JULB00267 | C225: Kushal Raj | D225: Male | E225: D | K225: =IFERROR(AVERAGE(F225,G225,H225,I225),"A") -> A | L225: 4 | N225: 3 | O225: 3 | Q225: =IFERROR(AVERAGE(N225,L225,O225),"A") -> 3.3333333 | W225: =IFERROR(AVERAGE(R225,S225,U225),"A") -> A | AC225: =IFERROR(AVERAGE(Y225,X225),"A") -> A | AI225: =IFERROR(AVERAGE(AF225,AD225),"A") -> A | AO225: =IFERROR(AVERAGE(AJ225,AK225,AL225,AM225),"A") -> A | AU225: =IFERROR(AVERAGE(AR225,AQ225,AP225),"A") -> A | AX225: 4 | AY225: 2 | AZ225: 3 | BA225: =IFERROR(AVERAGE(AX225,AY225,AZ225),"A") -> 3
A226: 224 | B226: 2024JULB00268 | C226: Soumya | D226: Male | E226: D | K226: =IFERROR(AVERAGE(F226,G226,H226,I226),"A") -> A | L226: 1 | N226: 1 | O226: 1 | Q226: =IFERROR(AVERAGE(N226,L226,O226),"A") -> 1 | W226: =IFERROR(AVERAGE(R226,S226,U226),"A") -> A | AC226: =IFERROR(AVERAGE(Y226,X226),"A") -> A | AI226: =IFERROR(AVERAGE(AF226,AD226),"A") -> A | AO226: =IFERROR(AVERAGE(AJ226,AK226,AL226,AM226),"A") -> A | AU226: =IFERROR(AVERAGE(AR226,AQ226,AP226),"A") -> A | AX226: 4 | AY226: 2 | AZ226: 1 | BA226: =IFERROR(AVERAGE(AX226,AY226,AZ226),"A") -> 2.3333333
A227: 225 | B227: 2024JULB00269 | C227: Vrijendra Balaji | D227: Male | E227: D | K227: =IFERROR(AVERAGE(F227,G227,H227,I227),"A") -> A | L227: 2 | N227: 2 | O227: 2 | Q227: =IFERROR(AVERAGE(N227,L227,O227),"A") -> 2 | W227: =IFERROR(AVERAGE(R227,S227,U227),"A") -> A | AC227: =IFERROR(AVERAGE(Y227,X227),"A") -> A | AI227: =IFERROR(AVERAGE(AF227,AD227),"A") -> A | AO227: =IFERROR(AVERAGE(AJ227,AK227,AL227,AM227),"A") -> A | AU227: =IFERROR(AVERAGE(AR227,AQ227,AP227),"A") -> A | AX227: 2 | AY227: 2 | AZ227: 2 | BA227: =IFERROR(AVERAGE(AX227,AY227,AZ227),"A") -> 2
A228: 226 | B228: 2024JULB00270 | C228: Rahul Gupta | D228: Male | E228: D | K228: =IFERROR(AVERAGE(F228,G228,H228,I228),"A") -> A | L228: 2 | N228: 2 | O228: 2 | Q228: =IFERROR(AVERAGE(N228,L228,O228),"A") -> 2 | W228: =IFERROR(AVERAGE(R228,S228,U228),"A") -> A | AC228: =IFERROR(AVERAGE(Y228,X228),"A") -> A | AI228: =IFERROR(AVERAGE(AF228,AD228),"A") -> A | AO228: =IFERROR(AVERAGE(AJ228,AK228,AL228,AM228),"A") -> A | AU228: =IFERROR(AVERAGE(AR228,AQ228,AP228),"A") -> A | AX228: 2 | AY228: 2 | AZ228: 2 | BA228: =IFERROR(AVERAGE(AX228,AY228,AZ228),"A") -> 2
A229: 227 | B229: 2024JULB00272 | C229: Vikash Kumar | D229: Male | E229: D | K229: =IFERROR(AVERAGE(F229,G229,H229,I229),"A") -> A | L229: 4 | N229: 4 | O229: 4 | Q229: =IFERROR(AVERAGE(N229,L229,O229),"A") -> 4 | W229: =IFERROR(AVERAGE(R229,S229,U229),"A") -> A | AC229: =IFERROR(AVERAGE(Y229,X229),"A") -> A | AI229: =IFERROR(AVERAGE(AF229,AD229),"A") -> A | AO229: =IFERROR(AVERAGE(AJ229,AK229,AL229,AM229),"A") -> A | AU229: =IFERROR(AVERAGE(AR229,AQ229,AP229),"A") -> A | AX229: 4 | AY229: 2 | AZ229: 4 | BA229: =IFERROR(AVERAGE(AX229,AY229,AZ229),"A") -> 3.3333333
A230: 228 | B230: 2024JULB00273 | C230: Harshit Gopawat | D230: MAle | E230: D | K230: =IFERROR(AVERAGE(F230,G230,H230,I230),"A") -> A | L230: 2 | N230: 2 | O230: 2 | Q230: =IFERROR(AVERAGE(N230,L230,O230),"A") -> 2 | W230: =IFERROR(AVERAGE(R230,S230,U230),"A") -> A | AC230: =IFERROR(AVERAGE(Y230,X230),"A") -> A | AI230: =IFERROR(AVERAGE(AF230,AD230),"A") -> A | AO230: =IFERROR(AVERAGE(AJ230,AK230,AL230,AM230),"A") -> A | AU230: =IFERROR(AVERAGE(AR230,AQ230,AP230),"A") -> A | AX230: 2 | AY230: 2 | AZ230: 2 | BA230: =IFERROR(AVERAGE(AX230,AY230,AZ230),"A") -> 2

Sheet Capstone
