Workbook

Sheet Interventions
A1: Sr# | B1: Program Level | C1: Activity / Workshops Name | D1: Interventions (Name) | E1: Institution | F1: Program / Course | G1: Batch | H1: Term / Semester | I1: No: of Session Planned | J1: No: of Session Conducted | K1: Micro - Competencies | AC1: Link to Update Score
B2: Level 1 | C2: Art of Storytelling | D2: Storytelling Presentation | E2: JAGSoM | F2: PGDM | G2: 2024 -26 | H2: 2 | I2: 3 | J2: 3 | K2: C1 | L2: C2 | M2: C3 | N2: C5 | O2: E1 | P2: E3 | Q2: A1 | R2: A2 | S2: A3 | T2: A4 | U2: P1 | V2: P2 | W2: P3 | X2: P4 | Y2: T1 | Z2: D3 | AA2: D4 | AB2: D5
B3: Level 1 | C3: Art of Storytelling | D3: Book Review Presentation | E3: JAGSoM | F3: PGDM | G3: 2024 -26 | H3: 2 | I3: 3 | J3: 3 | K3: C1 | L3: C2 | M3: C3 | N3: C5 | O3: E1 | P3: E3 | Q3: A1 | R3: A2 | S3: A3 | T3: A4 | U3: P1 | V3: P2 | W3: P3 | X3: P4 | Y3: T1 | Z3: D3 | AA3: D4 | AB3: D5
B4: Level 1 | C4: Interpersonal Effectivness | E4: JAGSoM | F4: PGDM | G4: 2024 -26 | H4: 2 | I4: 2 | J4: 2
B5: Level 1 | C5: Interpersonal Role Play | E5: JAGSoM | F5: PGDM | G5: 2024 -26 | H5: 2 | I5: 2 | J5: 1 | K5: T4 | L5: T5 | Z5: D3 | AA5: D4 | AB5: D5
B6: Level 1 | C6: Problem Solving | E6: JAGSoM | F6: PGDM | G6: 2024 -26 | H6: 2 | I6: 4 | J6: 4
B7: Level 1 | D7: Case Study Analysis | E7: JAGSoM | F7: PGDM | G7: 2024 -26 | H7: 2 | I7: 0 | J7: 0 | K7: P1 | L7: P2 | M7: P3 | N7: P4 | Z7: D3 | AA7: D4 | AB7: D5
B8: Level 1 | C8: Business Proposal Writing | E8: JAGSoM | F8: PGDM | G8: 2024 -26 | H8: 2 | I8: 1 | J8: 1
B9: Level 1 | D9: Business Proposal Report | E9: JAGSoM | F9: PGDM | G9: 2024 -26 | H9: 2 | I9: 2 | J9: 2 | K9: C1 | L9: A1 | M9: A2 | N9: A3 | O9: A4 | P9: E1 | Q9: P1 | R9: P2 | S9: P3 | T9: P4 | Z9: D3 | AA9: D4 | AB9: D5
B10: Level 1 | C10: Email Writing | E10: JAGSoM | F10: PGDM | G10: 2024 -26 | H10: 2 | I10: 1 | J10: 1
B11: Level 1 | D11: Email Writing | E11: JAGSoM | F11: PGDM | G11: 2024 -26 | H11: 2 | I11: 2 | J11: 2 | K11: C4 | Z11: D3 | AA11: D4 | AB11: D5
B12: Level 1 | C12: Art of Argumentation | E12: JAGSoM | F12: PGDM | G12: 2024 -26 | H12: 2 | I12: 1 | J12: 1
D13: Debating | E13: JAGSoM | F13: PGDM | G13: 2024 -26 | H13: 2 | I13: 3 | J13: 3 | K13: C1 | L13: C2 | M13: C3 | N13: C5 | O13: A1 | P13: A2 | Q13: A3 | R13: A4 | S13: L1 | T13: T1 | Z13: D3 | AA13: D4 | AB13: D5

Sheet Working
A1: Intervention Name : | C1: Story Telling | O1: C1 | P1: C2 | Q1: C3 | R1: C5 | S1: E1 | T1: A1 | U1: A2 | V1: A3 | W1: A4 | X1: P1 | Y1: P2 | Z1: P4 | AA1: T1 | AB1: D4 | AC1: D5
A2: Sr# | B2: Roll Number | C2: Name | D2: Gender | E2: Section | F2: Section | G2: Analytical & Critical Thinking ( A ) | L2: Total | M2: Communication ( C ) | R2: Total | S2: Empathy ( E ) | X2: Total | Y2: Leadership( L ) | AD2: Total | AE2: Negotiation ( N ) | AJ2: Total | AK2: Problem Solving ( P ) | AP2: Total | AQ2: Team Work ( T) | AV2: Total | AW2: Discipline | BB2: Total
G3: A 1 | H3: A 2 | I3: A 3 | J3: A 4 | K3: A 5 | M3: C 1 | N3: C 2 | O3: C 3 | P3: C 4 | Q3: C 5 | S3: E 1 | T3: E 2 | U3: E 3 | V3: E 4 | W3: E 5 | Y3: L 1 | Z3: L 2 | AA3: L 3 | AB3: L 4 | AC3: L 5 | AE3: N 1 | AF3: N 2 | AG3: N 3 | AH3: N 4 | AI3: N 5 | AK3: P 1 | AL3: P 2 | AM3: P 3 | AN3: P 4 | AO3: P 5 | AQ3: T 1 | AR3: T 2 | AS3: T 3 | AT3: T 4 | AU3: T 5 | AW3: D 1 | AX3: D 2 | AY3: D 3 | AZ3: D 4 | BA3: D 5
A4: Column1 | B4: Column2 | C4: Column3 | D4: Column4 | E4: Column5 | F4: Column6 | G4: Column7 | H4: Column8 | I4: Column9 | J4: Column10 | K4: Column11 | L4: Column12 | M4: Column13 | N4: Column14 | O4: Column15 | P4: Column16 | Q4: Column17 | R4: Column18 | S4: Column19 | T4: Column20 | U4: Column21 | V4: Column22 | W4: Column23 | X4: Column24 | Y4: Column25 | Z4: Column26 | AA4: Column27 | AB4: Column28 | AC4: Column29 | AD4: Column30 | AE4: Column31 | AF4: Column32 | AG4: Column33 | AH4: Column34 | AI4: Column35 | AJ4: Column36 | AK4: Column37 | AL4: Column38 | AM4: Column39 | AN4: Column40 | AO4: Column41 | AP4: Column42 | AQ4: Column43 | AR4: Column44 | AS4: Column45 | AT4: Column46 | AU4: Column47 | AV4: Column48 | AW4: Column49 | AX4: Column50 | AY4: Column51 | AZ4: Column52 | BA4: Column53 | BB4: Column54
A5: 1 | B5: 2024JULB00001 | C5: A Divya Sree | D5: Female | E5: A | F5: =REPT(CHAR(160),10)&Working!$E5 -> A | G5: 0 | H5: 0 | I5: 5 | J5: 0 | K5: 0 | L5: 5 | M5: 0 | N5: 4 | O5: 4 | P5: 0 | Q5: 4 | R5: 4 | S5: 0 | T5: 0 | U5: 0 | V5: 0 | W5: 0 | X5: 0 | Y5: 4 | Z5: 0 | AA5: 0 | AB5: 0 | AC5: 0 | AD5: 4 | AE5: 0 | AF5: 0 | AG5: 0 | AH5: 0 | AI5: 4 | AJ5: 0 | AK5: 5 | AL5: 5 | AM5: 0 | AN5: 5 | AO5: 0 | AP5: 5 | AQ5: 5 | AR5: 0 | AS5: 0 | AT5: 0 | AU5: 0 | AV5: 5 | AW5: 0 | AX5: 0 | AY5: 0 | AZ5: 4 | BA5: 5 | BB5: 4.5
A6: 2 | B6: 2024JULB00002 | C6: Aaditya K | D6: Male | E6: A | F6: =REPT(CHAR(160),10)&Working!$E6 -> A | G6: 0 | H6: 0 | I6: 4 | J6: 0 | K6: 0 | L6: 4 | M6: 0 | N6: 4 | O6: 4 | P6: 0 | Q6: 4 | R6: 4 | S6: 0 | T6: 0 | U6: 0 | V6: 0 | W6: 0 | X6: 0 | Y6: 5 | Z6: 0 | AA6: 0 | AB6: 0 | AC6: 0 | AD6: 5 | AE6: 0 | AF6: 0 | AG6: 0 | AH6: 0 | AI6: 0 | AJ6: 0 | AK6: 4 | AL6: 4 | AM6: 0 | AN6: 4 | AO6: 0 | AP6: 4 | AQ6: 4 | AR6: 0 | AS6: 0 | AT6: 0 | AU6: 0 | AV6: 4 | AW6: 0 | AX6: 0 | AY6: 0 | AZ6: 4 | BA6: 4 | BB6: 4
A7: 3 | B7: 2024JULB00003 | C7: Aanchal Sapra | D7: Female | E7: A | F7: =REPT(CHAR(160),10)&Working!$E7 -> A | G7: 0 | H7: 0 | I7: 4 | J7: 0 | K7: 0 | L7: 4 | M7: 0 | N7: 4 | O7: 4 | P7: 0 | Q7: 4 | R7: 4 | S7: 0 | T7: 0 | U7: 0 | V7: 0 | W7: 0 | X7: 0 | Y7: 4 | Z7: 0 | AA7: 0 | AB7: 0 | AC7: 0 | AD7: 4 | AE7: 0 | AF7: 0 | AG7: 0 | AH7: 0 | AI7: 0 | AJ7: 0 | AK7: 4 | AL7: 4 | AM7: 0 | AN7: 4 | AO7: 0 | AP7: 4 | AQ7: 4 | AR7: 0 | AS7: 0 | AT7: 0 | AU7: 0 | AV7: 4 | AW7: 0 | AX7: 0 | AY7: 0 | AZ7: 4 | BA7: 4 | BB7: 4
A8: 4 | B8: 2024JULB00004 | C8: Abhinav B | D8: Male | E8: A | F8: =REPT(CHAR(160),10)&Working!$E8 -> A | G8: 0 | H8: 0 | I8: 4 | J8: 0 | K8: 0 | L8: 4 | M8: 0 | N8: 4 | O8: 5 | P8: 0 | Q8: 5 | R8: 4.6666667 | S8: 0 | T8: 0 | U8: 0 | V8: 0 | W8: 0 | X8: 0 | Y8: 4 | Z8: 0 | AA8: 0 | AB8: 0 | AC8: 0 | AD8: 4 | AE8: 0 | AF8: 0 | AG8: 0 | AH8: 0 | AI8: 0 | AJ8: 0 | AK8: 5 | AL8: 4 | AM8: 0 | AN8: 4 | AO8: 0 | AP8: 4.3333333 | AQ8: 5 | AR8: 0 | AS8: 0 | AT8: 0 | AU8: 0 | AV8: 5 | AW8: 0 | AX8: 0 | AY8: 0 | AZ8: 4 | BA8: 4 | BB8: 4
A9: 5 | B9: 2024JULB00005 | C9: Abhirup Choudhury | D9: Male | E9: D | F9: =REPT(CHAR(160),10)&Working!$E9 -> D | G9: 0 | H9: 0 | I9: A | J9: 0 | K9: 0 | L9: A | M9: 0 | N9: 0 | O9: 0 | P9: 0 | Q9: 0 | R9: 0 | S9: 0 | T9: 0 | U9: 0 | V9: 0 | W9: 0 | X9: 0 | Y9: 0 | Z9: 0 | AA9: 0 | AB9: 0 | AC9: 0 | AD9: 0 | AE9: 0 | AF9: 0 | AG9: 0 | AH9: 0 | AI9: 0 | AJ9: 0 | AK9: 0 | AL9: 0 | AM9: 0 | AN9: 0 | AO9: 0 | AP9: #DIV/0! | AQ9: 0 | AR9: 0 | AS9: 0 | AT9: 0 | AU9: 0 | AV9: 0 | AW9: 0 | AX9: 0 | AY9: 0 | AZ9: 0 | BA9: 0 | BB9: #DIV/0!
A10: 6 | B10: 2024JULB00006 | C10: Abhyuday Tripathi | D10: Male | E10: A | F10: =REPT(CHAR(160),10)&Working!$E10 -> A | G10: 0 | H10: 0 | I10: 4 | J10: 0 | K10: 0 | L10: 4 | M10: 0 | N10: 5 | O10: 4 | P10: 0 | Q10: 4 | R10: 4.3333333 | S10: 0 | T10: 0 | U10: 0 | V10: 0 | W10: 0 | X10: 0 | Y10: 5 | Z10: 0 | AA10: 0 | AB10: 0 | AC10: 0 | AD10: 5 | AE10: 0 | AF10: 0 | AG10: 0 | AH10: 0 | AI10: 0 | AJ10: 0 | AK10: 5 | AL10: 5 | AM10: 0 | AN10: 5 | AO10: 0 | AP10: 5 | AQ10: 5 | AR10: 0 | AS10: 0 | AT10: 0 | AU10: 0 | AV10: 5 | AW10: 0 | AX10: 0 | AY10: 0 | AZ10: 5 | BA10: 5 | BB10: 5
A11: 7 | B11: 2024JULB00007 | C11: Adarsh G | D11: Male | E11: A | F11: =REPT(CHAR(160),10)&Working!$E11 -> A | G11: 0 | H11: 0 | I11: 5 | J11: 0 | K11: 0 | L11: 5 | M11: 0 | N11: 5 | O11: 5 | P11: 0 | Q11: 5 | R11: 5 | S11: 0 | T11: 0 | U11: 0 | V11: 0 | W11: 0 | X11: 0 | Y11: 5 | Z11: 0 | AA11: 0 | AB11: 0 | AC11: 0 | AD11: 5 | AE11: 0 | AF11: 0 | AG11: 0 | AH11: 0 | AI11: 0 | AJ11: 0 | AK11: 4 | AL11: 5 | AM11: 0 | AN11: 5 | AO11: 0 | AP11: 4.6666667 | AQ11: 5 | AR11: 0 | AS11: 0 | AT11: 0 | AU11: 0 | AV11: 5 | AW11: 0 | AX11: 0 | AY11: 0 | AZ11: 5 | BA11: 4 | BB11: 4.5
A12: 8 | B12: 2024JULB00008 | C12: Adarsh Raj Barman | D12: Male | E12: C | F12: =REPT(CHAR(160),10)&Working!$E12 -> C | G12: 0 | H12: 0 | I12: 4 | J12: 0 | K12: 0 | L12: 4 | M12: 0 | N12: 4 | O12: 4 | P12: 0 | Q12: 4 | R12: 4 | S12: 0 | T12: 0 | U12: 0 | V12: 0 | W12: 0 | X12: 0 | Y12: 4 | Z12: 0 | AA12: 0 | AB12: 0 | AC12: 0 | AD12: 4 | AE12: 0 | AF12: 0 | AG12: 0 | AH12: 0 | AI12: 0 | AJ12: 0 | AK12: 4 | AL12: 5 | AM12: 0 | AN12: 5 | AO12: 0 | AP12: 4.6666667 | AQ12: 4 | AR12: 0 | AS12: 0 | AT12: 0 | AU12: 0 | AV12: 4 | AW12: 0 | AX12: 0 | AY12: 0 | AZ12: 4 | BA12: 4 | BB12: 4
A13: 9 | B13: 2024JULB00009 | C13: Aditi Kumari | D13: Female | E13: A | F13: =REPT(CHAR(160),10)&Working!$E13 -> A | G13: 0 | H13: 0 | I13: 4 | J13: 0 | K13: 0 | L13: 4 | M13: 0 | N13: 4 | O13: 4 | P13: 0 | Q13: 4 | R13: 4 | S13: 0 | T13: 0 | U13: 0 | V13: 0 | W13: 0 | X13: 0 | Y13: 4 | Z13: 0 | AA13: 0 | AB13: 0 | AC13: 0 | AD13: 4 | AE13: 0 | AF13: 0 | AG13: 0 | AH13: 0 | AI13: 0 | AJ13: 0 | AK13: 4 | AL13: 5 | AM13: 0 | AN13: 4 | AO13: 0 | AP13: 4.3333333 | AQ13: 5 | AR13: 0 | AS13: 0 | AT13: 0 | AU13: 0 | AV13: 5 | AW13: 0 | AX13: 0 | AY13: 0 | AZ13: 4 | BA13: 4 | BB13: 4
A14: 10 | B14: 2024JULB00012 | C14: Akarsh Narain | D14: Male | E14: A | F14: =REPT(CHAR(160),10)&Working!$E14 -> A | G14: 0 | H14: 0 | I14: 4 | J14: 0 | K14: 0 | L14: 4 | M14: 0 | N14: 4 | O14: 5 | P14: 0 | Q14: 5 | R14: 4.6666667 | S14: 0 | T14: 0 | U14: 0 | V14: 0 | W14: 0 | X14: 0 | Y14: 4 | Z14: 0 | AA14: 0 | AB14: 0 | AC14: 0 | AD14: 4 | AE14: 0 | AF14: 0 | AG14: 0 | AH14: 0 | AI14: 0 | AJ14: 0 | AK14: 5 | AL14: 4 | AM14: 0 | AN14: 5 | AO14: 0 | AP14: 4.6666667 | AQ14: 5 | AR14: 0 | AS14: 0 | AT14: 0 | AU14: 0 | AV14: 5 | AW14: 0 | AX14: 0 | AY14: 0 | AZ14: 4 | BA14: 5 | BB14: 4.5
A15: 11 | B15: 2024JULB00013 | C15: Akshat Singh | D15: Male | E15: B | F15: =REPT(CHAR(160),10)&Working!$E15 -> B | G15: 0 | H15: 0 | I15: 4 | J15: 0 | K15: 0 | L15: 4 | M15: 0 | N15: 4 | O15: 5 | P15: 0 | Q15: 5 | R15: 4.6666667 | S15: 0 | T15: 0 | U15: 0 | V15: 0 | W15: 0 | X15: 0 | Y15: 5 | Z15: 0 | AA15: 0 | AB15: 0 | AC15: 0 | AD15: 5 | AE15: 0 | AF15: 0 | AG15: 0 | AH15: 0 | AI15: 0 | AJ15: 0 | AK15: 4 | AL15: 4 | AM15: 0 | AN15: 4 | AO15: 0 | AP15: 4 | AQ15: 3 | AR15: 0 | AS15: 0 | AT15: 0 | AU15: 0 | AV15: 3 | AW15: 0 | AX15: 0 | AY15: 0 | AZ15: 4 | BA15: 4 | BB15: 4
A16: 12 | B16: 2024JULB00014 | C16: Amal Shibu Balan | D16: Male | E16: B | F16: =REPT(CHAR(160),10)&Working!$E16 -> B | G16: 0 | H16: 0 | I16: 5 | J16: 0 | K16: 0 | L16: 5 | M16: 0 | N16: 4 | O16: 5 | P16: 0 | Q16: 5 | R16: 4.6666667 | S16: 0 | T16: 0 | U16: 0 | V16: 0 | W16: 0 | X16: 0 | Y16: 4 | Z16: 0 | AA16: 0 | AB16: 0 | AC16: 0 | AD16: 4 | AE16: 0 | AF16: 0 | AG16: 0 | AH16: 0 | AI16: 0 | AJ16: 0 | AK16: 4 | AL16: 3 | AM16: 0 | AN16: 4 | AO16: 0 | AP16: 3.6666667 | AQ16: 4 | AR16: 0 | AS16: 0 | AT16: 0 | AU16: 0 | AV16: 4 | AW16: 0 | AX16: 0 | AY16: 0 | AZ16: 4 | BA16: 4 | BB16: 4
A17: 13 | B17: 2024JULB00017 | C17: Anamitra Dutta | D17: Male | E17: A | F17: =REPT(CHAR(160),10)&Working!$E17 -> A | G17: 0 | H17: 0 | I17: 4 | J17: 0 | K17: 0 | L17: 4 | M17: 0 | N17: 4 | O17: 4 | P17: 0 | Q17: 4 | R17: 4 | S17: 0 | T17: 0 | U17: 0 | V17: 0 | W17: 0 | X17: 0 | Y17: 4 | Z17: 0 | AA17: 0 | AB17: 0 | AC17: 0 | AD17: 4 | AE17: 0 | AF17: 0 | AG17: 0 | AH17: 0 | AI17: 0 | AJ17: 0 | AK17: 4 | AL17: 4 | AM17: 0 | AN17: 4 | AO17: 0 | AP17: 4 | AQ17: 4 | AR17: 0 | AS17: 0 | AT17: 0 | AU17: 0 | AV17: 4 | AW17: 0 | AX17: 0 | AY17: 0 | AZ17: 4 | BA17: 4 | BB17: 4
A18: 14 | B18: 2024JULB00019 | C18: Anantaa Paul | D18: Female | E18: B | F18: =REPT(CHAR(160),10)&Working!$E18 -> B | G18: 0 | H18: 0 | I18: 4 | J18: 0 | K18: 0 | L18: 4 | M18: 0 | N18: 4 | O18: 4 | P18: 0 | Q18: 4 | R18: 4 | S18: 0 | T18: 0 | U18: 0 | V18: 0 | W18: 0 | X18: 0 | Y18: 5 | Z18: 0 | AA18: 0 | AB18: 0 | AC18: 0 | AD18: 5 | AE18: 0 | AF18: 0 | AG18: 0 | AH18: 0 | AI18: 0 | AJ18: 0 | AK18: 5 | AL18: 5 | AM18: 0 | AN18: 5 | AO18: 0 | AP18: 5 | AQ18: 0 | AR18: 0 | AS18: 0 | AT18: 0 | AU18: 0 | AV18: 0 | AW18: 0 | AX18: 0 | AY18: 0 | AZ18: 4 | BA18: 4 | BB18: 4
A19: 15 | B19: 2024JULB00020 | C19: Ananya Das | D19: Female | E19: C | F19: =REPT(CHAR(160),10)&Working!$E19 -> C | G19: 0 | H19: 0 | I19: 4 | J19: 0 | K19: 0 | L19: 4 | M19: 0 | N19: 4 | O19: 4 | P19: 0 | Q19: 4 | R19: 4 | S19: 0 | T19: 0 | U19: 0 | V19: 0 | W19: 0 | X19: 0 | Y19: 4 | Z19: 0 | AA19: 0 | AB19: 0 | AC19: 0 | AD19: 4 | AE19: 0 | AF19: 0 | AG19: 0 | AH19: 0 | AI19: 0 | AJ19: 0 | AK19: 4 | AL19: 4 | AM19: 0 | AN19: 4 | AO19: 0 | AP19: 4 | AQ19: 3 | AR19: 0 | AS19: 0 | AT19: 0 | AU19: 0 | AV19: 3 | AW19: 0 | AX19: 0 | AY19: 0 | AZ19: 4 | BA19: 4 | BB19: 4
A20: 16 | B20: 2024JULB00021 | C20: Aniket Inani | D20: Male | E20: A | F20: =REPT(CHAR(160),10)&Working!$E20 -> A | G20: 0 | H20: 0 | I20: 4 | J20: 0 | K20: 0 | L20: 4 | M20: 0 | N20: 4 | O20: 4 | P20: 0 | Q20: 4 | R20: 4 | S20: 0 | T20: 0 | U20: 0 | V20: 0 | W20: 0 | X20: 0 | Y20: 3 | Z20: 0 | AA20: 0 | AB20: 0 | AC20: 0 | AD20: 3 | AE20: 0 | AF20: 0 | AG20: 0 | AH20: 0 | AI20: 0 | AJ20: 0 | AK20: 4 | AL20: 3 | AM20: 0 | AN20: 4 | AO20: 0 | AP20: 3.6666667 | AQ20: 4 | AR20: 0 | AS20: 0 | AT20: 0 | AU20: 0 | AV20: 4 | AW20: 0 | AX20: 0 | AY20: 0 | AZ20: 4 | BA20: 4 | BB20: 4
A21: 17 | B21: 2024JULB00022 | C21: Anupa Maheshwari | D21: Female | E21: C | F21: =REPT(CHAR(160),10)&Working!$E21 -> C | G21: 0 | H21: 0 | I21: 4 | J21: 0 | K21: 0 | L21: 4 | M21: 0 | N21: 4 | O21: 4 | P21: 0 | Q21: 4 | R21: 4 | S21: 0 | T21: 0 | U21: 0 | V21: 0 | W21: 0 | X21: 0 | Y21: 4 | Z21: 0 | AA21: 0 | AB21: 0 | AC21: 0 | AD21: 4 | AE21: 0 | AF21: 0 | AG21: 0 | AH21: 0 | AI21: 0 | AJ21: 0 | AK21: 4 | AL21: 5 | AM21: 0 | AN21: 5 | AO21: 0 | AP21: 4.6666667 | AQ21: 5 | AR21: 0 | AS21: 0 | AT21: 0 | AU21: 0 | AV21: 5 | AW21: 0 | AX21: 0 | AY21: 0 | AZ21: 4 | BA21: 4 | BB21: 4
... A67: 63 | B67: 2024JULB00078 | C67: Keshav Dhoot | D67: Male | E67: A | F67: =REPT(CHAR(160),10)&Working!$E67 -> A | G67: 0 | H67: 0 | I67: 3 | J67: 0 | K67: 0 | L67: 3 | M67: 0 | N67: 3 | O67: 3 | P67: 0 | Q67: 3 | R67: 3 | S67: 0 | T67: 0 | U67: 0 | V67: 0 | W67: 0 | X67: 0 | Y67: 4 | Z67: 0 | AA67: 0 | AB67: 0 | AC67: 0 | AD67: 4 | AE67: 0 | AF67: 0 | AG67: 0 | AH67: 0 | AI67: 0 | AJ67: 0 | AK67: 3 | AL67: 4 | AM67: 0 | AN67: 3 | AO67: 0 | AP67: 3.3333333 | AQ67: 3 | AR67: 0 | AS67: 0 | AT67: 0 | AU67: 0 | AV67: 3 | AW67: 0 | AX67: 0 | AY67: 0 | AZ67: 3 | BA67: 3 | BB67: 3
A68: 64 | B68: 2024JULB00080 | C68: Koustav Biswas | D68: Male | E68: C | F68: =REPT(CHAR(160),10)&Working!$E68 -> C | G68: 0 | H68: 0 | I68: 0 | J68: 0 | K68: 0 | L68: 0 | M68: 0 | N68: 0 | O68: 0 | P68: 0 | Q68: 0 | R68: 0 | S68: 0 | T68: 0 | U68: 0 | V68: 0 | W68: 0 | X68: 0 | Y68: 0 | Z68: 0 | AA68: 0 | AB68: 0 | AC68: 0 | AD68: 0 | AE68: 0 | AF68: 0 | AG68: 0 | AH68: 0 | AI68: 0 | AJ68: 0 | AK68: 0 | AL68: 0 | AM68: 0 | AN68: A | AO68: 0 | AP68: 0 | AQ68: 0 | AR68: 0 | AS68: 0 | AT68: 0 | AU68: 0 | AV68: 0 | AW68: 0 | AX68: 0 | AY68: 0 | AZ68: 0 | BA68: 0 | BB68: 0
A69: 65 | B69: 2024JULB00081 | C69: Krish Chakraborty | D69: Male | E69: A | F69: =REPT(CHAR(160),10)&Working!$E69 -> A | G69: 0 | H69: 0 | I69: 3 | J69: 0 | K69: 0 | L69: 3 | M69: 0 | N69: 3 | O69: 3 | P69: 0 | Q69: 3 | R69: 3 | S69: 0 | T69: 0 | U69: 0 | V69: 0 | W69: 0 | X69: 0 | Y69: 3 | Z69: 0 | AA69: 0 | AB69: 0 | AC69: 0 | AD69: 3 | AE69: 0 | AF69: 0 | AG69: 0 | AH69: 0 | AI69: 0 | AJ69: 0 | AK69: 4 | AL69: 4 | AM69: 0 | AN69: 4 | AO69: 0 | AP69: 4 | AQ69: 4 | AR69: 0 | AS69: 0 | AT69: 0 | AU69: 0 | AV69: 4 | AW69: 0 | AX69: 0 | AY69: 0 | AZ69: 3 | BA69: 3 | BB69: 3
A70: 66 | B70: 2024JULB00083 | C70: Kunal Khurana | D70: Male | E70: B | F70: =REPT(CHAR(160),10)&Working!$E70 -> B | G70: 0 | H70: 0 | I70: 0 | J70: 0 | K70: 0 | L70: 0 | M70: 0 | N70: 0 | O70: 0 | P70: 0 | Q70: 0 | R70: 0 | S70: 0 | T70: 0 | U70: 0 | V70: 0 | W70: 0 | X70: 0 | Y70: 0 | Z70: 0 | AA70: 0 | AB70: 0 | AC70: 0 | AD70: 0 | AE70: 0 | AF70: 0 | AG70: 0 | AH70: 0 | AI70: 0 | AJ70: 0 | AK70: 0 | AL70: 0 | AM70: 0 | AN70: A | AO70: 0 | AP70: 0 | AQ70: 0 | AR70: 0 | AS70: 0 | AT70: 0 | AU70: 0 | AV70: 0 | AW70: 0 | AX70: 0 | AY70: 0 | AZ70: 0 | BA70: 0 | BB70: 0
A71: 67 | B71: 2024JULB00084 | C71: Kushal Badalia | D71: Male | E71: B | F71: =REPT(CHAR(160),10)&Working!$E71 -> B | G71: 0 | H71: 0 | I71: 3 | J71: 0 | K71: 0 | L71: 3 | M71: 0 | N71: 3 | O71: 3 | P71: 0 | Q71: 3 | R71: 3 | S71: 0 | T71: 0 | U71: 0 | V71: 0 | W71: 0 | X71: 0 | Y71: 3 | Z71: 0 | AA71: 0 | AB71: 0 | AC71: 0 | AD71: 3 | AE71: 0 | AF71: 0 | AG71: 0 | AH71: 0 | AI71: 0 | AJ71: 0 | AK71: 4 | AL71: 3 | AM71: 0 | AN71: 3 | AO71: 0 | AP71: 3.3333333 | AQ71: 5 | AR71: 0 | AS71: 0 | AT71: 0 | AU71: 0 | AV71: 5 | AW71: 0 | AX71: 0 | AY71: 0 | AZ71: 3 | BA71: 3 | BB71: 3
A72: 68 | B72: 2024JULB00085 | C72: Kushal Srivastav | D72: Male | E72: B | F72: =REPT(CHAR(160),10)&Working!$E72 -> B | G72: 0 | H72: 0 | I72: 4 | J72: 0 | K72: 0 | L72: 4 | M72: 0 | N72: 4 | O72: 4 | P72: 0 | Q72: 4 | R72: 4 | S72: 0 | T72: 0 | U72: 0 | V72: 0 | W72: 0 | X72: 0 | Y72: 4 | Z72: 0 | AA72: 0 | AB72: 0 | AC72: 0 | AD72: 4 | AE72: 0 | AF72: 0 | AG72: 0 | AH72: 0 | AI72: 0 | AJ72: 0 | AK72: 3 | AL72: 5 | AM72: 0 | AN72: 5 | AO72: 0 | AP72: 4.3333333 | AQ72: 4 | AR72: 0 | AS72: 0 | AT72: 0 | AU72: 0 | AV72: 4 | AW72: 0 | AX72: 0 | AY72: 0 | AZ72: 4 | BA72: 5 | BB72: 4.5
A73: 69 | B73: 2024JULB00086 | C73: Lakshita Chandak | D73: Female | E73: A | F73: =REPT(CHAR(160),10)&Working!$E73 -> A | G73: 0 | H73: 0 | I73: 2 | J73: 0 | K73: 0 | L73: 2 | M73: 0 | N73: 2 | O73: 2 | P73: 0 | Q73: 2 | R73: 2 | S73: 0 | T73: 0 | U73: 0 | V73: 0 | W73: 0 | X73: 0 | Y73: 2 | Z73: 0 | AA73: 0 | AB73: 0 | AC73: 0 | AD73: 2 | AE73: 0 | AF73: 0 | AG73: 0 | AH73: 0 | AI73: 0 | AJ73: 0 | AK73: 2 | AL73: 2 | AM73: 0 | AN73: 2 | AO73: 0 | AP73: 2 | AQ73: 2 | AR73: 0 | AS73: 0 | AT73: 0 | AU73: 0 | AV73: 2 | AW73: 0 | AX73: 0 | AY73: 0 | AZ73: 2 | BA73: 2 | BB73: 2
A74: 70 | B74: 2024JULB00087 | C74: Laxmi Poorvaja S | D74: Female | E74: C | F74: =REPT(CHAR(160),10)&Working!$E74 -> C | G74: 0 | H74: 0 | I74: 2 | J74: 0 | K74: 0 | L74: 2 | M74: 0 | N74: 2 | O74: 2 | P74: 0 | Q74: 2 | R74: 2 | S74: 0 | T74: 0 | U74: 0 | V74: 0 | W74: 0 | X74: 0 | Y74: 2 | Z74: 0 | AA74: 0 | AB74: 0 | AC74: 0 | AD74: 2 | AE74: 0 | AF74: 0 | AG74: 0 | AH74: 0 | AI74: 0 | AJ74: 0 | AK74: 2 | AL74: 3 | AM74: 0 | AN74: 3 | AO74: 0 | AP74: 2.6666667 | AQ74: 3 | AR74: 0 | AS74: 0 | AT74: 0 | AU74: 0 | AV74: 3 | AW74: 0 | AX74: 0 | AY74: 0 | AZ74: 3 | BA74: 2 | BB74: 2.5
A75: 71 | B75: 2024JULB00088 | C75: Leena D | D75: Female | E75: A | F75: =REPT(CHAR(160),10)&Working!$E75 -> A | G75: 0 | H75: 0 | I75: 3 | J75: 0 | K75: 0 | L75: 3 | M75: 0 | N75: 2 | O75: 2 | P75: 0 | Q75: 2 | R75: 2 | S75: 0 | T75: 0 | U75: 0 | V75: 0 | W75: 0 | X75: 0 | Y75: 2 | Z75: 0 | AA75: 0 | AB75: 0 | AC75: 0 | AD75: 2 | AE75: 0 | AF75: 0 | AG75: 0 | AH75: 0 | AI75: 0 | AJ75: 0 | AK75: 3 | AL75: 3 | AM75: 0 | AN75: 3 | AO75: 0 | AP75: 3 | AQ75: 3 | AR75: 0 | AS75: 0 | AT75: 0 | AU75: 0 | AV75: 3 | AW75: 0 | AX75: 0 | AY75: 0 | AZ75: 3 | BA75: 3 | BB75: 3
A76: 72 | B76: 2024JULB00090 | C76: M Maureen Mandy | D76: Female | E76: B | F76: =REPT(CHAR(160),10)&Working!$E76 -> B | G76: 0 | H76: 0 | I76: 2 | J76: 0 | K76: 0 | L76: 2 | M76: 0 | N76: 2 | O76: 2 | P76: 0 | Q76: 2 | R76: 2 | S76: 0 | T76: 0 | U76: 0 | V76: 0 | W76: 0 | X76: 0 | Y76: 2 | Z76: 0 | AA76: 0 | AB76: 0 | AC76: 0 | AD76: 2 | AE76: 0 | AF76: 0 | AG76: 0 | AH76: 0 | AI76: 0 | AJ76: 0 | AK76: 2 | AL76: 2 | AM76: 0 | AN76: 3 | AO76: 0 | AP76: 2.3333333 | AQ76: 2 | AR76: 0 | AS76: 0 | AT76: 0 | AU76: 0 | AV76: 2 | AW76: 0 | AX76: 0 | AY76: 0 | AZ76: 2 | BA76: 3 | BB76: 2.5
A77: 73 | B77: 2024JULB00091 | C77: Madhav Sharma | D77: Male | E77: B | F77: =REPT(CHAR(160),10)&Working!$E77 -> B | G77: 0 | H77: 0 | I77: 3 | J77: 0 | K77: 0 | L77: 3 | M77: 0 | N77: 3 | O77: 3 | P77: 0 | Q77: 3 | R77: 3 | S77: 0 | T77: 0 | U77: 0 | V77: 0 | W77: 0 | X77: 0 | Y77: 3 | Z77: 0 | AA77: 0 | AB77: 0 | AC77: 0 | AD77: 3 | AE77: 0 | AF77: 0 | AG77: 0 | AH77: 0 | AI77: 0 | AJ77: 0 | AK77: 3 | AL77: 4 | AM77: 0 | AN77: 4 | AO77: 0 | AP77: 3.6666667 | AQ77: 4 | AR77: 0 | AS77: 0 | AT77: 0 | AU77: 0 | AV77: 4 | AW77: 0 | AX77: 0 | AY77: 0 | AZ77: 3 | BA77: 3 | BB77: 3
A78: 74 | B78: 2024JULB00093 | C78: Akhileswaradu Manikireddy | D78: Male | E78: C | F78: =REPT(CHAR(160),10)&Working!$E78 -> C | G78: 0 | H78: 0 | I78: 2 | J78: 0 | K78: 0 | L78: 2 | M78: 0 | N78: 2 | O78: 2 | P78: 0 | Q78: 2 | R78: 2 | S78: 0 | T78: 0 | U78: 0 | V78: 0 | W78: 0 | X78: 0 | Y78: 2 | Z78: 0 | AA78: 0 | AB78: 0 | AC78: 0 | AD78: 2 | AE78: 0 | AF78: 0 | AG78: 0 | AH78: 0 | AI78: 0 | AJ78: 0 | AK78: 3 | AL78: 3 | AM78: 0 | AN78: 3 | AO78: 0 | AP78: 3 | AQ78: 4 | AR78: 0 | AS78: 0 | AT78: 0 | AU78: 0 | AV78: 4 | AW78: 0 | AX78: 0 | AY78: 0 | AZ78: 3 | BA78: 3 | BB78: 3
A79: 75 | B79: 2024JULB00094 | C79: Megha Prajapati | D79: Male | E79: C | F79: =REPT(CHAR(160),10)&Working!$E79 -> C | G79: 0 | H79: 0 | I79: 2 | J79: 0 | K79: 0 | L79: 2 | M79: 0 | N79: 2 | O79: 2 | P79: 0 | Q79: 2 | R79: 2 | S79: 0 | T79: 0 | U79: 0 | V79: 0 | W79: 0 | X79: 0 | Y79: 2 | Z79: 0 | AA79: 0 | AB79: 0 | AC79: 0 | AD79: 2 | AE79: 0 | AF79: 0 | AG79: 0 | AH79: 0 | AI79: 0 | AJ79: 0 | AK79: 2 | AL79: 2 | AM79: 0 | AN79: 2 | AO79: 0 | AP79: 2 | AQ79: 2 | AR79: 0 | AS79: 0 | AT79: 0 | AU79: 0 | AV79: 2 | AW79: 0 | AX79: 0 | AY79: 0 | AZ79: 3 | BA79: 2 | BB79: 2.5
A80: 76 | B80: 2024JULB00095 | C80: Melvin Roche. A | D80: Male | E80: C | F80: =REPT(CHAR(160),10)&Working!$E80 -> C | G80: 0 | H80: 0 | I80: 5 | J80: 0 | K80: 0 | L80: 5 | M80: 0 | N80: 5 | O80: 4 | P80: 0 | Q80: 4 | R80: 4.3333333 | S80: 0 | T80: 0 | U80: 0 | V80: 0 | W80: 0 | X80: 0 | Y80: 5 | Z80: 0 | AA80: 0 | AB80: 0 | AC80: 0 | AD80: 5 | AE80: 0 | AF80: 0 | AG80: 0 | AH80: 0 | AI80: 0 | AJ80: 0 | AK80: 5 | AL80: 5 | AM80: 0 | AN80: 5 | AO80: 0 | AP80: 5 | AQ80: 5 | AR80: 0 | AS80: 0 | AT80: 0 | AU80: 0 | AV80: 5 | AW80: 0 | AX80: 0 | AY80: 0 | AZ80: 4 | BA80: 5 | BB80: 4.5
A81: 77 | B81: 2024JULB00096 | C81: Milan Krishna N E | D81: Male | E81: C | F81: =REPT(CHAR(160),10)&Working!$E81 -> C | G81: 0 | H81: 0 | I81: 3 | J81: 0 | K81: 0 | L81: 3 | M81: 0 | N81: 2 | O81: 3 | P81: 0 | Q81: 3 | R81: 2.6666667 | S81: 0 | T81: 0 | U81: 0 | V81: 0 | W81: 0 | X81: 0 | Y81: 3 | Z81: 0 | AA81: 0 | AB81: 0 | AC81: 0 | AD81: 3 | AE81: 0 | AF81: 0 | AG81: 0 | AH81: 0 | AI81: 0 | AJ81: 0 | AK81: 2 | AL81: 3 | AM81: 0 | AN81: 3 | AO81: 0 | AP81: 2.6666667 | AQ81: 3 | AR81: 0 | AS81: 0 | AT81: 0 | AU81: 0 | AV81: 3 | AW81: 0 | AX81: 0 | AY81: 0 | AZ81: 3 | BA81: 3 | BB81: 3
A82: 78 | B82: 2024JULB00098 | C82: Naitik Roy | D82: Male | E82: C | F82: =REPT(CHAR(160),10)&Working!$E82 -> C | G82: 0 | H82: 0 | I82: 2 | J82: 0 | K82: 0 | L82: 2 | M82: 0 | N82: 2 | O82: 2 | P82: 0 | Q82: 2 | R82: 2 | S82: 0 | T82: 0 | U82: 0 | V82: 0 | W82: 0 | X82: 0 | Y82: 2 | Z82: 0 | AA82: 0 | AB82: 0 | AC82: 0 | AD82: 2 | AE82: 0 | AF82: 0 | AG82: 0 | AH82: 0 | AI82: 0 | AJ82: 0 | AK82: 2 | AL82: 3 | AM82: 0 | AN82: 3 | AO82: 0 | AP82: 2.6666667 | AQ82: 3 | AR82: 0 | AS82: 0 | AT82: 0 | AU82: 0 | AV82: 3 | AW82: 0 | AX82: 0 | AY82: 0 | AZ82: 3 | BA82: 2 | BB82: 2.5
... A200: 196 | B200: 2024JULB00239 | C200: Abhishek Nanda | D200: Male | E200: C | F200: =REPT(CHAR(160),10)&Working!$E200 -> C | G200: 0 | H200: 0 | I200: 4 | J200: 0 | K200: 0 | L200: 4 | M200: 0 | N200: 5 | O200: 4 | P200: 0 | Q200: 4 | R200: 4.3333333 | S200: 0 | T200: 0 | U200: 0 | V200: 0 | W200: 0 | X200: 0 | Y200: 4 | Z200: 0 | AA200: 0 | AB200: 0 | AC200: 0 | AD200: 4 | AE200: 0 | AF200: 0 | AG200: 0 | AH200: 0 | AI200: 4 | AJ200: 0 | AK200: 4 | AL200: 4 | AM200: 0 | AN200: 5 | AO200: 0 | AP200: 4.3333333 | AQ200: 3 | AR200: 0 | AS200: 0 | AT200: 0 | AU200: 0 | AV200: 3 | AW200: 0 | AX200: 0 | AY200: 0 | AZ200: 4 | BA200: 5 | BB200: 4.5
A201: 197 | B201: 2024JULB00240 | C201: Prabhansha Vyas | D201: Female | E201: C | F201: =REPT(CHAR(160),10)&Working!$E201 -> C | G201: 0 | H201: 0 | I201: 3 | J201: 0 | K201: 0 | M201: 0 | N201: 2 | O201: 3 | P201: 0 | Q201: 3 | S201: 0 | T201: 0 | U201: 0 | V201: 0 | W201: 0 | X201: 0 | Y201: 4 | Z201: 0 | AA201: 0 | AB201: 0 | AC201: 0 | AE201: 0 | AF201: 0 | AG201: 0 | AH201: 0 | AI201: 0 | AK201: 2 | AL201: 2 | AM201: 0 | AN201: 3 | AO201: 0 | AQ201: 2 | AR201: 0 | AS201: 0 | AT201: 0 | AU201: 0 | AW201: 0 | AX201: 0 | AY201: 0 | AZ201: 3 | BA201: 3
A202: 198 | B202: 2024JULB00241 | C202: Anu Kumari | D202: Female | E202: B | F202: =REPT(CHAR(160),10)&Working!$E202 -> B | G202: 0 | H202: 0 | I202: A | J202: 0 | K202: 0 | L202: 0 | M202: 0 | N202: 0 | O202: 0 | P202: 0 | Q202: 0 | R202: 0 | S202: 0 | T202: 0 | U202: 0 | V202: 0 | W202: 0 | X202: 0 | Y202: 0 | Z202: 0 | AA202: 0 | AB202: 0 | AC202: 0 | AD202: 0 | AE202: 0 | AF202: 0 | AG202: 0 | AH202: 0 | AI202: 0 | AJ202: 0 | AK202: 0 | AL202: 0 | AM202: 0 | AN202: 0 | AO202: 0 | AP202: 0 | AQ202: 0 | AR202: 0 | AS202: 0 | AT202: 0 | AU202: 0 | AV202: 0 | AW202: 0 | AX202: 0 | AY202: 0 | AZ202: 0 | BA202: 0 | BB202: 0
A203: 199 | B203: 2024JULB00242 | C203: Shreya Sethi | D203: Female | E203: D | F203: =REPT(CHAR(160),10)&Working!$E203 -> D | G203: 0 | H203: 0 | I203: 3 | J203: 0 | K203: 0 | L203: 0.6 | M203: 0 | N203: 3 | O203: 3 | P203: 0 | Q203: 3 | R203: 1.8 | S203: 0 | T203: 0 | U203: 0 | V203: 0 | W203: 0 | X203: 0 | Y203: 3 | Z203: 0 | AA203: 0 | AB203: 0 | AC203: 0 | AD203: 0.6 | AE203: 0 | AF203: 0 | AG203: 0 | AH203: 0 | AI203: 0 | AJ203: 0 | AK203: 3 | AL203: 2 | AM203: 0 | AN203: 3 | AO203: 0 | AP203: 1.6 | AQ203: 3 | AR203: 0 | AS203: 0 | AT203: 0 | AU203: 0 | AV203: 0.6 | AW203: 0 | AX203: 0 | AY203: 0 | AZ203: 2 | BA203: 3 | BB203: 1
A204: 200 | B204: 2024JULB00243 | C204: Sahil Gupta | D204: Male | E204: C | F204: =REPT(CHAR(160),10)&Working!$E204 -> C | G204: 0 | H204: 0 | I204: 2 | J204: 0 | K204: 0 | L204: 0.4 | M204: 0 | N204: 3 | O204: 2 | P204: 0 | Q204: 2 | R204: 1.4 | S204: 0 | T204: 0 | U204: 0 | V204: 0 | W204: 0 | X204: 0 | Y204: 3 | Z204: 0 | AA204: 0 | AB204: 0 | AC204: 0 | AD204: 0.6 | AE204: 0 | AF204: 0 | AG204: 0 | AH204: 0 | AI204: 0 | AJ204: 0 | AK204: 3 | AL204: 3 | AM204: 0 | AN204: 3 | AO204: 0 | AP204: 1.8 | AQ204: 2 | AR204: 0 | AS204: 0 | AT204: 0 | AU204: 0 | AV204: 0.4 | AW204: 0 | AX204: 0 | AY204: 0 | AZ204: 3 | BA204: 3 | BB204: 1.2
A205: 201 | B205: 2024JULB00244 | C205: Harshita Chauhan | D205: Male | E205: C | F205: =REPT(CHAR(160),10)&Working!$E205 -> C | G205: 0 | H205: 0 | I205: 3 | J205: 0 | K205: 0 | L205: 0.6 | M205: 0 | N205: 3 | O205: 3 | P205: 0 | Q205: 3 | R205: 1.8 | S205: 0 | T205: 0 | U205: 0 | V205: 0 | W205: 0 | X205: 0 | Y205: 2 | Z205: 0 | AA205: 0 | AB205: 0 | AC205: 0 | AD205: 0.4 | AE205: 0 | AF205: 0 | AG205: 0 | AH205: 0 | AI205: 0 | AJ205: 0 | AK205: 2 | AL205: 2 | AM205: 0 | AN205: 2 | AO205: 0 | AP205: 1.2 | AQ205: 3 | AR205: 0 | AS205: 0 | AT205: 0 | AU205: 0 | AV205: 0.6 | AW205: 0 | AX205: 0 | AY205: 0 | AZ205: 3 | BA205: 2 | BB205: 1
A206: 202 | B206: 2024JULB00245 | C206: Harshvardhan Patidar | D206: Male | E206: D | F206: =REPT(CHAR(160),10)&Working!$E206 -> D | G206: 0 | H206: 0 | I206: 0 | J206: 0 | K206: 0 | L206: 0 | M206: 0 | N206: 0 | O206: 0 | P206: 0 | Q206: 0 | R206: 0 | S206: 0 | T206: 0 | U206: 0 | V206: 0 | W206: 0 | X206: 0 | Y206: 0 | Z206: 0 | AA206: 0 | AB206: 0 | AC206: 0 | AD206: 0 | AE206: 0 | AF206: 0 | AG206: 0 | AH206: 0 | AI206: 0 | AJ206: 0 | AK206: 0 | AL206: 0 | AM206: 0 | AN206: 0 | AO206: 0 | AP206: 0 | AQ206: 0 | AR206: 0 | AS206: 0 | AT206: 0 | AU206: 0 | AV206: 0 | AW206: 0 | AX206: 0 | AY206: 0 | AZ206: 0 | BA206: 0 | BB206: 0
A207: 203 | B207: 2024JULB00246 | C207: Badhul B Pillai | D207: Male | E207: D | F207: =REPT(CHAR(160),10)&Working!$E207 -> D | G207: 0 | H207: 0 | I207: 3 | J207: 0 | K207: 0 | L207: 0.6 | M207: 0 | N207: 3 | O207: 4 | P207: 0 | Q207: 4 | R207: 2.2 | S207: 0 | T207: 0 | U207: 0 | V207: 0 | W207: 0 | X207: 0 | Y207: 4 | Z207: 0 | AA207: 0 | AB207: 0 | AC207: 0 | AD207: 0.8 | AE207: 0 | AF207: 0 | AG207: 0 | AH207: 0 | AI207: 0 | AJ207: 0 | AK207: 3 | AL207: 4 | AM207: 0 | AN207: 3 | AO207: 0 | AP207: 2 | AQ207: 3 | AR207: 0 | AS207: 0 | AT207: 0 | AU207: 0 | AV207: 0.6 | AW207: 0 | AX207: 0 | AY207: 0 | AZ207: 3 | BA207: 3 | BB207: 1.2
A208: 204 | B208: 2024JULB00247 | C208: Md ArsalanSiddiqui | D208: Male | E208: D | F208: =REPT(CHAR(160),10)&Working!$E208 -> D | G208: 0 | H208: 0 | I208: 2 | J208: 0 | K208: 0 | L208: 0.4 | M208: 0 | N208: 2 | O208: 3 | P208: 0 | Q208: 3 | R208: 1.6 | S208: 0 | T208: 0 | U208: 0 | V208: 0 | W208: 0 | X208: 0 | Y208: 2 | Z208: 0 | AA208: 0 | AB208: 0 | AC208: 0 | AD208: 0.4 | AE208: 0 | AF208: 0 | AG208: 0 | AH208: 0 | AI208: 0 | AJ208: 0 | AK208: 2 | AL208: 3 | AM208: 0 | AN208: 3 | AO208: 0 | AP208: 1.6 | AQ208: 3 | AR208: 0 | AS208: 0 | AT208: 0 | AU208: 0 | AV208: 0.6 | AW208: 0 | AX208: 0 | AY208: 0 | AZ208: 3 | BA208: 3 | BB208: 1.2
A209: 205 | B209: 2024JULB00248 | C209: Shivam Ratnani | D209: Male | E209: D | F209: =REPT(CHAR(160),10)&Working!$E209 -> D | G209: 0 | H209: 0 | I209: 2 | J209: 0 | K209: 0 | L209: 0.4 | M209: 0 | N209: 3 | O209: 3 | P209: 0 | Q209: 3 | R209: 1.8 | S209: 0 | T209: 0 | U209: 0 | V209: 0 | W209: 0 | X209: 0 | Y209: 2 | Z209: 0 | AA209: 0 | AB209: 0 | AC209: 0 | AD209: 0.4 | AE209: 0 | AF209: 0 | AG209: 0 | AH209: 0 | AI209: 0 | AJ209: 0 | AK209: 2 | AL209: 2 | AM209: 0 | AN209: 2 | AO209: 0 | AP209: 1.2 | AQ209: 2 | AR209: 0 | AS209: 0 | AT209: 0 | AU209: 0 | AV209: 0.4 | AW209: 0 | AX209: 0 | AY209: 0 | AZ209: 3 | BA209: 2 | BB209: 1
A210: 206 | B210: 2024JULB00249 | C210: Kartik Garg | D210: Male | E210: D | F210: =REPT(CHAR(160),10)&Working!$E210 -> D | G210: 0 | H210: 0 | I210: 2 | J210: 0 | K210: 0 | L210: 0.4 | M210: 0 | N210: 3 | O210: 3 | P210: 0 | Q210: 3 | R210: 1.8 | S210: 0 | T210: 0 | U210: 0 | V210: 0 | W210: 0 | X210: 0 | Y210: 2 | Z210: 0 | AA210: 0 | AB210: 0 | AC210: 0 | AD210: 0.4 | AE210: 0 | AF210: 0 | AG210: 0 | AH210: 0 | AI210: 0 | AJ210: 0 | AK210: 2 | AL210: 2 | AM210: 0 | AN210: 3 | AO210: 0 | AP210: 1.4 | AQ210: 2 | AR210: 0 | AS210: 0 | AT210: 0 | AU210: 0 | AV210: 0.4 | AW210: 0 | AX210: 0 | AY210: 0 | AZ210: 2 | BA210: 3 | BB210: 1
A211: 207 | B211: 2024JULB00250 | C211: Sanjana ManishkumarKapadia | D211: Male | E211: D | F211: =REPT(CHAR(160),10)&Working!$E211 -> D | G211: 0 | H211: 0 | I211: 2 | J211: 0 | K211: 0 | L211: 0.4 | M211: 0 | N211: 2 | O211: 3 | P211: 0 | Q211: 3 | R211: 1.6 | S211: 0 | T211: 0 | U211: 0 | V211: 0 | W211: 0 | X211: 0 | Y211: 2 | Z211: 0 | AA211: 0 | AB211: 0 | AC211: 0 | AD211: 0.4 | AE211: 0 | AF211: 0 | AG211: 0 | AH211: 0 | AI211: 0 | AJ211: 0 | AK211: 2 | AL211: 3 | AM211: 0 | AN211: 3 | AO211: 0 | AP211: 1.6 | AQ211: 3 | AR211: 0 | AS211: 0 | AT211: 0 | AU211: 0 | AV211: 0.6 | AW211: 0 | AX211: 0 | AY211: 0 | AZ211: 3 | BA211: 3 | BB211: 1.2
A212: 208 | B212: 2024JULB00251 | C212: Rishi Raj Yadav | D212: Male | E212: D | F212: =REPT(CHAR(160),10)&Working!$E212 -> D | G212: 0 | H212: 0 | I212: 3 | J212: 0 | K212: 0 | L212: 0.6 | M212: 0 | N212: 4 | O212: 3 | P212: 0 | Q212: 3 | R212: 2 | S212: 0 | T212: 0 | U212: 0 | V212: 0 | W212: 0 | X212: 0 | Y212: 4 | Z212: 0 | AA212: 0 | AB212: 0 | AC212: 0 | AD212: 0.8 | AE212: 0 | AF212: 0 | AG212: 0 | AH212: 0 | AI212: 0 | AJ212: 0 | AK212: 2 | AL212: 3 | AM212: 0 | AN212: 3 | AO212: 0 | AP212: 1.6 | AQ212: 3 | AR212: 0 | AS212: 0 | AT212: 0 | AU212: 0 | AV212: 0.6 | AW212: 0 | AX212: 0 | AY212: 0 | AZ212: 3 | BA212: 3 | BB212: 1.2
A213: 209 | B213: 2024JULB00252 | C213: Ronak Agarwal | D213: Male | E213: D | F213: =REPT(CHAR(160),10)&Working!$E213 -> D | G213: 0 | H213: 0 | I213: 2 | J213: 0 | K213: 0 | L213: 0.4 | M213: 0 | N213: 2 | O213: 2 | P213: 0 | Q213: 2 | R213: 1.2 | S213: 0 | T213: 0 | U213: 0 | V213: 0 | W213: 0 | X213: 0 | Y213: 2 | Z213: 0 | AA213: 0 | AB213: 0 | AC213: 0 | AD213: 0.4 | AE213: 0 | AF213: 0 | AG213: 0 | AH213: 0 | AI213: 0 | AJ213: 0 | AK213: 2 | AL213: 2 | AM213: 0 | AN213: 3 | AO213: 0 | AP213: 1.4 | AQ213: 2 | AR213: 0 | AS213: 0 | AT213: 0 | AU213: 0 | AV213: 0.4 | AW213: 0 | AX213: 0 | AY213: 0 | AZ213: 3 | BA213: 3 | BB213: 1.2
A214: 210 | B214: 2024JULB00253 | C214: Pritam RajuShet | D214: Male | E214: D | F214: =REPT(CHAR(160),10)&Working!$E214 -> D | G214: 0 | H214: 0 | I214: 2 | J214: 0 | K214: 0 | L214: 0.4 | M214: 0 | N214: 2 | O214: 2 | P214: 0 | Q214: 2 | R214: 1.2 | S214: 0 | T214: 0 | U214: 0 | V214: 0 | W214: 0 | X214: 0 | Y214: 3 | Z214: 0 | AA214: 0 | AB214: 0 | AC214: 0 | AD214: 0.6 | AE214: 0 | AF214: 0 | AG214: 0 | AH214: 0 | AI214: 0 | AJ214: 0 | AK214: 3 | AL214: 3 | AM214: 0 | AN214: 3 | AO214: 0 | AP214: 1.8 | AQ214: 2 | AR214: 0 | AS214: 0 | AT214: 0 | AU214: 0 | AV214: 0.4 | AW214: 0 | AX214: 0 | AY214: 0 | AZ214: 3 | BA214: 2 | BB214: 1
... A230: 226 | B230: 2024JULB00270 | C230: Rahul Gupta | D230: Male | E230: D | F230: =REPT(CHAR(160),10)&Working!$E230 -> D | G230: 0 | H230: 0 | I230: 2 | J230: 0 | K230: 0 | L230: 0.4 | M230: 0 | N230: 3 | O230: 3 | P230: 0 | Q230: 3 | R230: 1.8 | S230: 0 | T230: 0 | U230: 0 | V230: 0 | W230: 0 | X230: 0 | Y230: 3 | Z230: 0 | AA230: 0 | AB230: 0 | AC230: 0 | AD230: 0.6 | AE230: 0 | AF230: 0 | AG230: 0 | AH230: 0 | AI230: 0 | AJ230: 0 | AK230: 2 | AL230: 2 | AM230: 0 | AN230: 3 | AO230: 0 | AP230: 1.4 | AQ230: 0 | AR230: 0 | AS230: 0 | AT230: 0 | AU230: 0 | AV230: 0 | AW230: 0 | AX230: 0 | AY230: 0 | AZ230: 3 | BA230: 3 | BB230: 1.2
A231: 227 | B231: 2024JULB00272 | C231: Vikash Kumar | D231: Male | E231: D | F231: =REPT(CHAR(160),10)&Working!$E231 -> D | G231: 0 | H231: 0 | I231: A | J231: 0 | K231: 0 | L231: 0 | M231: 0 | N231: 0 | O231: 0 | P231: 0 | Q231: 0 | S231: 0 | T231: 0 | U231: 0 | V231: 0 | W231: 0 | X231: 0 | Y231: 0 | Z231: 0 | AA231: 0 | AB231: 0 | AC231: 0 | AE231: 0 | AF231: 0 | AG231: 0 | AH231: 0 | AI231: 0 | AK231: 0 | AL231: 0 | AM231: 0 | AN231: 0 | AO231: 0 | AQ231: 0 | AR231: 0 | AS231: 0 | AT231: 0 | AU231: 0 | AW231: 0 | AX231: 0 | AY231: 0 | AZ231: 0 | BA231: 0
A232: 228 | B232: 2024JULB00273 | C232: Harshit Gopawat | D232: MAle | E232: D | F232: =REPT(CHAR(160),10)&Working!$E232 -> D | G232: 0 | H232: 0 | I232: A | J232: 0 | K232: 0 | L232: 0 | M232: 0 | N232: 0 | O232: 0 | P232: 0 | Q232: 0 | S232: 0 | T232: 0 | U232: 0 | V232: 0 | W232: 0 | X232: 0 | Y232: 0 | Z232: 0 | AA232: 0 | AB232: 0 | AC232: 0 | AE232: 0 | AF232: 0 | AG232: 0 | AH232: 0 | AI232: 0 | AK232: 0 | AL232: 0 | AM232: 0 | AN232: 0 | AO232: 0 | AQ232: 0 | AR232: 0 | AS232: 0 | AT232: 0 | AU232: 0 | AW232: 0 | AX232: 0 | AY232: 0 | AZ232: 0 | BA232: 0

Sheet Sheet5
A1: Intervention Name : | C1: Story Telling | E1: C1 | F1: C2 | G1: C3 | H1: C5 | I1: E1 | J1: A1 | K1: A2 | L1: A3 | M1: A4 | N1: P1 | O1: P2 | P1: P4 | Q1: T1 | R1: D4 | S1: D5
A2: Sr# | B2: Roll Number | C2: Name | D2: Gender | E2: Section | F2: Section | G2: Analytical & Critical Thinking ( A ) | L2: Total | M2: Communication ( C ) | R2: Total | S2: Empathy ( E ) | X2: Total | Y2: Leadership( L ) | AD2: Total | AE2: Negotiation ( N ) | AJ2: Total | AK2: Problem Solving ( P ) | AP2: Total | AQ2: Team Work ( T) | AV2: Total | AW2: Discipline | BB2: Total
G3: A 1 | H3: A 2 | I3: A 3 | J3: A 4 | K3: A 5 | M3: C 1 | N3: C 2 | O3: C 3 | P3: C 4 | Q3: C 5 | S3: E 1 | T3: E 2 | U3: E 3 | V3: E 4 | W3: E 5 | Y3: L 1 | Z3: L 2 | AA3: L 3 | AB3: L 4 | AC3: L 5 | AE3: N 1 | AF3: N 2 | AG3: N 3 | AH3: N 4 | AI3: N 5 | AK3: P 1 | AL3: P 2 | AM3: P 3 | AN3: P 4 | AO3: P 5 | AQ3: T 1 | AR3: T 2 | AS3: T 3 | AT3: T 4 | AU3: T 5 | AW3: D 1 | AX3: D 2 | AY3: D 3 | AZ3: D 4 | BA3: D 5
A4: 1 | B4: 2024JULB00001 | C4: A Divya Sree | D4: Female | E4: A | F4: =REPT(CHAR(160),10)&Working!$E5 -> A | G4: =IFERROR(VLOOKUP(Table1215[[#This Row],[Column2]],Table12[[Column2]:[Column54]],6,FALSE),"0") -> 0 | H4: =IFERROR(VLOOKUP(Table1215[[#This Row],[Column2]],Table12[[Column2]:[Column54]],7,FALSE),"0") -> 0 | I4: =IFERROR(VLOOKUP(Table1215[[#This Row],[Column2]],Table12[[Column2]:[Column54]],8,FALSE),"0") -> 5 | J4: =IFERROR(VLOOKUP(Table1215[[#This Row],[Column2]],Table12[[Column2]:[Column54]],9,FALSE),"0") -> 0 | K4: =IFERROR(VLOOKUP(Table1215[[#This Row],[Column2]],Table12[[Column2]:[Column54]],10,FALSE),"0") -> 0 | L4: =Table1215[[#This Row],[Column9]] -> 5 | M4: =IFERROR(VLOOKUP(Table1215[[#This Row],[Column2]],Table12[[Column2]:[Column54]],12,FALSE),"0") -> 0 | N4: =IFERROR(VLOOKUP(Table1215[[#This Row],[Column2]],Table12[[Column2]:[Column54]],13,FALSE),"0") -> 4 | O4: =IFERROR(VLOOKUP(Table1215[[#This Row],[Column2]],Table12[[Column2]:[Column54]],14,FALSE),"0") -> 4 | P4: =IFERROR(VLOOKUP(Table1215[[#This Row],[Column2]],Table12[[Column2]:[Column54]],10,FALSE),"0") -> 0 | Q4: =IFERROR(VLOOKUP(Table1215[[#This Row],[Column2]],Table12[[Column2]:[Column54]],16,FALSE),"0") -> 4 | R4: =AVERAGE(Table1215[[#This Row],[Column14]],Table1215[[#This Row],[Column15]],Table1215[[#This Row],[Column17]]) -> 4 | S4: =IFERROR(VLOOKUP(Table1215[[#This Row],[Column2]],Table12[[Column2]:[Column54]],18,FALSE),"0") -> 0 | T4: =IFERROR(VLOOKUP(Table1215[[#This Row],[Column2]],Table12[[Column2]:[Column54]],19,FALSE),"0") -> 0 | U4: =IFERROR(VLOOKUP(Table1215[[#This Row],[Column2]],Table12[[Column2]:[Column54]],20,FALSE),"0") -> 0 | V4: =IFERROR(VLOOKUP(Table1215[[#This Row],[Column2]],Table12[[Column2]:[Column54]],21,FALSE),"0") -> 0 | W4: =IFERROR(VLOOKUP(Table1215[[#This Row],[Column2]],Table12[[Column2]:[Column54]],22,FALSE),"0") -> 0 | X4: =Table1215[[#This Row],[Column19]] -> 0 | Y4: =IFERROR(VLOOKUP(Table1215[[#This Row],[Column2]],Table12[[Column2]:[Column54]],24,FALSE),"0") -> 4 | Z4: =IFERROR(VLOOKUP(Table1215[[#This Row],[Column2]],Table12[[Column2]:[Column54]],25,FALSE),"0") -> 0 | AA4: =IFERROR(VLOOKUP(Table1215[[#This Row],[Column2]],Table12[[Column2]:[Column54]],26,FALSE),"0") -> 0 | AB4: =IFERROR(VLOOKUP(Table1215[[#This Row],[Column2]],Table12[[Column2]:[Column54]],27,FALSE),"0") -> 0 | AC4: =IFERROR(VLOOKUP(Table1215[[#This Row],[Column2]],Table12[[Column2]:[Column54]],28,FALSE),"0") -> 0 | AD4: =Table1215[[#This Row],[Column25]] -> 4 | AE4: =IFERROR(VLOOKUP(Table1215[[#This Row],[Column2]],Table12[[Column2]:[Column54]],30,FALSE),"0") -> 0 | AF4: =IFERROR(VLOOKUP(Table1215[[#This Row],[Column2]],Table12[[Column2]:[Column54]],31,FALSE),"0") -> 0 | AG4: =IFERROR(VLOOKUP(Table1215[[#This Row],[Column2]],Table12[[Column2]:[Column54]],32,FALSE),"0") -> 0 | AH4: =IFERROR(VLOOKUP(Table1215[[#This Row],[Column2]],Table12[[Column2]:[Column54]],33,FALSE),"0") -> 0 | AI4: =IFERROR(VLOOKUP(Table1215[[#This Row],[Column2]],Table12[[Column2]:[Column54]],34,FALSE),"0") -> 4 | AJ4: =AVERAGE(Table1215[[#This Row],[Column31]],Table1215[[#This Row],[Column32]],Table1215[[#This Row],[Column33]]) -> 0 | AK4: =IFERROR(VLOOKUP(Table1215[[#This Row],[Column2]],Table12[[Column2]:[Column54]],36,FALSE),"0") -> 5 | AL4: =IFERROR(VLOOKUP(Table1215[[#This Row],[Column2]],Table12[[Column2]:[Column54]],37,FALSE),"0") -> 5 | AM4: =IFERROR(VLOOKUP(Table1215[[#This Row],[Column2]],Table12[[Column2]:[Column54]],38,FALSE),"0") -> 0 | AN4: =IFERROR(VLOOKUP(Table1215[[#This Row],[Column2]],Table12[[Column2]:[Column54]],39,FALSE),"0") -> 5 | AO4: =IFERROR(VLOOKUP(Table1215[[#This Row],[Column2]],Table12[[Column2]:[Column54]],40,FALSE),"0") -> 0 | AP4: =AVERAGE(Table1215[[#This Row],[Column37]],Table1215[[#This Row],[Column38]],Table1215[[#This Row],[Column40]]) -> 5 | AQ4: =IFERROR(VLOOKUP(Table1215[[#This Row],[Column2]],Table12[[Column2]:[Column54]],42,FALSE),"0") -> 5 | AR4: =IFERROR(VLOOKUP(Table1215[[#This Row],[Column2]],Table12[[Column2]:[Column54]],43,FALSE),"0") -> 0 | AS4: =IFERROR(VLOOKUP(Table1215[[#This Row],[Column2]],Table12[[Column2]:[Column54]],44,FALSE),"0") -> 0 | AT4: =IFERROR(VLOOKUP(Table1215[[#This Row],[Column2]],Table12[[Column2]:[Column54]],45,FALSE),"0") -> 0 | AU4: =IFERROR(VLOOKUP(Table1215[[#This Row],[Column2]],Table12[[Column2]:[Column54]],46,FALSE),"0") -> 0 | AV4: =Table1215[[#This Row],[Column43]] -> 5 | AW4: =IFERROR(VLOOKUP(Table1215[[#This Row],[Column2]],Table12[[Column2]:[Column54]],48,FALSE),"0") -> 0 | AX4: =IFERROR(VLOOKUP(Table1215[[#This Row],[Column2]],Table12[[Column2]:[Column54]],49,FALSE),"0") -> 0 | AY4: =IFERROR(VLOOKUP(Table1215[[#This Row],[Column2]],Table12[[Column2]:[Column54]],50,FALSE),"0") -> 0 | AZ4: =IFERROR(VLOOKUP(Table1215[[#This Row],[Column2]],Table12[[Column2]:[Column54]],51,FALSE),"0") -> 4 | BA4: =IFERROR(VLOOKUP(Table1215[[#This Row],[Column2]],Table12[[Column2]:[Column54]],52,FALSE),"0") -> 5 | BB4: =AVERAGE(Table1215[[#This Row],[Column52]],Table1215[[#This Row],[Column53]]) -> 4.5
A5: 2 | B5: 2024JULB00002 | C5: Aaditya K | D5: Male | E5: A | F5: =REPT(CHAR(160),10)&Working!$E6 -> A | G5: =IFERROR(VLOOKUP(Table1215[[#This Row],[Column2]],Table12[[Column2]:[Column54]],6,FALSE),"0") -> 0 | H5: =IFERROR(VLOOKUP(Table1215[[#This Row],[Column2]],Table12[[Column2]:[Column54]],7,FALSE),"0") -> 0 | I5: =IFERROR(VLOOKUP(Table1215[[#This Row],[Column2]],Table12[[Column2]:[Column54]],8,FALSE),"0") -> 4 | J5: =IFERROR(VLOOKUP(Table1215[[#This Row],[Column2]],Table12[[Column2]:[Column54]],9,FALSE),"0") -> 0 | K5: =IFERROR(VLOOKUP(Table1215[[#This Row],[Column2]],Table12[[Column2]:[Column54]],10,FALSE),"0") -> 0 | L5: =Table1215[[#This Row],[Column9]] -> 4 | M5: =IFERROR(VLOOKUP(Table1215[[#This Row],[Column2]],Table12[[Column2]:[Column54]],12,FALSE),"0") -> 0 | N5: =IFERROR(VLOOKUP(Table1215[[#This Row],[Column2]],Table12[[Column2]:[Column54]],13,FALSE),"0") -> 4 | O5: =IFERROR(VLOOKUP(Table1215[[#This Row],[Column2]],Table12[[Column2]:[Column54]],14,FALSE),"0") -> 4 | P5: =IFERROR(VLOOKUP(Table1215[[#This Row],[Column2]],Table12[[Column2]:[Column54]],10,FALSE),"0") -> 0 | Q5: =IFERROR(VLOOKUP(Table1215[[#This Row],[Column2]],Table12[[Column2]:[Column54]],16,FALSE),"0") -> 4 | R5: =AVERAGE(Table1215[[#This Row],[Column14]],Table1215[[#This Row],[Column15]],Table1215[[#This Row],[Column17]]) -> 4 | S5: =IFERROR(VLOOKUP(Table1215[[#This Row],[Column2]],Table12[[Column2]:[Column54]],18,FALSE),"0") -> 0 | T5: =IFERROR(VLOOKUP(Table1215[[#This Row],[Column2]],Table12[[Column2]:[Column54]],19,FALSE),"0") -> 0 | U5: =IFERROR(VLOOKUP(Table1215[[#This Row],[Column2]],Table12[[Column2]:[Column54]],20,FALSE),"0") -> 0 | V5: =IFERROR(VLOOKUP(Table1215[[#This Row],[Column2]],Table12[[Column2]:[Column54]],21,FALSE),"0") -> 0 | W5: =IFERROR(VLOOKUP(Table1215[[#This Row],[Column2]],Table12[[Column2]:[Column54]],22,FALSE),"0") -> 0 | X5: =Table1215[[#This Row],[Column19]] -> 0 | Y5: =IFERROR(VLOOKUP(Table1215[[#This Row],[Column2]],Table12[[Column2]:[Column54]],24,FALSE),"0") -> 5 | Z5: =IFERROR(VLOOKUP(Table1215[[#This Row],[Column2]],Table12[[Column2]:[Column54]],25,FALSE),"0") -> 0 | AA5: =IFERROR(VLOOKUP(Table1215[[#This Row],[Column2]],Table12[[Column2]:[Column54]],26,FALSE),"0") -> 0 | AB5: =IFERROR(VLOOKUP(Table1215[[#This Row],[Column2]],Table12[[Column2]:[Column54]],27,FALSE),"0") -> 0 | AC5: =IFERROR(VLOOKUP(Table1215[[#This Row],[Column2]],Table12[[Column2]:[Column54]],28,FALSE),"0") -> 0 | AD5: =Table1215[[#This Row],[Column25]] -> 5 | AE5: =IFERROR(VLOOKUP(Table1215[[#This Row],[Column2]],Table12[[Column2]:[Column54]],30,FALSE),"0") -> 0 | AF5: =IFERROR(VLOOKUP(Table1215[[#This Row],[Column2]],Table12[[Column2]:[Column54]],31,FALSE),"0") -> 0 | AG5: =IFERROR(VLOOKUP(Table1215[[#This Row],[Column2]],Table12[[Column2]:[Column54]],32,FALSE),"0") -> 0 | AH5: =IFERROR(VLOOKUP(Table1215[[#This Row],[Column2]],Table12[[Column2]:[Column54]],33,FALSE),"0") -> 0 | AI5: =IFERROR(VLOOKUP(Table1215[[#This Row],[Column2]],Table12[[Column2]:[Column54]],34,FALSE),"0") -> 0 | AJ5: =AVERAGE(Table1215[[#This Row],[Column31]],Table1215[[#This Row],[Column32]],Table1215[[#This Row],[Column33]]) -> 0 | AK5: =IFERROR(VLOOKUP(Table1215[[#This Row],[Column2]],Table12[[Column2]:[Column54]],36,FALSE),"0") -> 4 | AL5: =IFERROR(VLOOKUP(Table1215[[#This Row],[Column2]],Table12[[Column2]:[Column54]],37,FALSE),"0") -> 4 | AM5: =IFERROR(VLOOKUP(Table1215[[#This Row],[Column2]],Table12[[Column2]:[Column54]],38,FALSE),"0") -> 0 | AN5: =IFERROR(VLOOKUP(Table1215[[#This Row],[Column2]],Table12[[Column2]:[Column54]],39,FALSE),"0") -> 4 | AO5: =IFERROR(VLOOKUP(Table1215[[#This Row],[Column2]],Table12[[Column2]:[Column54]],40,FALSE),"0") -> 0 | AP5: =AVERAGE(Table1215[[#This Row],[Column37]],Table1215[[#This Row],[Column38]],Table1215[[#This Row],[Column40]]) -> 4 | AQ5: =IFERROR(VLOOKUP(Table1215[[#This Row],[Column2]],Table12[[Column2]:[Column54]],42,FALSE),"0") -> 4 | AR5: =IFERROR(VLOOKUP(Table1215[[#This Row],[Column2]],Table12[[Column2]:[Column54]],43,FALSE),"0") -> 0 | AS5: =IFERROR(VLOOKUP(Table1215[[#This Row],[Column2]],Table12[[Column2]:[Column54]],44,FALSE),"0") -> 0 | AT5: =IFERROR(VLOOKUP(Table1215[[#This Row],[Column2]],Table12[[Column2]:[Column54]],45,FALSE),"0") -> 0 | AU5: =IFERROR(VLOOKUP(Table1215[[#This Row],[Column2]],Table12[[Column2]:[Column54]],46,FALSE),"0") -> 0 | AV5: =Table1215[[#This Row],[Column43]] -> 4 | AW5: =IFERROR(VLOOKUP(Table1215[[#This Row],[Column2]],Table12[[Column2]:[Column54]],48,FALSE),"0") -> 0 | AX5: =IFERROR(VLOOKUP(Table1215[[#This Row],[Column2]],Table12[[Column2]:[Column54]],49,FALSE),"0") -> 0 | AY5: =IFERROR(VLOOKUP(Table1215[[#This Row],[Column2]],Table12[[Column2]:[Column54]],50,FALSE),"0") -> 0 | AZ5: =IFERROR(VLOOKUP(Table1215[[#This Row],[Column2]],Table12[[Column2]:[Column54]],51,FALSE),"0") -> 4 | BA5: =IFERROR(VLOOKUP(Table1215[[#This Row],[Column2]],Table12[[Column2]:[Column54]],52,FALSE),"0") -> 4 | BB5: =AVERAGE(Table1215[[#This Row],[Column52]],Table1215[[#This Row],[Column53]]) -> 4
A6: 3 | B6: 2024JULB00003 | C6: Aanchal Sapra | D6: Female | E6: A | F6: =REPT(CHAR(160),10)&Working!$E7 -> A | G6: =IFERROR(VLOOKUP(Table1215[[#This Row],[Column2]],Table12[[Column2]:[Column54]],6,FALSE),"0") -> 0 | H6: =IFERROR(VLOOKUP(Table1215[[#This Row],[Column2]],Table12[[Column2]:[Column54]],7,FALSE),"0") -> 0 | I6: =IFERROR(VLOOKUP(Table1215[[#This Row],[Column2]],Table12[[Column2]:[Column54]],8,FALSE),"0") -> 4 | J6: =IFERROR(VLOOKUP(Table1215[[#This Row],[Column2]],Table12[[Column2]:[Column54]],9,FALSE),"0") -> 0 | K6: =IFERROR(VLOOKUP(Table1215[[#This Row],[Column2]],Table12[[Column2]:[Column54]],10,FALSE),"0") -> 0 | L6: =Table1215[[#This Row],[Column9]] -> 4 | M6: =IFERROR(VLOOKUP(Table1215[[#This Row],[Column2]],Table12[[Column2]:[Column54]],12,FALSE),"0") -> 0 | N6: =IFERROR(VLOOKUP(Table1215[[#This Row],[Column2]],Table12[[Column2]:[Column54]],13,FALSE),"0") -> 4 | O6: =IFERROR(VLOOKUP(Table1215[[#This Row],[Column2]],Table12[[Column2]:[Column54]],14,FALSE),"0") -> 4 | P6: =IFERROR(VLOOKUP(Table1215[[#This Row],[Column2]],Table12[[Column2]:[Column54]],10,FALSE),"0") -> 0 | Q6: =IFERROR(VLOOKUP(Table1215[[#This Row],[Column2]],Table12[[Column2]:[Column54]],16,FALSE),"0") -> 4 | R6: =AVERAGE(Table1215[[#This Row],[Column14]],Table1215[[#This Row],[Column15]],Table1215[[#This Row],[Column17]]) -> 4 | S6: =IFERROR(VLOOKUP(Table1215[[#This Row],[Column2]],Table12[[Column2]:[Column54]],18,FALSE),"0") -> 0 | T6: =IFERROR(VLOOKUP(Table1215[[#This Row],[Column2]],Table12[[Column2]:[Column54]],19,FALSE),"0") -> 0 | U6: =IFERROR(VLOOKUP(Table1215[[#This Row],[Column2]],Table12[[Column2]:[Column54]],20,FALSE),"0") -> 0 | V6: =IFERROR(VLOOKUP(Table1215[[#This Row],[Column2]],Table12[[Column2]:[Column54]],21,FALSE),"0") -> 0 | W6: =IFERROR(VLOOKUP(Table1215[[#This Row],[Column2]],Table12[[Column2]:[Column54]],22,FALSE),"0") -> 0 | X6: =Table1215[[#This Row],[Column19]] -> 0 | Y6: =IFERROR(VLOOKUP(Table1215[[#This Row],[Column2]],Table12[[Column2]:[Column54]],24,FALSE),"0") -> 4 | Z6: =IFERROR(VLOOKUP(Table1215[[#This Row],[Column2]],Table12[[Column2]:[Column54]],25,FALSE),"0") -> 0 | AA6: =IFERROR(VLOOKUP(Table1215[[#This Row],[Column2]],Table12[[Column2]:[Column54]],26,FALSE),"0") -> 0 | AB6: =IFERROR(VLOOKUP(Table1215[[#This Row],[Column2]],Table12[[Column2]:[Column54]],27,FALSE),"0") -> 0 | AC6: =IFERROR(VLOOKUP(Table1215[[#This Row],[Column2]],Table12[[Column2]:[Column54]],28,FALSE),"0") -> 0 | AD6: =Table1215[[#This Row],[Column25]] -> 4 | AE6: =IFERROR(VLOOKUP(Table1215[[#This Row],[Column2]],Table12[[Column2]:[Column54]],30,FALSE),"0") -> 0 | AF6: =IFERROR(VLOOKUP(Table1215[[#This Row],[Column2]],Table12[[Column2]:[Column54]],31,FALSE),"0") -> 0 | AG6: =IFERROR(VLOOKUP(Table1215[[#This Row],[Column2]],Table12[[Column2]:[Column54]],32,FALSE),"0") -> 0 | AH6: =IFERROR(VLOOKUP(Table1215[[#This Row],[Column2]],Table12[[Column2]:[Column54]],33,FALSE),"0") -> 0 | AI6: =IFERROR(VLOOKUP(Table1215[[#This Row],[Column2]],Table12[[Column2]:[Column54]],34,FALSE),"0") -> 0 | AJ6: =AVERAGE(Table1215[[#This Row],[Column31]],Table1215[[#This Row],[Column32]],Table1215[[#This Row],[Column33]]) -> 0 | AK6: =IFERROR(VLOOKUP(Table1215[[#This Row],[Column2]],Table12[[Column2]:[Column54]],36,FALSE),"0") -> 4 | AL6: =IFERROR(VLOOKUP(Table1215[[#This Row],[Column2]],Table12[[Column2]:[Column54]],37,FALSE),"0") -> 4 | AM6: =IFERROR(VLOOKUP(Table1215[[#This Row],[Column2]],Table12[[Column2]:[Column54]],38,FALSE),"0") -> 0 | AN6: =IFERROR(VLOOKUP(Table1215[[#This Row],[Column2]],Table12[[Column2]:[Column54]],39,FALSE),"0") -> 4 | AO6: =IFERROR(VLOOKUP(Table1215[[#This Row],[Column2]],Table12[[Column2]:[Column54]],40,FALSE),"0") -> 0 | AP6: =AVERAGE(Table1215[[#This Row],[Column37]],Table1215[[#This Row],[Column38]],Table1215[[#This Row],[Column40]]) -> 4 | AQ6: =IFERROR(VLOOKUP(Table1215[[#This Row],[Column2]],Table12[[Column2]:[Column54]],42,FALSE),"0") -> 4 | AR6: =IFERROR(VLOOKUP(Table1215[[#This Row],[Column2]],Table12[[Column2]:[Column54]],43,FALSE),"0") -> 0 | AS6: =IFERROR(VLOOKUP(Table1215[[#This Row],[Column2]],Table12[[Column2]:[Column54]],44,FALSE),"0") -> 0 | AT6: =IFERROR(VLOOKUP(Table1215[[#This Row],[Column2]],Table12[[Column2]:[Column54]],45,FALSE),"0") -> 0 | AU6: =IFERROR(VLOOKUP(Table1215[[#This Row],[Column2]],Table12[[Column2]:[Column54]],46,FALSE),"0") -> 0 | AV6: =Table1215[[#This Row],[Column43]] -> 4 | AW6: =IFERROR(VLOOKUP(Table1215[[#This Row],[Column2]],Table12[[Column2]:[Column54]],48,FALSE),"0") -> 0 | AX6: =IFERROR(VLOOKUP(Table1215[[#This Row],[Column2]],Table12[[Column2]:[Column54]],49,FALSE),"0") -> 0 | AY6: =IFERROR(VLOOKUP(Table1215[[#This Row],[Column2]],Table12[[Column2]:[Column54]],50,FALSE),"0") -> 0 | AZ6: =IFERROR(VLOOKUP(Table1215[[#This Row],[Column2]],Table12[[Column2]:[Column54]],51,FALSE),"0") -> 4 | BA6: =IFERROR(VLOOKUP(Table1215[[#This Row],[Column2]],Table12[[Column2]:[Column54]],52,FALSE),"0") -> 4 | BB6: =AVERAGE(Table1215[[#This Row],[Column52]],Table1215[[#This Row],[Column53]]) -> 4
A7: 4 | B7: 2024JULB00004 | C7: Abhinav B | D7: Male | E7: A | F7: =REPT(CHAR(160),10)&Working!$E8 -> A | G7: =IFERROR(VLOOKUP(Table1215[[#This Row],[Column2]],Table12[[Column2]:[Column54]],6,FALSE),"0") -> 0 | H7: =IFERROR(VLOOKUP(Table1215[[#This Row],[Column2]],Table12[[Column2]:[Column54]],7,FALSE),"0") -> 0 | I7: =IFERROR(VLOOKUP(Table1215[[#This Row],[Column2]],Table12[[Column2]:[Column54]],8,FALSE),"0") -> 4 | J7: =IFERROR(VLOOKUP(Table1215[[#This Row],[Column2]],Table12[[Column2]:[Column54]],9,FALSE),"0") -> 0 | K7: =IFERROR(VLOOKUP(Table1215[[#This Row],[Column2]],Table12[[Column2]:[Column54]],10,FALSE),"0") -> 0 | L7: =Table1215[[#This Row],[Column9]] -> 4 | M7: =IFERROR(VLOOKUP(Table1215[[#This Row],[Column2]],Table12[[Column2]:[Column54]],12,FALSE),"0") -> 0 | N7: =IFERROR(VLOOKUP(Table1215[[#This Row],[Column2]],Table12[[Column2]:[Column54]],13,FALSE),"0") -> 4 | O7: =IFERROR(VLOOKUP(Table1215[[#This Row],[Column2]],Table12[[Column2]:[Column54]],14,FALSE),"0") -> 5 | P7: =IFERROR(VLOOKUP(Table1215[[#This Row],[Column2]],Table12[[Column2]:[Column54]],10,FALSE),"0") -> 0 | Q7: =IFERROR(VLOOKUP(Table1215[[#This Row],[Column2]],Table12[[Column2]:[Column54]],16,FALSE),"0") -> 5 | R7: =AVERAGE(Table1215[[#This Row],[Column14]],Table1215[[#This Row],[Column15]],Table1215[[#This Row],[Column17]]) -> 4.6666667 | S7: =IFERROR(VLOOKUP(Table1215[[#This Row],[Column2]],Table12[[Column2]:[Column54]],18,FALSE),"0") -> 0 | T7: =IFERROR(VLOOKUP(Table1215[[#This Row],[Column2]],Table12[[Column2]:[Column54]],19,FALSE),"0") -> 0 | U7: =IFERROR(VLOOKUP(Table1215[[#This Row],[Column2]],Table12[[Column2]:[Column54]],20,FALSE),"0") -> 0 | V7: =IFERROR(VLOOKUP(Table1215[[#This Row],[Column2]],Table12[[Column2]:[Column54]],21,FALSE),"0") -> 0 | W7: =IFERROR(VLOOKUP(Table1215[[#This Row],[Column2]],Table12[[Column2]:[Column54]],22,FALSE),"0") -> 0 | X7: =Table1215[[#This Row],[Column19]] -> 0 | Y7: =IFERROR(VLOOKUP(Table1215[[#This Row],[Column2]],Table12[[Column2]:[Column54]],24,FALSE),"0") -> 4 | Z7: =IFERROR(VLOOKUP(Table1215[[#This Row],[Column2]],Table12[[Column2]:[Column54]],25,FALSE),"0") -> 0 | AA7: =IFERROR(VLOOKUP(Table1215[[#This Row],[Column2]],Table12[[Column2]:[Column54]],26,FALSE),"0") -> 0 | AB7: =IFERROR(VLOOKUP(Table1215[[#This Row],[Column2]],Table12[[Column2]:[Column54]],27,FALSE),"0") -> 0 | AC7: =IFERROR(VLOOKUP(Table1215[[#This Row],[Column2]],Table12[[Column2]:[Column54]],28,FALSE),"0") -> 0 | AD7: =Table1215[[#This Row],[Column25]] -> 4 | AE7: =IFERROR(VLOOKUP(Table1215[[#This Row],[Column2]],Table12[[Column2]:[Column54]],30,FALSE),"0") -> 0 | AF7: =IFERROR(VLOOKUP(Table1215[[#This Row],[Column2]],Table12[[Column2]:[Column54]],31,FALSE),"0") -> 0 | AG7: =IFERROR(VLOOKUP(Table1215[[#This Row],[Column2]],Table12[[Column2]:[Column54]],32,FALSE),"0") -> 0 | AH7: =IFERROR(VLOOKUP(Table1215[[#This Row],[Column2]],Table12[[Column2]:[Column54]],33,FALSE),"0") -> 0 | AI7: =IFERROR(VLOOKUP(Table1215[[#This Row],[Column2]],Table12[[Column2]:[Column54]],34,FALSE),"0") -> 0 | AJ7: =AVERAGE(Table1215[[#This Row],[Column31]],Table1215[[#This Row],[Column32]],Table1215[[#This Row],[Column33]]) -> 0 | AK7: =IFERROR(VLOOKUP(Table1215[[#This Row],[Column2]],Table12[[Column2]:[Column54]],36,FALSE),"0") -> 5 | AL7: =IFERROR(VLOOKUP(Table1215[[#This Row],[Column2]],Table12[[Column2]:[Column54]],37,FALSE),"0") -> 4 | AM7: =IFERROR(VLOOKUP(Table1215[[#This Row],[Column2]],Table12[[Column2]:[Column54]],38,FALSE),"0") -> 0 | AN7: =IFERROR(VLOOKUP(Table1215[[#This Row],[Column2]],Table12[[Column2]:[Column54]],39,FALSE),"0") -> 4 | AO7: =IFERROR(VLOOKUP(Table1215[[#This Row],[Column2]],Table12[[Column2]:[Column54]],40,FALSE),"0") -> 0 | AP7: =AVERAGE(Table1215[[#This Row],[Column37]],Table1215[[#This Row],[Column38]],Table1215[[#This Row],[Column40]]) -> 4.3333333 | AQ7: =IFERROR(VLOOKUP(Table1215[[#This Row],[Column2]],Table12[[Column2]:[Column54]],42,FALSE),"0") -> 5 | AR7: =IFERROR(VLOOKUP(Table1215[[#This Row],[Column2]],Table12[[Column2]:[Column54]],43,FALSE),"0") -> 0 | AS7: =IFERROR(VLOOKUP(Table1215[[#This Row],[Column2]],Table12[[Column2]:[Column54]],44,FALSE),"0") -> 0 | AT7: =IFERROR(VLOOKUP(Table1215[[#This Row],[Column2]],Table12[[Column2]:[Column54]],45,FALSE),"0") -> 0 | AU7: =IFERROR(VLOOKUP(Table1215[[#This Row],[Column2]],Table12[[Column2]:[Column54]],46,FALSE),"0") -> 0 | AV7: =Table1215[[#This Row],[Column43]] -> 5 | AW7: =IFERROR(VLOOKUP(Table1215[[#This Row],[Column2]],Table12[[Column2]:[Column54]],48,FALSE),"0") -> 0 | AX7: =IFERROR(VLOOKUP(Table1215[[#This Row],[Column2]],Table12[[Column2]:[Column54]],49,FALSE),"0") -> 0 | AY7: =IFERROR(VLOOKUP(Table1215[[#This Row],[Column2]],Table12[[Column2]:[Column54]],50,FALSE),"0") -> 0 | AZ7: =IFERROR(VLOOKUP(Table1215[[#This Row],[Column2]],Table12[[Column2]:[Column54]],51,FALSE),"0") -> 4 | BA7: =IFERROR(VLOOKUP(Table1215[[#This Row],[Column2]],Table12[[Column2]:[Column54]],52,FALSE),"0") -> 4 | BB7: =AVERAGE(Table1215[[#This Row],[Column52]],Table1215[[#This Row],[Column53]]) -> 4
A8: 5 | B8: 2024JULB00005 | C8: Abhirup Choudhury | D8: Male | E8: D | F8: =REPT(CHAR(160),10)&Working!$E9 -> D | G8: =IFERROR(VLOOKUP(Table1215[[#This Row],[Column2]],Table12[[Column2]:[Column54]],6,FALSE),"0") -> 0 | H8: =IFERROR(VLOOKUP(Table1215[[#This Row],[Column2]],Table12[[Column2]:[Column54]],7,FALSE),"0") -> 0 | I8: =IFERROR(VLOOKUP(Table1215[[#This Row],[Column2]],Table12[[Column2]:[Column54]],8,FALSE),"0") -> A | J8: =IFERROR(VLOOKUP(Table1215[[#This Row],[Column2]],Table12[[Column2]:[Column54]],9,FALSE),"0") -> 0 | K8: =IFERROR(VLOOKUP(Table1215[[#This Row],[Column2]],Table12[[Column2]:[Column54]],10,FALSE),"0") -> 0 | L8: =Table1215[[#This Row],[Column9]] -> A | M8: =IFERROR(VLOOKUP(Table1215[[#This Row],[Column2]],Table12[[Column2]:[Column54]],12,FALSE),"0") -> 0 | N8: =IFERROR(VLOOKUP(Table1215[[#This Row],[Column2]],Table12[[Column2]:[Column54]],13,FALSE),"0") -> 0 | O8: =IFERROR(VLOOKUP(Table1215[[#This Row],[Column2]],Table12[[Column2]:[Column54]],14,FALSE),"0") -> 0 | P8: =IFERROR(VLOOKUP(Table1215[[#This Row],[Column2]],Table12[[Column2]:[Column54]],10,FALSE),"0") -> 0 | Q8: =IFERROR(VLOOKUP(Table1215[[#This Row],[Column2]],Table12[[Column2]:[Column54]],16,FALSE),"0") -> 0 | R8: =AVERAGE(Table1215[[#This Row],[Column14]],Table1215[[#This Row],[Column15]],Table1215[[#This Row],[Column17]]) -> #DIV/0! | S8: =IFERROR(VLOOKUP(Table1215[[#This Row],[Column2]],Table12[[Column2]:[Column54]],18,FALSE),"0") -> 0 | T8: =IFERROR(VLOOKUP(Table1215[[#This Row],[Column2]],Table12[[Column2]:[Column54]],19,FALSE),"0") -> 0 | U8: =IFERROR(VLOOKUP(Table1215[[#This Row],[Column2]],Table12[[Column2]:[Column54]],20,FALSE),"0") -> 0 | V8: =IFERROR(VLOOKUP(Table1215[[#This Row],[Column2]],Table12[[Column2]:[Column54]],21,FALSE),"0") -> 0 | W8: =IFERROR(VLOOKUP(Table1215[[#This Row],[Column2]],Table12[[Column2]:[Column54]],22,FALSE),"0") -> 0 | X8: =Table1215[[#This Row],[Column19]] -> 0 | Y8: =IFERROR(VLOOKUP(Table1215[[#This Row],[Column2]],Table12[[Column2]:[Column54]],24,FALSE),"0") -> 0 | Z8: =IFERROR(VLOOKUP(Table1215[[#This Row],[Column2]],Table12[[Column2]:[Column54]],25,FALSE),"0") -> 0 | AA8: =IFERROR(VLOOKUP(Table1215[[#This Row],[Column2]],Table12[[Column2]:[Column54]],26,FALSE),"0") -> 0 | AB8: =IFERROR(VLOOKUP(Table1215[[#This Row],[Column2]],Table12[[Column2]:[Column54]],27,FALSE),"0") -> 0 | AC8: =IFERROR(VLOOKUP(Table1215[[#This Row],[Column2]],Table12[[Column2]:[Column54]],28,FALSE),"0") -> 0 | AD8: =Table1215[[#This Row],[Column25]] -> 0 | AE8: =IFERROR(VLOOKUP(Table1215[[#This Row],[Column2]],Table12[[Column2]:[Column54]],30,FALSE),"0") -> 0 | AF8: =IFERROR(VLOOKUP(Table1215[[#This Row],[Column2]],Table12[[Column2]:[Column54]],31,FALSE),"0") -> 0 | AG8: =IFERROR(VLOOKUP(Table1215[[#This Row],[Column2]],Table12[[Column2]:[Column54]],32,FALSE),"0") -> 0 | AH8: =IFERROR(VLOOKUP(Table1215[[#This Row],[Column2]],Table12[[Column2]:[Column54]],33,FALSE),"0") -> 0 | AI8: =IFERROR(VLOOKUP(Table1215[[#This Row],[Column2]],Table12[[Column2]:[Column54]],34,FALSE),"0") -> 0 | AJ8: =AVERAGE(Table1215[[#This Row],[Column31]],Table1215[[#This Row],[Column32]],Table1215[[#This Row],[Column33]]) -> 0 | AK8: =IFERROR(VLOOKUP(Table1215[[#This Row],[Column2]],Table12[[Column2]:[Column54]],36,FALSE),"0") -> 0 | AL8: =IFERROR(VLOOKUP(Table1215[[#This Row],[Column2]],Table12[[Column2]:[Column54]],37,FALSE),"0") -> 0 | AM8: =IFERROR(VLOOKUP(Table1215[[#This Row],[Column2]],Table12[[Column2]:[Column54]],38,FALSE),"0") -> 0 | AN8: =IFERROR(VLOOKUP(Table1215[[#This Row],[Column2]],Table12[[Column2]:[Column54]],39,FALSE),"0") -> 0 | AO8: =IFERROR(VLOOKUP(Table1215[[#This Row],[Column2]],Table12[[Column2]:[Column54]],40,FALSE),"0") -> 0 | AP8: =AVERAGE(Table1215[[#This Row],[Column37]],Table1215[[#This Row],[Column38]],Table1215[[#This Row],[Column40]]) -> #DIV/0! | AQ8: =IFERROR(VLOOKUP(Table1215[[#This Row],[Column2]],Table12[[Column2]:[Column54]],42,FALSE),"0") -> 0 | AR8: =IFERROR(VLOOKUP(Table1215[[#This Row],[Column2]],Table12[[Column2]:[Column54]],43,FALSE),"0") -> 0 | AS8: =IFERROR(VLOOKUP(Table1215[[#This Row],[Column2]],Table12[[Column2]:[Column54]],44,FALSE),"0") -> 0 | AT8: =IFERROR(VLOOKUP(Table1215[[#This Row],[Column2]],Table12[[Column2]:[Column54]],45,FALSE),"0") -> 0 | AU8: =IFERROR(VLOOKUP(Table1215[[#This Row],[Column2]],Table12[[Column2]:[Column54]],46,FALSE),"0") -> 0 | AV8: =Table1215[[#This Row],[Column43]] -> 0 | AW8: =IFERROR(VLOOKUP(Table1215[[#This Row],[Column2]],Table12[[Column2]:[Column54]],48,FALSE),"0") -> 0 | AX8: =IFERROR(VLOOKUP(Table1215[[#This Row],[Column2]],Table12[[Column2]:[Column54]],49,FALSE),"0") -> 0 | AY8: =IFERROR(VLOOKUP(Table1215[[#This Row],[Column2]],Table12[[Column2]:[Column54]],50,FALSE),"0") -> 0 | AZ8: =IFERROR(VLOOKUP(Table1215[[#This Row],[Column2]],Table12[[Column2]:[Column54]],51,FALSE),"0") -> 0 | BA8: =IFERROR(VLOOKUP(Table1215[[#This Row],[Column2]],Table12[[Column2]:[Column54]],52,FALSE),"0") -> 0 | BB8: =AVERAGE(Table1215[[#This Row],[Column52]],Table1215[[#This Row],[Column53]]) -> #DIV/0!
A9: 6 | B9: 2024JULB00006 | C9: Abhyuday Tripathi | D9: Male | E9: A | F9: =REPT(CHAR(160),10)&Working!$E10 -> A | G9: =IFERROR(VLOOKUP(Table1215[[#This Row],[Column2]],Table12[[Column2]:[Column54]],6,FALSE),"0") -> 0 | H9: =IFERROR(VLOOKUP(Table1215[[#This Row],[Column2]],Table12[[Column2]:[Column54]],7,FALSE),"0") -> 0 | I9: =IFERROR(VLOOKUP(Table1215[[#This Row],[Column2]],Table12[[Column2]:[Column54]],8,FALSE),"0") -> 4 | J9: =IFERROR(VLOOKUP(Table1215[[#This Row],[Column2]],Table12[[Column2]:[Column54]],9,FALSE),"0") -> 0 | K9: =IFERROR(VLOOKUP(Table1215[[#This Row],[Column2]],Table12[[Column2]:[Column54]],10,FALSE),"0") -> 0 | L9: =Table1215[[#This Row],[Column9]] -> 4 | M9: =IFERROR(VLOOKUP(Table1215[[#This Row],[Column2]],Table12[[Column2]:[Column54]],12,FALSE),"0") -> 0 | N9: =IFERROR(VLOOKUP(Table1215[[#This Row],[Column2]],Table12[[Column2]:[Column54]],13,FALSE),"0") -> 5 | O9: =IFERROR(VLOOKUP(Table1215[[#This Row],[Column2]],Table12[[Column2]:[Column54]],14,FALSE),"0") -> 4 | P9: =IFERROR(VLOOKUP(Table1215[[#This Row],[Column2]],Table12[[Column2]:[Column54]],10,FALSE),"0") -> 0 | Q9: =IFERROR(VLOOKUP(Table1215[[#This Row],[Column2]],Table12[[Column2]:[Column54]],16,FALSE),"0") -> 4 | R9: =AVERAGE(Table1215[[#This Row],[Column14]],Table1215[[#This Row],[Column15]],Table1215[[#This Row],[Column17]]) -> 4.3333333 | S9: =IFERROR(VLOOKUP(Table1215[[#This Row],[Column2]],Table12[[Column2]:[Column54]],18,FALSE),"0") -> 0 | T9: =IFERROR(VLOOKUP(Table1215[[#This Row],[Column2]],Table12[[Column2]:[Column54]],19,FALSE),"0") -> 0 | U9: =IFERROR(VLOOKUP(Table1215[[#This Row],[Column2]],Table12[[Column2]:[Column54]],20,FALSE),"0") -> 0 | V9: =IFERROR(VLOOKUP(Table1215[[#This Row],[Column2]],Table12[[Column2]:[Column54]],21,FALSE),"0") -> 0 | W9: =IFERROR(VLOOKUP(Table1215[[#This Row],[Column2]],Table12[[Column2]:[Column54]],22,FALSE),"0") -> 0 | X9: =Table1215[[#This Row],[Column19]] -> 0 | Y9: =IFERROR(VLOOKUP(Table1215[[#This Row],[Column2]],Table12[[Column2]:[Column54]],24,FALSE),"0") -> 5 | Z9: =IFERROR(VLOOKUP(Table1215[[#This Row],[Column2]],Table12[[Column2]:[Column54]],25,FALSE),"0") -> 0 | AA9: =IFERROR(VLOOKUP(Table1215[[#This Row],[Column2]],Table12[[Column2]:[Column54]],26,FALSE),"0") -> 0 | AB9: =IFERROR(VLOOKUP(Table1215[[#This Row],[Column2]],Table12[[Column2]:[Column54]],27,FALSE),"0") -> 0 | AC9: =IFERROR(VLOOKUP(Table1215[[#This Row],[Column2]],Table12[[Column2]:[Column54]],28,FALSE),"0") -> 0 | AD9: =Table1215[[#This Row],[Column25]] -> 5 | AE9: =IFERROR(VLOOKUP(Table1215[[#This Row],[Column2]],Table12[[Column2]:[Column54]],30,FALSE),"0") -> 0 | AF9: =IFERROR(VLOOKUP(Table1215[[#This Row],[Column2]],Table12[[Column2]:[Column54]],31,FALSE),"0") -> 0 | AG9: =IFERROR(VLOOKUP(Table1215[[#This Row],[Column2]],Table12[[Column2]:[Column54]],32,FALSE),"0") -> 0 | AH9: =IFERROR(VLOOKUP(Table1215[[#This Row],[Column2]],Table12[[Column2]:[Column54]],33,FALSE),"0") -> 0 | AI9: =IFERROR(VLOOKUP(Table1215[[#This Row],[Column2]],Table12[[Column2]:[Column54]],34,FALSE),"0") -> 0 | AJ9: =AVERAGE(Table1215[[#This Row],[Column31]],Table1215[[#This Row],[Column32]],Table1215[[#This Row],[Column33]]) -> 0 | AK9: =IFERROR(VLOOKUP(Table1215[[#This Row],[Column2]],Table12[[Column2]:[Column54]],36,FALSE),"0") -> 5 | AL9: =IFERROR(VLOOKUP(Table1215[[#This Row],[Column2]],Table12[[Column2]:[Column54]],37,FALSE),"0") -> 5 | AM9: =IFERROR(VLOOKUP(Table1215[[#This Row],[Column2]],Table12[[Column2]:[Column54]],38,FALSE),"0") -> 0 | AN9: =IFERROR(VLOOKUP(Table1215[[#This Row],[Column2]],Table12[[Column2]:[Column54]],39,FALSE),"0") -> 5 | AO9: =IFERROR(VLOOKUP(Table1215[[#This Row],[Column2]],Table12[[Column2]:[Column54]],40,FALSE),"0") -> 0 | AP9: =AVERAGE(Table1215[[#This Row],[Column37]],Table1215[[#This Row],[Column38]],Table1215[[#This Row],[Column40]]) -> 5 | AQ9: =IFERROR(VLOOKUP(Table1215[[#This Row],[Column2]],Table12[[Column2]:[Column54]],42,FALSE),"0") -> 5 | AR9: =IFERROR(VLOOKUP(Table1215[[#This Row],[Column2]],Table12[[Column2]:[Column54]],43,FALSE),"0") -> 0 | AS9: =IFERROR(VLOOKUP(Table1215[[#This Row],[Column2]],Table12[[Column2]:[Column54]],44,FALSE),"0") -> 0 | AT9: =IFERROR(VLOOKUP(Table1215[[#This Row],[Column2]],Table12[[Column2]:[Column54]],45,FALSE),"0") -> 0 | AU9: =IFERROR(VLOOKUP(Table1215[[#This Row],[Column2]],Table12[[Column2]:[Column54]],46,FALSE),"0") -> 0 | AV9: =Table1215[[#This Row],[Column43]] -> 5 | AW9: =IFERROR(VLOOKUP(Table1215[[#This Row],[Column2]],Table12[[Column2]:[Column54]],48,FALSE),"0") -> 0 | AX9: =IFERROR(VLOOKUP(Table1215[[#This Row],[Column2]],Table12[[Column2]:[Column54]],49,FALSE),"0") -> 0 | AY9: =IFERROR(VLOOKUP(Table1215[[#This Row],[Column2]],Table12[[Column2]:[Column54]],50,FALSE),"0") -> 0 | AZ9: =IFERROR(VLOOKUP(Table1215[[#This Row],[Column2]],Table12[[Column2]:[Column54]],51,FALSE),"0") -> 5 | BA9: =IFERROR(VLOOKUP(Table1215[[#This Row],[Column2]],Table12[[Column2]:[Column54]],52,FALSE),"0") -> 5 | BB9: =AVERAGE(Table1215[[#This Row],[Column52]],Table1215[[#This Row],[Column53]]) -> 5
A10: 7 | B10: 2024JULB00007 | C10: Adarsh G | D10: Male | E10: A | F10: =REPT(CHAR(160),10)&Working!$E11 -> A | G10: =IFERROR(VLOOKUP(Table1215[[#This Row],[Column2]],Table12[[Column2]:[Column54]],6,FALSE),"0") -> 0 | H10: =IFERROR(VLOOKUP(Table1215[[#This Row],[Column2]],Table12[[Column2]:[Column54]],7,FALSE),"0") -> 0 | I10: =IFERROR(VLOOKUP(Table1215[[#This Row],[Column2]],Table12[[Column2]:[Column54]],8,FALSE),"0") -> 5 | J10: =IFERROR(VLOOKUP(Table1215[[#This Row],[Column2]],Table12[[Column2]:[Column54]],9,FALSE),"0") -> 0 | K10: =IFERROR(VLOOKUP(Table1215[[#This Row],[Column2]],Table12[[Column2]:[Column54]],10,FALSE),"0") -> 0 | L10: =Table1215[[#This Row],[Column9]] -> 5 | M10: =IFERROR(VLOOKUP(Table1215[[#This Row],[Column2]],Table12[[Column2]:[Column54]],12,FALSE),"0") -> 0 | N10: =IFERROR(VLOOKUP(Table1215[[#This Row],[Column2]],Table12[[Column2]:[Column54]],13,FALSE),"0") -> 5 | O10: =IFERROR(VLOOKUP(Table1215[[#This Row],[Column2]],Table12[[Column2]:[Column54]],14,FALSE),"0") -> 5 | P10: =IFERROR(VLOOKUP(Table1215[[#This Row],[Column2]],Table12[[Column2]:[Column54]],10,FALSE),"0") -> 0 | Q10: =IFERROR(VLOOKUP(Table1215[[#This Row],[Column2]],Table12[[Column2]:[Column54]],16,FALSE),"0") -> 5 | R10: =AVERAGE(Table1215[[#This Row],[Column14]],Table1215[[#This Row],[Column15]],Table1215[[#This Row],[Column17]]) -> 5 | S10: =IFERROR(VLOOKUP(Table1215[[#This Row],[Column2]],Table12[[Column2]:[Column54]],18,FALSE),"0") -> 0 | T10: =IFERROR(VLOOKUP(Table1215[[#This Row],[Column2]],Table12[[Column2]:[Column54]],19,FALSE),"0") -> 0 | U10: =IFERROR(VLOOKUP(Table1215[[#This Row],[Column2]],Table12[[Column2]:[Column54]],20,FALSE),"0") -> 0 | V10: =IFERROR(VLOOKUP(Table1215[[#This Row],[Column2]],Table12[[Column2]:[Column54]],21,FALSE),"0") -> 0 | W10: =IFERROR(VLOOKUP(Table1215[[#This Row],[Column2]],Table12[[Column2]:[Column54]],22,FALSE),"0") -> 0 | X10: =Table1215[[#This Row],[Column19]] -> 0 | Y10: =IFERROR(VLOOKUP(Table1215[[#This Row],[Column2]],Table12[[Column2]:[Column54]],24,FALSE),"0") -> 5 | Z10: =IFERROR(VLOOKUP(Table1215[[#This Row],[Column2]],Table12[[Column2]:[Column54]],25,FALSE),"0") -> 0 | AA10: =IFERROR(VLOOKUP(Table1215[[#This Row],[Column2]],Table12[[Column2]:[Column54]],26,FALSE),"0") -> 0 | AB10: =IFERROR(VLOOKUP(Table1215[[#This Row],[Column2]],Table12[[Column2]:[Column54]],27,FALSE),"0") -> 0 | AC10: =IFERROR(VLOOKUP(Table1215[[#This Row],[Column2]],Table12[[Column2]:[Column54]],28,FALSE),"0") -> 0 | AD10: =Table1215[[#This Row],[Column25]] -> 5 | AE10: =IFERROR(VLOOKUP(Table1215[[#This Row],[Column2]],Table12[[Column2]:[Column54]],30,FALSE),"0") -> 0 | AF10: =IFERROR(VLOOKUP(Table1215[[#This Row],[Column2]],Table12[[Column2]:[Column54]],31,FALSE),"0") -> 0 | AG10: =IFERROR(VLOOKUP(Table1215[[#This Row],[Column2]],Table12[[Column2]:[Column54]],32,FALSE),"0") -> 0 | AH10: =IFERROR(VLOOKUP(Table1215[[#This Row],[Column2]],Table12[[Column2]:[Column54]],33,FALSE),"0") -> 0 | AI10: =IFERROR(VLOOKUP(Table1215[[#This Row],[Column2]],Table12[[Column2]:[Column54]],34,FALSE),"0") -> 0 | AJ10: =AVERAGE(Table1215[[#This Row],[Column31]],Table1215[[#This Row],[Column32]],Table1215[[#This Row],[Column33]]) -> 0 | AK10: =IFERROR(VLOOKUP(Table1215[[#This Row],[Column2]],Table12[[Column2]:[Column54]],36,FALSE),"0") -> 4 | AL10: =IFERROR(VLOOKUP(Table1215[[#This Row],[Column2]],Table12[[Column2]:[Column54]],37,FALSE),"0") -> 5 | AM10: =IFERROR(VLOOKUP(Table1215[[#This Row],[Column2]],Table12[[Column2]:[Column54]],38,FALSE),"0") -> 0 | AN10: =IFERROR(VLOOKUP(Table1215[[#This Row],[Column2]],Table12[[Column2]:[Column54]],39,FALSE),"0") -> 5 | AO10: =IFERROR(VLOOKUP(Table1215[[#This Row],[Column2]],Table12[[Column2]:[Column54]],40,FALSE),"0") -> 0 | AP10: =AVERAGE(Table1215[[#This Row],[Column37]],Table1215[[#This Row],[Column38]],Table1215[[#This Row],[Column40]]) -> 4.6666667 | AQ10: =IFERROR(VLOOKUP(Table1215[[#This Row],[Column2]],Table12[[Column2]:[Column54]],42,FALSE),"0") -> 5 | AR10: =IFERROR(VLOOKUP(Table1215[[#This Row],[Column2]],Table12[[Column2]:[Column54]],43,FALSE),"0") -> 0 | AS10: =IFERROR(VLOOKUP(Table1215[[#This Row],[Column2]],Table12[[Column2]:[Column54]],44,FALSE),"0") -> 0 | AT10: =IFERROR(VLOOKUP(Table1215[[#This Row],[Column2]],Table12[[Column2]:[Column54]],45,FALSE),"0") -> 0 | AU10: =IFERROR(VLOOKUP(Table1215[[#This Row],[Column2]],Table12[[Column2]:[Column54]],46,FALSE),"0") -> 0 | AV10: =Table1215[[#This Row],[Column43]] -> 5 | AW10: =IFERROR(VLOOKUP(Table1215[[#This Row],[Column2]],Table12[[Column2]:[Column54]],48,FALSE),"0") -> 0 | AX10: =IFERROR(VLOOKUP(Table1215[[#This Row],[Column2]],Table12[[Column2]:[Column54]],49,FALSE),"0") -> 0 | AY10: =IFERROR(VLOOKUP(Table1215[[#This Row],[Column2]],Table12[[Column2]:[Column54]],50,FALSE),"0") -> 0 | AZ10: =IFERROR(VLOOKUP(Table1215[[#This Row],[Column2]],Table12[[Column2]:[Column54]],51,FALSE),"0") -> 5 | BA10: =IFERROR(VLOOKUP(Table1215[[#This Row],[Column2]],Table12[[Column2]:[Column54]],52,FALSE),"0") -> 4 | BB10: =AVERAGE(Table1215[[#This Row],[Column52]],Table1215[[#This Row],[Column53]]) -> 4.5
A11: 8 | B11: 2024JULB00008 | C11: Adarsh Raj Barman | D11: Male | E11: C | F11: =REPT(CHAR(160),10)&Working!$E12 -> C | G11: =IFERROR(VLOOKUP(Table1215[[#This Row],[Column2]],Table12[[Column2]:[Column54]],6,FALSE),"0") -> 0 | H11: =IFERROR(VLOOKUP(Table1215[[#This Row],[Column2]],Table12[[Column2]:[Column54]],7,FALSE),"0") -> 0 | I11: =IFERROR(VLOOKUP(Table1215[[#This Row],[Column2]],Table12[[Column2]:[Column54]],8,FALSE),"0") -> 4 | J11: =IFERROR(VLOOKUP(Table1215[[#This Row],[Column2]],Table12[[Column2]:[Column54]],9,FALSE),"0") -> 0 | K11: =IFERROR(VLOOKUP(Table1215[[#This Row],[Column2]],Table12[[Column2]:[Column54]],10,FALSE),"0") -> 0 | L11: =Table1215[[#This Row],[Column9]] -> 4 | M11: =IFERROR(VLOOKUP(Table1215[[#This Row],[Column2]],Table12[[Column2]:[Column54]],12,FALSE),"0") -> 0 | N11: =IFERROR(VLOOKUP(Table1215[[#This Row],[Column2]],Table12[[Column2]:[Column54]],13,FALSE),"0") -> 4 | O11: =IFERROR(VLOOKUP(Table1215[[#This Row],[Column2]],Table12[[Column2]:[Column54]],14,FALSE),"0") -> 4 | P11: =IFERROR(VLOOKUP(Table1215[[#This Row],[Column2]],Table12[[Column2]:[Column54]],10,FALSE),"0") -> 0 | Q11: =IFERROR(VLOOKUP(Table1215[[#This Row],[Column2]],Table12[[Column2]:[Column54]],16,FALSE),"0") -> 4 | R11: =AVERAGE(Table1215[[#This Row],[Column14]],Table1215[[#This Row],[Column15]],Table1215[[#This Row],[Column17]]) -> 4 | S11: =IFERROR(VLOOKUP(Table1215[[#This Row],[Column2]],Table12[[Column2]:[Column54]],18,FALSE),"0") -> 0 | T11: =IFERROR(VLOOKUP(Table1215[[#This Row],[Column2]],Table12[[Column2]:[Column54]],19,FALSE),"0") -> 0 | U11: =IFERROR(VLOOKUP(Table1215[[#This Row],[Column2]],Table12[[Column2]:[Column54]],20,FALSE),"0") -> 0 | V11: =IFERROR(VLOOKUP(Table1215[[#This Row],[Column2]],Table12[[Column2]:[Column54]],21,FALSE),"0") -> 0 | W11: =IFERROR(VLOOKUP(Table1215[[#This Row],[Column2]],Table12[[Column2]:[Column54]],22,FALSE),"0") -> 0 | X11: =Table1215[[#This Row],[Column19]] -> 0 | Y11: =IFERROR(VLOOKUP(Table1215[[#This Row],[Column2]],Table12[[Column2]:[Column54]],24,FALSE),"0") -> 4 | Z11: =IFERROR(VLOOKUP(Table1215[[#This Row],[Column2]],Table12[[Column2]:[Column54]],25,FALSE),"0") -> 0 | AA11: =IFERROR(VLOOKUP(Table1215[[#This Row],[Column2]],Table12[[Column2]:[Column54]],26,FALSE),"0") -> 0 | AB11: =IFERROR(VLOOKUP(Table1215[[#This Row],[Column2]],Table12[[Column2]:[Column54]],27,FALSE),"0") -> 0 | AC11: =IFERROR(VLOOKUP(Table1215[[#This Row],[Column2]],Table12[[Column2]:[Column54]],28,FALSE),"0") -> 0 | AD11: =Table1215[[#This Row],[Column25]] -> 4 | AE11: =IFERROR(VLOOKUP(Table1215[[#This Row],[Column2]],Table12[[Column2]:[Column54]],30,FALSE),"0") -> 0 | AF11: =IFERROR(VLOOKUP(Table1215[[#This Row],[Column2]],Table12[[Column2]:[Column54]],31,FALSE),"0") -> 0 | AG11: =IFERROR(VLOOKUP(Table1215[[#This Row],[Column2]],Table12[[Column2]:[Column54]],32,FALSE),"0") -> 0 | AH11: =IFERROR(VLOOKUP(Table1215[[#This Row],[Column2]],Table12[[Column2]:[Column54]],33,FALSE),"0") -> 0 | AI11: =IFERROR(VLOOKUP(Table1215[[#This Row],[Column2]],Table12[[Column2]:[Column54]],34,FALSE),"0") -> 0 | AJ11: =AVERAGE(Table1215[[#This Row],[Column31]],Table1215[[#This Row],[Column32]],Table1215[[#This Row],[Column33]]) -> 0 | AK11: =IFERROR(VLOOKUP(Table1215[[#This Row],[Column2]],Table12[[Column2]:[Column54]],36,FALSE),"0") -> 4 | AL11: =IFERROR(VLOOKUP(Table1215[[#This Row],[Column2]],Table12[[Column2]:[Column54]],37,FALSE),"0") -> 5 | AM11: =IFERROR(VLOOKUP(Table1215[[#This Row],[Column2]],Table12[[Column2]:[Column54]],38,FALSE),"0") -> 0 | AN11: =IFERROR(VLOOKUP(Table1215[[#This Row],[Column2]],Table12[[Column2]:[Column54]],39,FALSE),"0") -> 5 | AO11: =IFERROR(VLOOKUP(Table1215[[#This Row],[Column2]],Table12[[Column2]:[Column54]],40,FALSE),"0") -> 0 | AP11: =AVERAGE(Table1215[[#This Row],[Column37]],Table1215[[#This Row],[Column38]],Table1215[[#This Row],[Column40]]) -> 4.6666667 | AQ11: =IFERROR(VLOOKUP(Table1215[[#This Row],[Column2]],Table12[[Column2]:[Column54]],42,FALSE),"0") -> 4 | AR11: =IFERROR(VLOOKUP(Table1215[[#This Row],[Column2]],Table12[[Column2]:[Column54]],43,FALSE),"0") -> 0 | AS11: =IFERROR(VLOOKUP(Table1215[[#This Row],[Column2]],Table12[[Column2]:[Column54]],44,FALSE),"0") -> 0 | AT11: =IFERROR(VLOOKUP(Table1215[[#This Row],[Column2]],Table12[[Column2]:[Column54]],45,FALSE),"0") -> 0 | AU11: =IFERROR(VLOOKUP(Table1215[[#This Row],[Column2]],Table12[[Column2]:[Column54]],46,FALSE),"0") -> 0 | AV11: =Table1215[[#This Row],[Column43]] -> 4 | AW11: =IFERROR(VLOOKUP(Table1215[[#This Row],[Column2]],Table12[[Column2]:[Column54]],48,FALSE),"0") -> 0 | AX11: =IFERROR(VLOOKUP(Table1215[[#This Row],[Column2]],Table12[[Column2]:[Column54]],49,FALSE),"0") -> 0 | AY11: =IFERROR(VLOOKUP(Table1215[[#This Row],[Column2]],Table12[[Column2]:[Column54]],50,FALSE),"0") -> 0 | AZ11: =IFERROR(VLOOKUP(Table1215[[#This Row],[Column2]],Table12[[Column2]:[Column54]],51,FALSE),"0") -> 4 | BA11: =IFERROR(VLOOKUP(Table1215[[#This Row],[Column2]],Table12[[Column2]:[Column54]],52,FALSE),"0") -> 4 | BB11: =AVERAGE(Table1215[[#This Row],[Column52]],Table1215[[#This Row],[Column53]]) -> 4
A12: 9 | B12: 2024JULB00009 | C12: Aditi Kumari | D12: Female | E12: A | F12: =REPT(CHAR(160),10)&Working!$E13 -> A | G12: =IFERROR(VLOOKUP(Table1215[[#This Row],[Column2]],Table12[[Column2]:[Column54]],6,FALSE),"0") -> 0 | H12: =IFERROR(VLOOKUP(Table1215[[#This Row],[Column2]],Table12[[Column2]:[Column54]],7,FALSE),"0") -> 0 | I12: =IFERROR(VLOOKUP(Table1215[[#This Row],[Column2]],Table12[[Column2]:[Column54]],8,FALSE),"0") -> 4 | J12: =IFERROR(VLOOKUP(Table1215[[#This Row],[Column2]],Table12[[Column2]:[Column54]],9,FALSE),"0") -> 0 | K12: =IFERROR(VLOOKUP(Table1215[[#This Row],[Column2]],Table12[[Column2]:[Column54]],10,FALSE),"0") -> 0 | L12: =Table1215[[#This Row],[Column9]] -> 4 | M12: =IFERROR(VLOOKUP(Table1215[[#This Row],[Column2]],Table12[[Column2]:[Column54]],12,FALSE),"0") -> 0 | N12: =IFERROR(VLOOKUP(Table1215[[#This Row],[Column2]],Table12[[Column2]:[Column54]],13,FALSE),"0") -> 4 | O12: =IFERROR(VLOOKUP(Table1215[[#This Row],[Column2]],Table12[[Column2]:[Column54]],14,FALSE),"0") -> 4 | P12: =IFERROR(VLOOKUP(Table1215[[#This Row],[Column2]],Table12[[Column2]:[Column54]],10,FALSE),"0") -> 0 | Q12: =IFERROR(VLOOKUP(Table1215[[#This Row],[Column2]],Table12[[Column2]:[Column54]],16,FALSE),"0") -> 4 | R12: =AVERAGE(Table1215[[#This Row],[Column14]],Table1215[[#This Row],[Column15]],Table1215[[#This Row],[Column17]]) -> 4 | S12: =IFERROR(VLOOKUP(Table1215[[#This Row],[Column2]],Table12[[Column2]:[Column54]],18,FALSE),"0") -> 0 | T12: =IFERROR(VLOOKUP(Table1215[[#This Row],[Column2]],Table12[[Column2]:[Column54]],19,FALSE),"0") -> 0 | U12: =IFERROR(VLOOKUP(Table1215[[#This Row],[Column2]],Table12[[Column2]:[Column54]],20,FALSE),"0") -> 0 | V12: =IFERROR(VLOOKUP(Table1215[[#This Row],[Column2]],Table12[[Column2]:[Column54]],21,FALSE),"0") -> 0 | W12: =IFERROR(VLOOKUP(Table1215[[#This Row],[Column2]],Table12[[Column2]:[Column54]],22,FALSE),"0") -> 0 | X12: =Table1215[[#This Row],[Column19]] -> 0 | Y12: =IFERROR(VLOOKUP(Table1215[[#This Row],[Column2]],Table12[[Column2]:[Column54]],24,FALSE),"0") -> 4 | Z12: =IFERROR(VLOOKUP(Table1215[[#This Row],[Column2]],Table12[[Column2]:[Column54]],25,FALSE),"0") -> 0 | AA12: =IFERROR(VLOOKUP(Table1215[[#This Row],[Column2]],Table12[[Column2]:[Column54]],26,FALSE),"0") -> 0 | AB12: =IFERROR(VLOOKUP(Table1215[[#This Row],[Column2]],Table12[[Column2]:[Column54]],27,FALSE),"0") -> 0 | AC12: =IFERROR(VLOOKUP(Table1215[[#This Row],[Column2]],Table12[[Column2]:[Column54]],28,FALSE),"0") -> 0 | AD12: =Table1215[[#This Row],[Column25]] -> 4 | AE12: =IFERROR(VLOOKUP(Table1215[[#This Row],[Column2]],Table12[[Column2]:[Column54]],30,FALSE),"0") -> 0 | AF12: =IFERROR(VLOOKUP(Table1215[[#This Row],[Column2]],Table12[[Column2]:[Column54]],31,FALSE),"0") -> 0 | AG12: =IFERROR(VLOOKUP(Table1215[[#This Row],[Column2]],Table12[[Column2]:[Column54]],32,FALSE),"0") -> 0 | AH12: =IFERROR(VLOOKUP(Table1215[[#This Row],[Column2]],Table12[[Column2]:[Column54]],33,FALSE),"0") -> 0 | AI12: =IFERROR(VLOOKUP(Table1215[[#This Row],[Column2]],Table12[[Column2]:[Column54]],34,FALSE),"0") -> 0 | AJ12: =AVERAGE(Table1215[[#This Row],[Column31]],Table1215[[#This Row],[Column32]],Table1215[[#This Row],[Column33]]) -> 0 | AK12: =IFERROR(VLOOKUP(Table1215[[#This Row],[Column2]],Table12[[Column2]:[Column54]],36,FALSE),"0") -> 4 | AL12: =IFERROR(VLOOKUP(Table1215[[#This Row],[Column2]],Table12[[Column2]:[Column54]],37,FALSE),"0") -> 5 | AM12: =IFERROR(VLOOKUP(Table1215[[#This Row],[Column2]],Table12[[Column2]:[Column54]],38,FALSE),"0") -> 0 | AN12: =IFERROR(VLOOKUP(Table1215[[#This Row],[Column2]],Table12[[Column2]:[Column54]],39,FALSE),"0") -> 4 | AO12: =IFERROR(VLOOKUP(Table1215[[#This Row],[Column2]],Table12[[Column2]:[Column54]],40,FALSE),"0") -> 0 | AP12: =AVERAGE(Table1215[[#This Row],[Column37]],Table1215[[#This Row],[Column38]],Table1215[[#This Row],[Column40]]) -> 4.3333333 | AQ12: =IFERROR(VLOOKUP(Table1215[[#This Row],[Column2]],Table12[[Column2]:[Column54]],42,FALSE),"0") -> 5 | AR12: =IFERROR(VLOOKUP(Table1215[[#This Row],[Column2]],Table12[[Column2]:[Column54]],43,FALSE),"0") -> 0 | AS12: =IFERROR(VLOOKUP(Table1215[[#This Row],[Column2]],Table12[[Column2]:[Column54]],44,FALSE),"0") -> 0 | AT12: =IFERROR(VLOOKUP(Table1215[[#This Row],[Column2]],Table12[[Column2]:[Column54]],45,FALSE),"0") -> 0 | AU12: =IFERROR(VLOOKUP(Table1215[[#This Row],[Column2]],Table12[[Column2]:[Column54]],46,FALSE),"0") -> 0 | AV12: =Table1215[[#This Row],[Column43]] -> 5 | AW12: =IFERROR(VLOOKUP(Table1215[[#This Row],[Column2]],Table12[[Column2]:[Column54]],48,FALSE),"0") -> 0 | AX12: =IFERROR(VLOOKUP(Table1215[[#This Row],[Column2]],Table12[[Column2]:[Column54]],49,FALSE),"0") -> 0 | AY12: =IFERROR(VLOOKUP(Table1215[[#This Row],[Column2]],Table12[[Column2]:[Column54]],50,FALSE),"0") -> 0 | AZ12: =IFERROR(VLOOKUP(Table1215[[#This Row],[Column2]],Table12[[Column2]:[Column54]],51,FALSE),"0") -> 4 | BA12: =IFERROR(VLOOKUP(Table1215[[#This Row],[Column2]],Table12[[Column2]:[Column54]],52,FALSE),"0") -> 4 | BB12: =AVERAGE(Table1215[[#This Row],[Column52]],Table1215[[#This Row],[Column53]]) -> 4
A13: 10 | B13: 2024JULB00012 | C13: Akarsh Narain | D13: Male | E13: A | F13: =REPT(CHAR(160),10)&Working!$E14 -> A | G13: =IFERROR(VLOOKUP(Table1215[[#This Row],[Column2]],Table12[[Column2]:[Column54]],6,FALSE),"0") -> 0 | H13: =IFERROR(VLOOKUP(Table1215[[#This Row],[Column2]],Table12[[Column2]:[Column54]],7,FALSE),"0") -> 0 | I13: =IFERROR(VLOOKUP(Table1215[[#This Row],[Column2]],Table12[[Column2]:[Column54]],8,FALSE),"0") -> 4 | J13: =IFERROR(VLOOKUP(Table1215[[#This Row],[Column2]],Table12[[Column2]:[Column54]],9,FALSE),"0") -> 0 | K13: =IFERROR(VLOOKUP(Table1215[[#This Row],[Column2]],Table12[[Column2]:[Column54]],10,FALSE),"0") -> 0 | L13: =Table1215[[#This Row],[Column9]] -> 4 | M13: =IFERROR(VLOOKUP(Table1215[[#This Row],[Column2]],Table12[[Column2]:[Column54]],12,FALSE),"0") -> 0 | N13: =IFERROR(VLOOKUP(Table1215[[#This Row],[Column2]],Table12[[Column2]:[Column54]],13,FALSE),"0") -> 4 | O13: =IFERROR(VLOOKUP(Table1215[[#This Row],[Column2]],Table12[[Column2]:[Column54]],14,FALSE),"0") -> 5 | P13: =IFERROR(VLOOKUP(Table1215[[#This Row],[Column2]],Table12[[Column2]:[Column54]],10,FALSE),"0") -> 0 | Q13: =IFERROR(VLOOKUP(Table1215[[#This Row],[Column2]],Table12[[Column2]:[Column54]],16,FALSE),"0") -> 5 | R13: =AVERAGE(Table1215[[#This Row],[Column14]],Table1215[[#This Row],[Column15]],Table1215[[#This Row],[Column17]]) -> 4.6666667 | S13: =IFERROR(VLOOKUP(Table1215[[#This Row],[Column2]],Table12[[Column2]:[Column54]],18,FALSE),"0") -> 0 | T13: =IFERROR(VLOOKUP(Table1215[[#This Row],[Column2]],Table12[[Column2]:[Column54]],19,FALSE),"0") -> 0 | U13: =IFERROR(VLOOKUP(Table1215[[#This Row],[Column2]],Table12[[Column2]:[Column54]],20,FALSE),"0") -> 0 | V13: =IFERROR(VLOOKUP(Table1215[[#This Row],[Column2]],Table12[[Column2]:[Column54]],21,FALSE),"0") -> 0 | W13: =IFERROR(VLOOKUP(Table1215[[#This Row],[Column2]],Table12[[Column2]:[Column54]],22,FALSE),"0") -> 0 | X13: =Table1215[[#This Row],[Column19]] -> 0 | Y13: =IFERROR(VLOOKUP(Table1215[[#This Row],[Column2]],Table12[[Column2]:[Column54]],24,FALSE),"0") -> 4 | Z13: =IFERROR(VLOOKUP(Table1215[[#This Row],[Column2]],Table12[[Column2]:[Column54]],25,FALSE),"0") -> 0 | AA13: =IFERROR(VLOOKUP(Table1215[[#This Row],[Column2]],Table12[[Column2]:[Column54]],26,FALSE),"0") -> 0 | AB13: =IFERROR(VLOOKUP(Table1215[[#This Row],[Column2]],Table12[[Column2]:[Column54]],27,FALSE),"0") -> 0 | AC13: =IFERROR(VLOOKUP(Table1215[[#This Row],[Column2]],Table12[[Column2]:[Column54]],28,FALSE),"0") -> 0 | AD13: =Table1215[[#This Row],[Column25]] -> 4 | AE13: =IFERROR(VLOOKUP(Table1215[[#This Row],[Column2]],Table12[[Column2]:[Column54]],30,FALSE),"0") -> 0 | AF13: =IFERROR(VLOOKUP(Table1215[[#This Row],[Column2]],Table12[[Column2]:[Column54]],31,FALSE),"0") -> 0 | AG13: =IFERROR(VLOOKUP(Table1215[[#This Row],[Column2]],Table12[[Column2]:[Column54]],32,FALSE),"0") -> 0 | AH13: =IFERROR(VLOOKUP(Table1215[[#This Row],[Column2]],Table12[[Column2]:[Column54]],33,FALSE),"0") -> 0 | AI13: =IFERROR(VLOOKUP(Table1215[[#This Row],[Column2]],Table12[[Column2]:[Column54]],34,FALSE),"0") -> 0 | AJ13: =AVERAGE(Table1215[[#This Row],[Column31]],Table1215[[#This Row],[Column32]],Table1215[[#This Row],[Column33]]) -> 0 | AK13: =IFERROR(VLOOKUP(Table1215[[#This Row],[Column2]],Table12[[Column2]:[Column54]],36,FALSE),"0") -> 5 | AL13: =IFERROR(VLOOKUP(Table1215[[#This Row],[Column2]],Table12[[Column2]:[Column54]],37,FALSE),"0") -> 4 | AM13: =IFERROR(VLOOKUP(Table1215[[#This Row],[Column2]],Table12[[Column2]:[Column54]],38,FALSE),"0") -> 0 | AN13: =IFERROR(VLOOKUP(Table1215[[#This Row],[Column2]],Table12[[Column2]:[Column54]],39,FALSE),"0") -> 5 | AO13: =IFERROR(VLOOKUP(Table1215[[#This Row],[Column2]],Table12[[Column2]:[Column54]],40,FALSE),"0") -> 0 | AP13: =AVERAGE(Table1215[[#This Row],[Column37]],Table1215[[#This Row],[Column38]],Table1215[[#This Row],[Column40]]) -> 4.6666667 | AQ13: =IFERROR(VLOOKUP(Table1215[[#This Row],[Column2]],Table12[[Column2]:[Column54]],42,FALSE),"0") -> 5 | AR13: =IFERROR(VLOOKUP(Table1215[[#This Row],[Column2]],Table12[[Column2]:[Column54]],43,FALSE),"0") -> 0 | AS13: =IFERROR(VLOOKUP(Table1215[[#This Row],[Column2]],Table12[[Column2]:[Column54]],44,FALSE),"0") -> 0 | AT13: =IFERROR(VLOOKUP(Table1215[[#This Row],[Column2]],Table12[[Column2]:[Column54]],45,FALSE),"0") -> 0 | AU13: =IFERROR(VLOOKUP(Table1215[[#This Row],[Column2]],Table12[[Column2]:[Column54]],46,FALSE),"0") -> 0 | AV13: =Table1215[[#This Row],[Column43]] -> 5 | AW13: =IFERROR(VLOOKUP(Table1215[[#This Row],[Column2]],Table12[[Column2]:[Column54]],48,FALSE),"0") -> 0 | AX13: =IFERROR(VLOOKUP(Table1215[[#This Row],[Column2]],Table12[[Column2]:[Column54]],49,FALSE),"0") -> 0 | AY13: =IFERROR(VLOOKUP(Table1215[[#This Row],[Column2]],Table12[[Column2]:[Column54]],50,FALSE),"0") -> 0 | AZ13: =IFERROR(VLOOKUP(Table1215[[#This Row],[Column2]],Table12[[Column2]:[Column54]],51,FALSE),"0") -> 4 | BA13: =IFERROR(VLOOKUP(Table1215[[#This Row],[Column2]],Table12[[Column2]:[Column54]],52,FALSE),"0") -> 5 | BB13: =AVERAGE(Table1215[[#This Row],[Column52]],Table1215[[#This Row],[Column53]]) -> 4.5
A14: 11 | B14: 2024JULB00013 | C14: Akshat Singh | D14: Male | E14: B | F14: =REPT(CHAR(160),10)&Working!$E15 -> B | G14: =IFERROR(VLOOKUP(Table1215[[#This Row],[Column2]],Table12[[Column2]:[Column54]],6,FALSE),"0") -> 0 | H14: =IFERROR(VLOOKUP(Table1215[[#This Row],[Column2]],Table12[[Column2]:[Column54]],7,FALSE),"0") -> 0 | I14: =IFERROR(VLOOKUP(Table1215[[#This Row],[Column2]],Table12[[Column2]:[Column54]],8,FALSE),"0") -> 4 | J14: =IFERROR(VLOOKUP(Table1215[[#This Row],[Column2]],Table12[[Column2]:[Column54]],9,FALSE),"0") -> 0 | K14: =IFERROR(VLOOKUP(Table1215[[#This Row],[Column2]],Table12[[Column2]:[Column54]],10,FALSE),"0") -> 0 | L14: =Table1215[[#This Row],[Column9]] -> 4 | M14: =IFERROR(VLOOKUP(Table1215[[#This Row],[Column2]],Table12[[Column2]:[Column54]],12,FALSE),"0") -> 0 | N14: =IFERROR(VLOOKUP(Table1215[[#This Row],[Column2]],Table12[[Column2]:[Column54]],13,FALSE),"0") -> 4 | O14: =IFERROR(VLOOKUP(Table1215[[#This Row],[Column2]],Table12[[Column2]:[Column54]],14,FALSE),"0") -> 5 | P14: =IFERROR(VLOOKUP(Table1215[[#This Row],[Column2]],Table12[[Column2]:[Column54]],10,FALSE),"0") -> 0 | Q14: =IFERROR(VLOOKUP(Table1215[[#This Row],[Column2]],Table12[[Column2]:[Column54]],16,FALSE),"0") -> 5 | R14: =AVERAGE(Table1215[[#This Row],[Column14]],Table1215[[#This Row],[Column15]],Table1215[[#This Row],[Column17]]) -> 4.6666667 | S14: =IFERROR(VLOOKUP(Table1215[[#This Row],[Column2]],Table12[[Column2]:[Column54]],18,FALSE),"0") -> 0 | T14: =IFERROR(VLOOKUP(Table1215[[#This Row],[Column2]],Table12[[Column2]:[Column54]],19,FALSE),"0") -> 0 | U14: =IFERROR(VLOOKUP(Table1215[[#This Row],[Column2]],Table12[[Column2]:[Column54]],20,FALSE),"0") -> 0 | V14: =IFERROR(VLOOKUP(Table1215[[#This Row],[Column2]],Table12[[Column2]:[Column54]],21,FALSE),"0") -> 0 | W14: =IFERROR(VLOOKUP(Table1215[[#This Row],[Column2]],Table12[[Column2]:[Column54]],22,FALSE),"0") -> 0 | X14: =Table1215[[#This Row],[Column19]] -> 0 | Y14: =IFERROR(VLOOKUP(Table1215[[#This Row],[Column2]],Table12[[Column2]:[Column54]],24,FALSE),"0") -> 5 | Z14: =IFERROR(VLOOKUP(Table1215[[#This Row],[Column2]],Table12[[Column2]:[Column54]],25,FALSE),"0") -> 0 | AA14: =IFERROR(VLOOKUP(Table1215[[#This Row],[Column2]],Table12[[Column2]:[Column54]],26,FALSE),"0") -> 0 | AB14: =IFERROR(VLOOKUP(Table1215[[#This Row],[Column2]],Table12[[Column2]:[Column54]],27,FALSE),"0") -> 0 | AC14: =IFERROR(VLOOKUP(Table1215[[#This Row],[Column2]],Table12[[Column2]:[Column54]],28,FALSE),"0") -> 0 | AD14: =Table1215[[#This Row],[Column25]] -> 5 | AE14: =IFERROR(VLOOKUP(Table1215[[#This Row],[Column2]],Table12[[Column2]:[Column54]],30,FALSE),"0") -> 0 | AF14: =IFERROR(VLOOKUP(Table1215[[#This Row],[Column2]],Table12[[Column2]:[Column54]],31,FALSE),"0") -> 0 | AG14: =IFERROR(VLOOKUP(Table1215[[#This Row],[Column2]],Table12[[Column2]:[Column54]],32,FALSE),"0") -> 0 | AH14: =IFERROR(VLOOKUP(Table1215[[#This Row],[Column2]],Table12[[Column2]:[Column54]],33,FALSE),"0") -> 0 | AI14: =IFERROR(VLOOKUP(Table1215[[#This Row],[Column2]],Table12[[Column2]:[Column54]],34,FALSE),"0") -> 0 | AJ14: =AVERAGE(Table1215[[#This Row],[Column31]],Table1215[[#This Row],[Column32]],Table1215[[#This Row],[Column33]]) -> 0 | AK14: =IFERROR(VLOOKUP(Table1215[[#This Row],[Column2]],Table12[[Column2]:[Column54]],36,FALSE),"0") -> 4 | AL14: =IFERROR(VLOOKUP(Table1215[[#This Row],[Column2]],Table12[[Column2]:[Column54]],37,FALSE),"0") -> 4 | AM14: =IFERROR(VLOOKUP(Table1215[[#This Row],[Column2]],Table12[[Column2]:[Column54]],38,FALSE),"0") -> 0 | AN14: =IFERROR(VLOOKUP(Table1215[[#This Row],[Column2]],Table12[[Column2]:[Column54]],39,FALSE),"0") -> 4 | AO14: =IFERROR(VLOOKUP(Table1215[[#This Row],[Column2]],Table12[[Column2]:[Column54]],40,FALSE),"0") -> 0 | AP14: =AVERAGE(Table1215[[#This Row],[Column37]],Table1215[[#This Row],[Column38]],Table1215[[#This Row],[Column40]]) -> 4 | AQ14: =IFERROR(VLOOKUP(Table1215[[#This Row],[Column2]],Table12[[Column2]:[Column54]],42,FALSE),"0") -> 3 | AR14: =IFERROR(VLOOKUP(Table1215[[#This Row],[Column2]],Table12[[Column2]:[Column54]],43,FALSE),"0") -> 0 | AS14: =IFERROR(VLOOKUP(Table1215[[#This Row],[Column2]],Table12[[Column2]:[Column54]],44,FALSE),"0") -> 0 | AT14: =IFERROR(VLOOKUP(Table1215[[#This Row],[Column2]],Table12[[Column2]:[Column54]],45,FALSE),"0") -> 0 | AU14: =IFERROR(VLOOKUP(Table1215[[#This Row],[Column2]],Table12[[Column2]:[Column54]],46,FALSE),"0") -> 0 | AV14: =Table1215[[#This Row],[Column43]] -> 3 | AW14: =IFERROR(VLOOKUP(Table1215[[#This Row],[Column2]],Table12[[Column2]:[Column54]],48,FALSE),"0") -> 0 | AX14: =IFERROR(VLOOKUP(Table1215[[#This Row],[Column2]],Table12[[Column2]:[Column54]],49,FALSE),"0") -> 0 | AY14: =IFERROR(VLOOKUP(Table1215[[#This Row],[Column2]],Table12[[Column2]:[Column54]],50,FALSE),"0") -> 0 | AZ14: =IFERROR(VLOOKUP(Table1215[[#This Row],[Column2]],Table12[[Column2]:[Column54]],51,FALSE),"0") -> 4 | BA14: =IFERROR(VLOOKUP(Table1215[[#This Row],[Column2]],Table12[[Column2]:[Column54]],52,FALSE),"0") -> 4 | BB14: =AVERAGE(Table1215[[#This Row],[Column52]],Table1215[[#This Row],[Column53]]) -> 4
A15: 12 | B15: 2024JULB00014 | C15: Amal Shibu Balan | D15: Male | E15: B | F15: =REPT(CHAR(160),10)&Working!$E16 -> B | G15: =IFERROR(VLOOKUP(Table1215[[#This Row],[Column2]],Table12[[Column2]:[Column54]],6,FALSE),"0") -> 0 | H15: =IFERROR(VLOOKUP(Table1215[[#This Row],[Column2]],Table12[[Column2]:[Column54]],7,FALSE),"0") -> 0 | I15: =IFERROR(VLOOKUP(Table1215[[#This Row],[Column2]],Table12[[Column2]:[Column54]],8,FALSE),"0") -> 5 | J15: =IFERROR(VLOOKUP(Table1215[[#This Row],[Column2]],Table12[[Column2]:[Column54]],9,FALSE),"0") -> 0 | K15: =IFERROR(VLOOKUP(Table1215[[#This Row],[Column2]],Table12[[Column2]:[Column54]],10,FALSE),"0") -> 0 | L15: =Table1215[[#This Row],[Column9]] -> 5 | M15: =IFERROR(VLOOKUP(Table1215[[#This Row],[Column2]],Table12[[Column2]:[Column54]],12,FALSE),"0") -> 0 | N15: =IFERROR(VLOOKUP(Table1215[[#This Row],[Column2]],Table12[[Column2]:[Column54]],13,FALSE),"0") -> 4 | O15: =IFERROR(VLOOKUP(Table1215[[#This Row],[Column2]],Table12[[Column2]:[Column54]],14,FALSE),"0") -> 5 | P15: =IFERROR(VLOOKUP(Table1215[[#This Row],[Column2]],Table12[[Column2]:[Column54]],10,FALSE),"0") -> 0 | Q15: =IFERROR(VLOOKUP(Table1215[[#This Row],[Column2]],Table12[[Column2]:[Column54]],16,FALSE),"0") -> 5 | R15: =AVERAGE(Table1215[[#This Row],[Column14]],Table1215[[#This Row],[Column15]],Table1215[[#This Row],[Column17]]) -> 4.6666667 | S15: =IFERROR(VLOOKUP(Table1215[[#This Row],[Column2]],Table12[[Column2]:[Column54]],18,FALSE),"0") -> 0 | T15: =IFERROR(VLOOKUP(Table1215[[#This Row],[Column2]],Table12[[Column2]:[Column54]],19,FALSE),"0") -> 0 | U15: =IFERROR(VLOOKUP(Table1215[[#This Row],[Column2]],Table12[[Column2]:[Column54]],20,FALSE),"0") -> 0 | V15: =IFERROR(VLOOKUP(Table1215[[#This Row],[Column2]],Table12[[Column2]:[Column54]],21,FALSE),"0") -> 0 | W15: =IFERROR(VLOOKUP(Table1215[[#This Row],[Column2]],Table12[[Column2]:[Column54]],22,FALSE),"0") -> 0 | X15: =Table1215[[#This Row],[Column19]] -> 0 | Y15: =IFERROR(VLOOKUP(Table1215[[#This Row],[Column2]],Table12[[Column2]:[Column54]],24,FALSE),"0") -> 4 | Z15: =IFERROR(VLOOKUP(Table1215[[#This Row],[Column2]],Table12[[Column2]:[Column54]],25,FALSE),"0") -> 0 | AA15: =IFERROR(VLOOKUP(Table1215[[#This Row],[Column2]],Table12[[Column2]:[Column54]],26,FALSE),"0") -> 0 | AB15: =IFERROR(VLOOKUP(Table1215[[#This Row],[Column2]],Table12[[Column2]:[Column54]],27,FALSE),"0") -> 0 | AC15: =IFERROR(VLOOKUP(Table1215[[#This Row],[Column2]],Table12[[Column2]:[Column54]],28,FALSE),"0") -> 0 | AD15: =Table1215[[#This Row],[Column25]] -> 4 | AE15: =IFERROR(VLOOKUP(Table1215[[#This Row],[Column2]],Table12[[Column2]:[Column54]],30,FALSE),"0") -> 0 | AF15: =IFERROR(VLOOKUP(Table1215[[#This Row],[Column2]],Table12[[Column2]:[Column54]],31,FALSE),"0") -> 0 | AG15: =IFERROR(VLOOKUP(Table1215[[#This Row],[Column2]],Table12[[Column2]:[Column54]],32,FALSE),"0") -> 0 | AH15: =IFERROR(VLOOKUP(Table1215[[#This Row],[Column2]],Table12[[Column2]:[Column54]],33,FALSE),"0") -> 0 | AI15: =IFERROR(VLOOKUP(Table1215[[#This Row],[Column2]],Table12[[Column2]:[Column54]],34,FALSE),"0") -> 0 | AJ15: =AVERAGE(Table1215[[#This Row],[Column31]],Table1215[[#This Row],[Column32]],Table1215[[#This Row],[Column33]]) -> 0 | AK15: =IFERROR(VLOOKUP(Table1215[[#This Row],[Column2]],Table12[[Column2]:[Column54]],36,FALSE),"0") -> 4 | AL15: =IFERROR(VLOOKUP(Table1215[[#This Row],[Column2]],Table12[[Column2]:[Column54]],37,FALSE),"0") -> 3 | AM15: =IFERROR(VLOOKUP(Table1215[[#This Row],[Column2]],Table12[[Column2]:[Column54]],38,FALSE),"0") -> 0 | AN15: =IFERROR(VLOOKUP(Table1215[[#This Row],[Column2]],Table12[[Column2]:[Column54]],39,FALSE),"0") -> 4 | AO15: =IFERROR(VLOOKUP(Table1215[[#This Row],[Column2]],Table12[[Column2]:[Column54]],40,FALSE),"0") -> 0 | AP15: =AVERAGE(Table1215[[#This Row],[Column37]],Table1215[[#This Row],[Column38]],Table1215[[#This Row],[Column40]]) -> 3.6666667 | AQ15: =IFERROR(VLOOKUP(Table1215[[#This Row],[Column2]],Table12[[Column2]:[Column54]],42,FALSE),"0") -> 4 | AR15: =IFERROR(VLOOKUP(Table1215[[#This Row],[Column2]],Table12[[Column2]:[Column54]],43,FALSE),"0") -> 0 | AS15: =IFERROR(VLOOKUP(Table1215[[#This Row],[Column2]],Table12[[Column2]:[Column54]],44,FALSE),"0") -> 0 | AT15: =IFERROR(VLOOKUP(Table1215[[#This Row],[Column2]],Table12[[Column2]:[Column54]],45,FALSE),"0") -> 0 | AU15: =IFERROR(VLOOKUP(Table1215[[#This Row],[Column2]],Table12[[Column2]:[Column54]],46,FALSE),"0") -> 0 | AV15: =Table1215[[#This Row],[Column43]] -> 4 | AW15: =IFERROR(VLOOKUP(Table1215[[#This Row],[Column2]],Table12[[Column2]:[Column54]],48,FALSE),"0") -> 0 | AX15: =IFERROR(VLOOKUP(Table1215[[#This Row],[Column2]],Table12[[Column2]:[Column54]],49,FALSE),"0") -> 0 | AY15: =IFERROR(VLOOKUP(Table1215[[#This Row],[Column2]],Table12[[Column2]:[Column54]],50,FALSE),"0") -> 0 | AZ15: =IFERROR(VLOOKUP(Table1215[[#This Row],[Column2]],Table12[[Column2]:[Column54]],51,FALSE),"0") -> 4 | BA15: =IFERROR(VLOOKUP(Table1215[[#This Row],[Column2]],Table12[[Column2]:[Column54]],52,FALSE),"0") -> 4 | BB15: =AVERAGE(Table1215[[#This Row],[Column52]],Table1215[[#This Row],[Column53]]) -> 4
... A231: 228 | B231: 2024JULB00273 | C231: Harshit Gopawat | D231: MAle | E231: D | F231: =REPT(CHAR(160),10)&Working!$E232 -> D | G231: =IFERROR(VLOOKUP(Table1215[[#This Row],[Column2]],Table12[[Column2]:[Column54]],6,FALSE),"0") -> 0 | H231: =IFERROR(VLOOKUP(Table1215[[#This Row],[Column2]],Table12[[Column2]:[Column54]],7,FALSE),"0") -> 0 | I231: =IFERROR(VLOOKUP(Table1215[[#This Row],[Column2]],Table12[[Column2]:[Column54]],8,FALSE),"0") -> A | J231: =IFERROR(VLOOKUP(Table1215[[#This Row],[Column2]],Table12[[Column2]:[Column54]],9,FALSE),"0") -> 0 | K231: =IFERROR(VLOOKUP(Table1215[[#This Row],[Column2]],Table12[[Column2]:[Column54]],10,FALSE),"0") -> 0 | L231: =Table1215[[#This Row],[Column9]] -> A | M231: =IFERROR(VLOOKUP(Table1215[[#This Row],[Column2]],Table12[[Column2]:[Column54]],12,FALSE),"0") -> 0 | N231: =IFERROR(VLOOKUP(Table1215[[#This Row],[Column2]],Table12[[Column2]:[Column54]],13,FALSE),"0") -> 0 | O231: =IFERROR(VLOOKUP(Table1215[[#This Row],[Column2]],Table12[[Column2]:[Column54]],14,FALSE),"0") -> 0 | P231: =IFERROR(VLOOKUP(Table1215[[#This Row],[Column2]],Table12[[Column2]:[Column54]],10,FALSE),"0") -> 0 | Q231: =IFERROR(VLOOKUP(Table1215[[#This Row],[Column2]],Table12[[Column2]:[Column54]],16,FALSE),"0") -> 0 | R231: =AVERAGE(Table1215[[#This Row],[Column14]],Table1215[[#This Row],[Column15]],Table1215[[#This Row],[Column17]]) -> #DIV/0! | S231: =IFERROR(VLOOKUP(Table1215[[#This Row],[Column2]],Table12[[Column2]:[Column54]],18,FALSE),"0") -> 0 | T231: =IFERROR(VLOOKUP(Table1215[[#This Row],[Column2]],Table12[[Column2]:[Column54]],19,FALSE),"0") -> 0 | U231: =IFERROR(VLOOKUP(Table1215[[#This Row],[Column2]],Table12[[Column2]:[Column54]],20,FALSE),"0") -> 0 | V231: =IFERROR(VLOOKUP(Table1215[[#This Row],[Column2]],Table12[[Column2]:[Column54]],21,FALSE),"0") -> 0 | W231: =IFERROR(VLOOKUP(Table1215[[#This Row],[Column2]],Table12[[Column2]:[Column54]],22,FALSE),"0") -> 0 | X231: =Table1215[[#This Row],[Column19]] -> 0 | Y231: =IFERROR(VLOOKUP(Table1215[[#This Row],[Column2]],Table12[[Column2]:[Column54]],24,FALSE),"0") -> 0 | Z231: =IFERROR(VLOOKUP(Table1215[[#This Row],[Column2]],Table12[[Column2]:[Column54]],25,FALSE),"0") -> 0 | AA231: =IFERROR(VLOOKUP(Table1215[[#This Row],[Column2]],Table12[[Column2]:[Column54]],26,FALSE),"0") -> 0 | AB231: =IFERROR(VLOOKUP(Table1215[[#This Row],[Column2]],Table12[[Column2]:[Column54]],27,FALSE),"0") -> 0 | AC231: =IFERROR(VLOOKUP(Table1215[[#This Row],[Column2]],Table12[[Column2]:[Column54]],28,FALSE),"0") -> 0 | AD231: =Table1215[[#This Row],[Column25]] -> 0 | AE231: =IFERROR(VLOOKUP(Table1215[[#This Row],[Column2]],Table12[[Column2]:[Column54]],30,FALSE),"0") -> 0 | AF231: =IFERROR(VLOOKUP(Table1215[[#This Row],[Column2]],Table12[[Column2]:[Column54]],31,FALSE),"0") -> 0 | AG231: =IFERROR(VLOOKUP(Table1215[[#This Row],[Column2]],Table12[[Column2]:[Column54]],32,FALSE),"0") -> 0 | AH231: =IFERROR(VLOOKUP(Table1215[[#This Row],[Column2]],Table12[[Column2]:[Column54]],33,FALSE),"0") -> 0 | AI231: =IFERROR(VLOOKUP(Table1215[[#This Row],[Column2]],Table12[[Column2]:[Column54]],34,FALSE),"0") -> 0 | AJ231: =AVERAGE(Table1215[[#This Row],[Column31]],Table1215[[#This Row],[Column32]],Table1215[[#This Row],[Column33]]) -> 0 | AK231: =IFERROR(VLOOKUP(Table1215[[#This Row],[Column2]],Table12[[Column2]:[Column54]],36,FALSE),"0") -> 0 | AL231: =IFERROR(VLOOKUP(Table1215[[#This Row],[Column2]],Table12[[Column2]:[Column54]],37,FALSE),"0") -> 0 | AM231: =IFERROR(VLOOKUP(Table1215[[#This Row],[Column2]],Table12[[Column2]:[Column54]],38,FALSE),"0") -> 0 | AN231: =IFERROR(VLOOKUP(Table1215[[#This Row],[Column2]],Table12[[Column2]:[Column54]],39,FALSE),"0") -> 0 | AO231: =IFERROR(VLOOKUP(Table1215[[#This Row],[Column2]],Table12[[Column2]:[Column54]],40,FALSE),"0") -> 0 | AP231: =AVERAGE(Table1215[[#This Row],[Column37]],Table1215[[#This Row],[Column38]],Table1215[[#This Row],[Column40]]) -> #DIV/0! | AQ231: =IFERROR(VLOOKUP(Table1215[[#This Row],[Column2]],Table12[[Column2]:[Column54]],42,FALSE),"0") -> 0 | AR231: =IFERROR(VLOOKUP(Table1215[[#This Row],[Column2]],Table12[[Column2]:[Column54]],43,FALSE),"0") -> 0 | AS231: =IFERROR(VLOOKUP(Table1215[[#This Row],[Column2]],Table12[[Column2]:[Column54]],44,FALSE),"0") -> 0 | AT231: =IFERROR(VLOOKUP(Table1215[[#This Row],[Column2]],Table12[[Column2]:[Column54]],45,FALSE),"0") -> 0 | AU231: =IFERROR(VLOOKUP(Table1215[[#This Row],[Column2]],Table12[[Column2]:[Column54]],46,FALSE),"0") -> 0 | AV231: =Table1215[[#This Row],[Column43]] -> 0 | AW231: =IFERROR(VLOOKUP(Table1215[[#This Row],[Column2]],Table12[[Column2]:[Column54]],48,FALSE),"0") -> 0 | AX231: =IFERROR(VLOOKUP(Table1215[[#This Row],[Column2]],Table12[[Column2]:[Column54]],49,FALSE),"0") -> 0 | AY231: =IFERROR(VLOOKUP(Table1215[[#This Row],[Column2]],Table12[[Column2]:[Column54]],50,FALSE),"0") -> 0 | AZ231: =IFERROR(VLOOKUP(Table1215[[#This Row],[Column2]],Table12[[Column2]:[Column54]],51,FALSE),"0") -> 0 | BA231: =IFERROR(VLOOKUP(Table1215[[#This Row],[Column2]],Table12[[Column2]:[Column54]],52,FALSE),"0") -> 0 | BB231: =AVERAGE(Table1215[[#This Row],[Column52]],Table1215[[#This Row],[Column53]]) -> #DIV/0!

Sheet Book Review
A1: Sr# | B1: Roll Number | C1: Name | D1: Gender | E1: Section | F1: Analytical & Critical Thinking ( A ) | K1: Total | L1: Communication ( C ) | Q1: Total | R1: Empathy ( E ) | W1: Total | X1: Leadership( L ) | AC1: Total | AD1: Negotiation ( N ) | AI1: Total | AJ1: Problem Solving ( P ) | AO1: Total | AP1: Team Work ( T) | AU1: Total | AV1: Discipline | BA1: Total
F2: A 1 | G2: A 2 | H2: A 3 | I2: A 4 | J2: A 5 | L2: C 1 | M2: C 2 | N2: C 3 | O2: C 4 | P2: C 5 | R2: E 1 | S2: E 2 | T2: E 3 | U2: E 4 | V2: E 5 | X2: L 1 | Y2: L 2 | Z2: L 3 | AA2: L 4 | AB2: L 5 | AD2: N 1 | AE2: N 2 | AF2: N 3 | AG2: N 4 | AH2: N 5 | AJ2: P 1 | AK2: P 2 | AL2: P 3 | AM2: P 4 | AN2: P 5 | AP2: T 1 | AQ2: T 2 | AR2: T 3 | AS2: T 4 | AT2: T 5 | AV2: D 1 | AW2: D 2 | AX2: D 3 | AY2: D 4 | AZ2: D 5
A3: 1 | B3: 2024JULB00001 | C3: A Divya Sree | D3: Female | E3: A | F3: 4 | G3: 4 | H3: 4 | I3: 4 | K3: =IFERROR(AVERAGE(F3,G3,H3,I3),"0") -> 4 | L3: 3 | M3: 4 | N3: 3 | O3: 4 | P3: 3 | Q3: =IFERROR(AVERAGE(M3,N3,L3,O3,P3),"0") -> 3.4 | S3: 3 | W3: =S3 -> 3 | AC3: =IFERROR(AVERAGE(Y3,X3),"A") -> A | AI3: =IFERROR(AVERAGE(AF3,AD3),"A") -> A | AJ3: 3 | AK3: 4 | AM3: 3 | AO3: =IFERROR(AVERAGE(AJ3,AK3,AAM3),"0") -> 3.5 | AP3: 3 | AU3: =AP3 -> 3 | AY3: 3 | AZ3: 3
A4: 2 | B4: 2024JULB00002 | C4: Aaditya K | D4: Male | E4: A | F4: 2 | G4: 1 | H4: 2 | I4: 3 | K4: =IFERROR(AVERAGE(F4,G4,H4,I4),"0") -> 2 | L4: 3 | M4: 2 | N4: 3 | O4: 3 | P4: 2 | Q4: =IFERROR(AVERAGE(M4,N4,L4,O4,P4),"0") -> 2.6 | S4: 4 | W4: =S4 -> 4 | AC4: =IFERROR(AVERAGE(Y4,X4),"A") -> A | AI4: =IFERROR(AVERAGE(AF4,AD4),"A") -> A | AJ4: 3 | AK4: 3 | AM4: 4 | AO4: =IFERROR(AVERAGE(AJ4,AK4,AAM4),"0") -> 3 | AP4: 3 | AU4: =AP4 -> 3 | AY4: 3 | AZ4: 3 | BA4: =IFERROR(AVERAGE(AY4,AZ4),"0") -> 3
A5: 3 | B5: 2024JULB00003 | C5: Aanchal Sapra | D5: Female | E5: A | F5: 2 | G5: 1 | H5: 3 | I5: 3 | K5: =IFERROR(AVERAGE(F5,G5,H5,I5),"0") -> 2.25 | L5: 2 | M5: 3 | N5: 3 | O5: 3 | P5: 3 | Q5: =IFERROR(AVERAGE(M5,N5,L5,O5,P5),"0") -> 2.8 | S5: 3 | W5: =S5 -> 3 | AC5: =IFERROR(AVERAGE(Y5,X5),"A") -> A | AI5: =IFERROR(AVERAGE(AF5,AD5),"A") -> A | AJ5: 3 | AK5: 3 | AM5: 3 | AO5: =IFERROR(AVERAGE(AJ5,AK5,AAM5),"0") -> 3 | AP5: 3 | AU5: =AP5 -> 3 | AY5: 3 | AZ5: 4 | BA5: =IFERROR(AVERAGE(AY5,AZ5),"0") -> 3.5
A6: 4 | B6: 2024JULB00004 | C6: Abhinav B | D6: Male | E6: A | F6: 2 | G6: 4 | H6: 2 | I6: 4 | K6: =IFERROR(AVERAGE(F6,G6,H6,I6),"0") -> 3 | L6: 3 | M6: 3 | N6: 4 | O6: 3 | P6: 2 | Q6: =IFERROR(AVERAGE(M6,N6,L6,O6,P6),"0") -> 3 | S6: 4 | W6: =S6 -> 4 | AC6: =IFERROR(AVERAGE(Y6,X6),"A") -> A | AI6: =IFERROR(AVERAGE(AF6,AD6),"A") -> A | AJ6: 3 | AK6: 3 | AM6: 3 | AO6: =IFERROR(AVERAGE(AJ6,AK6,AAM6),"0") -> 3 | AP6: 3 | AU6: =AP6 -> 3 | AY6: 3 | AZ6: 3 | BA6: =IFERROR(AVERAGE(AY6,AZ6),"0") -> 3
A7: 5 | B7: 2024JULB00005 | C7: Abhirup Choudhury | D7: Male | E7: D | F7: 1 | G7: 1 | H7: 1 | I7: 1 | K7: =IFERROR(AVERAGE(F7,G7,H7,I7),"0") -> 1 | L7: 1 | M7: 1 | N7: 1 | O7: 1 | P7: 1 | Q7: =IFERROR(AVERAGE(M7,N7,L7,O7,P7),"0") -> 1 | S7: 1 | W7: =S7 -> 1 | AC7: =IFERROR(AVERAGE(Y7,X7),"A") -> A | AI7: =IFERROR(AVERAGE(AF7,AD7),"A") -> A | AJ7: 1 | AK7: 1 | AM7: 1 | AO7: =IFERROR(AVERAGE(AJ7,AK7,AAM7),"0") -> 1 | AP7: 1 | AU7: =AP7 -> 1 | AY7: 3 | AZ7: 2 | BA7: =IFERROR(AVERAGE(AY7,AZ7),"0") -> 2.5
A8: 6 | B8: 2024JULB00006 | C8: Abhyuday Tripathi | D8: Male | E8: A | F8: 3 | G8: 3 | H8: 4 | I8: 3 | K8: =IFERROR(AVERAGE(F8,G8,H8,I8),"0") -> 3.25 | L8: 2 | M8: 2 | N8: 2 | O8: 3 | P8: 2 | Q8: =IFERROR(AVERAGE(M8,N8,L8,O8,P8),"0") -> 2.2 | S8: 2 | W8: =S8 -> 2 | AC8: =IFERROR(AVERAGE(Y8,X8),"A") -> A | AI8: =IFERROR(AVERAGE(AF8,AD8),"A") -> A | AJ8: 3 | AK8: 4 | AM8: 3 | AO8: =IFERROR(AVERAGE(AJ8,AK8,AAM8),"0") -> 3.5 | AP8: 3 | AU8: =AP8 -> 3 | AY8: 2 | AZ8: 3 | BA8: =IFERROR(AVERAGE(AY8,AZ8),"0") -> 2.5
A9: 7 | B9: 2024JULB00007 | C9: Adarsh G | D9: Male | E9: A | F9: 2 | G9: 2 | H9: 3 | I9: 3 | K9: =IFERROR(AVERAGE(F9,G9,H9,I9),"0") -> 2.5 | L9: 3 | M9: 2 | N9: 2 | O9: 3 | P9: 3 | Q9: =IFERROR(AVERAGE(M9,N9,L9,O9,P9),"0") -> 2.6 | S9: 3 | W9: =S9 -> 3 | AC9: =IFERROR(AVERAGE(Y9,X9),"A") -> A | AI9: =IFERROR(AVERAGE(AF9,AD9),"A") -> A | AJ9: 3 | AK9: 2 | AM9: 4 | AO9: =IFERROR(AVERAGE(AJ9,AK9,AAM9),"0") -> 2.5 | AP9: 3 | AU9: =AP9 -> 3 | AY9: 3 | AZ9: 3 | BA9: =IFERROR(AVERAGE(AY9,AZ9),"0") -> 3
A10: 8 | B10: 2024JULB00008 | C10: Adarsh Raj Barman | D10: Male | E10: C | F10: 2 | G10: 3 | H10: 2 | I10: 4 | K10: =IFERROR(AVERAGE(F10,G10,H10,I10),"0") -> 2.75 | L10: 4 | M10: 2 | N10: 3 | O10: 3 | P10: 4 | Q10: =IFERROR(AVERAGE(M10,N10,L10,O10,P10),"0") -> 3.2 | S10: 3 | W10: =S10 -> 3 | AC10: =IFERROR(AVERAGE(Y10,X10),"A") -> A | AI10: =IFERROR(AVERAGE(AF10,AD10),"A") -> A | AJ10: 3 | AK10: 3 | AM10: 3 | AO10: =IFERROR(AVERAGE(AJ10,AK10,AAM10),"0") -> 3 | AP10: 4 | AU10: =AP10 -> 4 | AY10: 3 | AZ10: 2 | BA10: =IFERROR(AVERAGE(AY10,AZ10),"0") -> 2.5
A11: 9 | B11: 2024JULB00009 | C11: Aditi Kumari | D11: Female | E11: A | F11: 3.5 | G11: 3 | H11: 3.5 | I11: 3.5 | K11: =IFERROR(AVERAGE(F11,G11,H11,I11),"0") -> 3.375 | L11: 3.5 | M11: 3.5 | N11: 3.5 | O11: 3 | P11: 3.5 | Q11: =IFERROR(AVERAGE(M11,N11,L11,O11,P11),"0") -> 3.4 | S11: 3.5 | W11: =S11 -> 3.5 | AC11: =IFERROR(AVERAGE(Y11,X11),"A") -> A | AI11: =IFERROR(AVERAGE(AF11,AD11),"A") -> A | AJ11: 3.5 | AK11: 3 | AM11: 3.5 | AO11: =IFERROR(AVERAGE(AJ11,AK11,AAM11),"0") -> 3.25 | AP11: 3.5 | AU11: =AP11 -> 3.5 | AY11: 3 | AZ11: 3 | BA11: =IFERROR(AVERAGE(AY11,AZ11),"0") -> 3
A12: 10 | B12: 2024JULB00012 | C12: Akarsh Narain | D12: Male | E12: A | F12: 3 | G12: 4 | H12: 4 | I12: 3 | K12: =IFERROR(AVERAGE(F12,G12,H12,I12),"0") -> 3.5 | L12: 3 | M12: 4 | N12: 2 | O12: 4 | P12: 5 | Q12: =IFERROR(AVERAGE(M12,N12,L12,O12,P12),"0") -> 3.6 | S12: 2 | W12: =S12 -> 2 | AC12: =IFERROR(AVERAGE(Y12,X12),"A") -> A | AI12: =IFERROR(AVERAGE(AF12,AD12),"A") -> A | AJ12: 4 | AK12: 4 | AM12: 3 | AO12: =IFERROR(AVERAGE(AJ12,AK12,AAM12),"0") -> 4 | AP12: 3 | AU12: =AP12 -> 3 | AY12: 3 | AZ12: 4 | BA12: =IFERROR(AVERAGE(AY12,AZ12),"0") -> 3.5
A13: 11 | B13: 2024JULB00013 | C13: Akshat Singh | D13: Male | E13: B | F13: 2 | G13: 3 | H13: 3 | I13: 2 | K13: =IFERROR(AVERAGE(F13,G13,H13,I13),"0") -> 2.5 | L13: 3 | M13: 3 | N13: 3 | O13: 4 | P13: 2 | Q13: =IFERROR(AVERAGE(M13,N13,L13,O13,P13),"0") -> 3 | S13: 2 | W13: =S13 -> 2 | AC13: =IFERROR(AVERAGE(Y13,X13),"A") -> A | AI13: =IFERROR(AVERAGE(AF13,AD13),"A") -> A | AJ13: 2 | AK13: 3 | AM13: 2 | AO13: =IFERROR(AVERAGE(AJ13,AK13,AAM13),"0") -> 2.5 | AP13: 3 | AU13: =AP13 -> 3 | AY13: 3 | AZ13: 3 | BA13: =IFERROR(AVERAGE(AY13,AZ13),"0") -> 3
A14: 12 | B14: 2024JULB00014 | C14: Amal Shibu Balan | D14: Male | E14: B | F14: 3 | G14: 3 | H14: 3 | I14: 2.5 | K14: =IFERROR(AVERAGE(F14,G14,H14,I14),"0") -> 2.875 | L14: 3 | M14: 2.5 | N14: 3 | O14: 3 | P14: 3 | Q14: =IFERROR(AVERAGE(M14,N14,L14,O14,P14),"0") -> 2.9 | S14: 2.5 | W14: =S14 -> 2.5 | AC14: =IFERROR(AVERAGE(Y14,X14),"A") -> A | AI14: =IFERROR(AVERAGE(AF14,AD14),"A") -> A | AJ14: 3 | AK14: 3 | AM14: 3 | AO14: =IFERROR(AVERAGE(AJ14,AK14,AAM14),"0") -> 3 | AP14: 3 | AU14: =AP14 -> 3 | AY14: 3 | AZ14: 3 | BA14: =IFERROR(AVERAGE(AY14,AZ14),"0") -> 3
A15: 13 | B15: 2024JULB00017 | C15: Anamitra Dutta | D15: Male | E15: A | F15: 3 | G15: 4 | H15: 4 | I15: 4 | K15: =IFERROR(AVERAGE(F15,G15,H15,I15),"0") -> 3.75 | L15: 4 | M15: 4 | N15: 3 | O15: 4 | P15: 4 | Q15: =IFERROR(AVERAGE(M15,N15,L15,O15,P15),"0") -> 3.8 | S15: 4 | W15: =S15 -> 4 | AC15: =IFERROR(AVERAGE(Y15,X15),"A") -> A | AI15: =IFERROR(AVERAGE(AF15,AD15),"A") -> A | AJ15: 3 | AK15: 3 | AM15: 4 | AO15: =IFERROR(AVERAGE(AJ15,AK15,AAM15),"0") -> 3 | AP15: 4 | AU15: =AP15 -> 4 | AY15: 3 | AZ15: 4 | BA15: =IFERROR(AVERAGE(AY15,AZ15),"0") -> 3.5
A16: 14 | B16: 2024JULB00019 | C16: Anantaa Paul | D16: Female | E16: B | F16: 3 | G16: 3.5 | H16: 4 | I16: 3.5 | K16: =IFERROR(AVERAGE(F16,G16,H16,I16),"0") -> 3.5 | L16: 4 | M16: 3.5 | N16: 3 | O16: 3.5 | P16: 4 | Q16: =IFERROR(AVERAGE(M16,N16,L16,O16,P16),"0") -> 3.6 | S16: 3.5 | W16: =S16 -> 3.5 | AC16: =IFERROR(AVERAGE(Y16,X16),"A") -> A | AI16: =IFERROR(AVERAGE(AF16,AD16),"A") -> A | AJ16: 3 | AK16: 3.5 | AM16: 4 | AO16: =IFERROR(AVERAGE(AJ16,AK16,AAM16),"0") -> 3.25 | AP16: 4 | AU16: =AP16 -> 4 | AY16: 3.5 | AZ16: 3.5 | BA16: =IFERROR(AVERAGE(AY16,AZ16),"0") -> 3.5
A17: 15 | B17: 2024JULB00020 | C17: Ananya Das | D17: Female | E17: C | F17: 0 | G17: 0 | H17: 0 | I17: 0 | K17: =IFERROR(AVERAGE(F17,G17,H17,I17),"0") -> 0 | L17: 0 | M17: 0 | N17: 0 | O17: 0 | P17: 0 | Q17: =IFERROR(AVERAGE(M17,N17,L17,O17,P17),"0") -> 0 | S17: 0 | W17: =S17 -> 0 | AC17: =IFERROR(AVERAGE(Y17,X17),"A") -> A | AI17: =IFERROR(AVERAGE(AF17,AD17),"A") -> A | AJ17: 0 | AK17: 0 | AM17: 0 | AO17: =IFERROR(AVERAGE(AJ17,AK17,AAM17),"0") -> 0 | AP17: 0 | AU17: =AP17 -> 0 | AY17: 0 | AZ17: 0 | BA17: =IFERROR(AVERAGE(AY17,AZ17),"0") -> 0
A18: 16 | B18: 2024JULB00021 | C18: Aniket Inani | D18: Male | E18: A | F18: 1 | G18: 1 | H18: 1 | I18: 1 | K18: =IFERROR(AVERAGE(F18,G18,H18,I18),"0") -> 1 | L18: 1 | M18: 1 | N18: 1 | O18: 2 | P18: 1 | Q18: =IFERROR(AVERAGE(M18,N18,L18,O18,P18),"0") -> 1.2 | S18: 1 | W18: =S18 -> 1 | AC18: =IFERROR(AVERAGE(Y18,X18),"A") -> A | AI18: =IFERROR(AVERAGE(AF18,AD18),"A") -> A | AJ18: 1 | AK18: 1 | AM18: 1 | AO18: =IFERROR(AVERAGE(AJ18,AK18,AAM18),"0") -> 1 | AP18: 2 | AU18: =AP18 -> 2 | AY18: 1 | AZ18: 1 | BA18: =IFERROR(AVERAGE(AY18,AZ18),"0") -> 1
A19: 17 | B19: 2024JULB00022 | C19: Anupa Maheshwari | D19: Female | E19: C | F19: 4 | G19: 4 | H19: 2 | I19: 4 | K19: =IFERROR(AVERAGE(F19,G19,H19,I19),"0") -> 3.5 | L19: 4 | M19: 4 | N19: 4 | O19: 4 | P19: 4 | Q19: =IFERROR(AVERAGE(M19,N19,L19,O19,P19),"0") -> 4 | S19: 4 | W19: =S19 -> 4 | AC19: =IFERROR(AVERAGE(Y19,X19),"A") -> A | AI19: =IFERROR(AVERAGE(AF19,AD19),"A") -> A | AJ19: 3 | AK19: 2 | AM19: 3 | AO19: =IFERROR(AVERAGE(AJ19,AK19,AAM19),"0") -> 2.5 | AP19: 3 | AU19: =AP19 -> 3 | AY19: 3 | AZ19: 3 | BA19: =IFERROR(AVERAGE(AY19,AZ19),"0") -> 3
A20: 18 | B20: 2024JULB00023 | C20: Anushk Goel | D20: MALE | E20: A | F20: 2 | G20: 5 | H20: 2 | I20: 3 | K20: =IFERROR(AVERAGE(F20,G20,H20,I20),"0") -> 3 | L20: 3 | M20: 2 | N20: 4 | O20: 2 | P20: 2 | Q20: =IFERROR(AVERAGE(M20,N20,L20,O20,P20),"0") -> 2.6 | S20: 3 | W20: =S20 -> 3 | AC20: =IFERROR(AVERAGE(Y20,X20),"A") -> A | AI20: =IFERROR(AVERAGE(AF20,AD20),"A") -> A | AJ20: 3 | AK20: 3 | AM20: 2 | AO20: =IFERROR(AVERAGE(AJ20,AK20,AAM20),"0") -> 3 | AP20: 3 | AU20: =AP20 -> 3 | AY20: 3 | AZ20: 4 | BA20: =IFERROR(AVERAGE(AY20,AZ20),"0") -> 3.5
A21: 19 | B21: 2024JULB00024 | C21: Apoorwa Mishra | D21: Female | E21: A | F21: 3.5 | G21: 3.5 | H21: 3.5 | I21: 4 | K21: =IFERROR(AVERAGE(F21,G21,H21,I21),"0") -> 3.625 | L21: 4 | M21: 3.5 | N21: 4 | O21: 3.5 | P21: 3.5 | Q21: =IFERROR(AVERAGE(M21,N21,L21,O21,P21),"0") -> 3.7 | S21: 4 | W21: =S21 -> 4 | AC21: =IFERROR(AVERAGE(Y21,X21),"A") -> A | AI21: =IFERROR(AVERAGE(AF21,AD21),"A") -> A | AJ21: 3.5 | AK21: 3.5 | AM21: 4 | AO21: =IFERROR(AVERAGE(AJ21,AK21,AAM21),"0") -> 3.5 | AP21: 3.5 | AU21: =AP21 -> 3.5 | AY21: 4 | AZ21: 3.5 | BA21: =IFERROR(AVERAGE(AY21,AZ21),"0") -> 3.75
A22: 20 | B22: 2024JULB00025 | C22: Arit Roy | D22: Male | E22: B | F22: 4 | G22: 4 | H22: 3 | I22: 3 | K22: =IFERROR(AVERAGE(F22,G22,H22,I22),"0") -> 3.5 | L22: 4 | M22: 4 | N22: 4 | O22: 4 | P22: 4 | Q22: =IFERROR(AVERAGE(M22,N22,L22,O22,P22),"0") -> 4 | S22: 4 | W22: =S22 -> 4 | AC22: =IFERROR(AVERAGE(Y22,X22),"A") -> A | AI22: =IFERROR(AVERAGE(AF22,AD22),"A") -> A | AJ22: 3 | AK22: 4 | AM22: 4 | AO22: =IFERROR(AVERAGE(AJ22,AK22,AAM22),"0") -> 3.5 | AP22: 3 | AU22: =AP22 -> 3 | AY22: 3 | AZ22: 2 | BA22: =IFERROR(AVERAGE(AY22,AZ22),"0") -> 2.5
A23: 21 | B23: 2024JULB00026 | C23: Arush Mangal | D23: Male | E23: B | F23: 4 | G23: 2 | H23: 3 | I23: 2 | K23: =IFERROR(AVERAGE(F23,G23,H23,I23),"0") -> 2.75 | L23: 2 | M23: 2 | N23: 2 | O23: 2 | P23: 3 | Q23: =IFERROR(AVERAGE(M23,N23,L23,O23,P23),"0") -> 2.2 | S23: 3 | W23: =S23 -> 3 | AC23: =IFERROR(AVERAGE(Y23,X23),"A") -> A | AI23: =IFERROR(AVERAGE(AF23,AD23),"A") -> A | AJ23: 3 | AK23: 2 | AM23: 3 | AO23: =IFERROR(AVERAGE(AJ23,AK23,AAM23),"0") -> 2.5 | AP23: 3 | AU23: =AP23 -> 3 | AY23: 3 | AZ23: 3 | BA23: =IFERROR(AVERAGE(AY23,AZ23),"0") -> 3
A24: 22 | B24: 2024JULB00027 | C24: Aryan Atreya | D24: Male | E24: A | F24: 3 | G24: 3 | H24: 3 | I24: 3 | K24: =IFERROR(AVERAGE(F24,G24,H24,I24),"0") -> 3 | L24: 3 | M24: 3 | N24: 3 | O24: 3 | P24: 3 | Q24: =IFERROR(AVERAGE(M24,N24,L24,O24,P24),"0") -> 3 | S24: 3 | W24: =S24 -> 3 | AC24: =IFERROR(AVERAGE(Y24,X24),"A") -> A | AI24: =IFERROR(AVERAGE(AF24,AD24),"A") -> A | AJ24: 3 | AK24: 3 | AM24: 3 | AO24: =IFERROR(AVERAGE(AJ24,AK24,AAM24),"0") -> 3 | AP24: 4 | AU24: =AP24 -> 4 | AY24: 3 | AZ24: 4 | BA24: =IFERROR(AVERAGE(AY24,AZ24),"0") -> 3.5
A25: 23 | B25: 2024JULB00028 | C25: Aryan Balapure | D25: Male | E25: B | F25: 3 | G25: 2.5 | H25: 3 | I25: 3 | K25: =IFERROR(AVERAGE(F25,G25,H25,I25),"0") -> 2.875 | L25: 3 | M25: 3 | N25: 3 | O25: 2.5 | P25: 3 | Q25: =IFERROR(AVERAGE(M25,N25,L25,O25,P25),"0") -> 2.9 | S25: 3 | W25: =S25 -> 3 | AC25: =IFERROR(AVERAGE(Y25,X25),"A") -> A | AI25: =IFERROR(AVERAGE(AF25,AD25),"A") -> A | AJ25: 3 | AK25: 2.5 | AM25: 3 | AO25: =IFERROR(AVERAGE(AJ25,AK25,AAM25),"0") -> 2.75 | AP25: 3 | AU25: =AP25 -> 3 | AY25: 2.5 | AZ25: 2.5 | BA25: =IFERROR(AVERAGE(AY25,AZ25),"0") -> 2.5
A26: 24 | B26: 2024JULB00029 | C26: Aryan Trivedi | D26: Male | E26: A | F26: 1 | G26: 3 | H26: 2 | I26: 2 | K26: =IFERROR(AVERAGE(F26,G26,H26,I26),"0") -> 2 | L26: 2 | M26: 2 | N26: 2 | O26: 4 | P26: 2 | Q26: =IFERROR(AVERAGE(M26,N26,L26,O26,P26),"0") -> 2.4 | S26: 1 | W26: =S26 -> 1 | AC26: =IFERROR(AVERAGE(Y26,X26),"A") -> A | AI26: =IFERROR(AVERAGE(AF26,AD26),"A") -> A | AJ26: 2 | AK26: 1 | AM26: 2 | AO26: =IFERROR(AVERAGE(AJ26,AK26,AAM26),"0") -> 1.5 | AP26: 3 | AU26: =AP26 -> 3 | AY26: 2 | AZ26: 2 | BA26: =IFERROR(AVERAGE(AY26,AZ26),"0") -> 2
A27: 25 | B27: 2024JULB00030 | C27: Ashish Abraham John | D27: Male | E27: B | F27: 3 | G27: 3 | H27: 0 | I27: 3 | K27: =IFERROR(AVERAGE(F27,G27,H27,I27),"0") -> 2.25 | L27: 4 | M27: 4 | N27: 4 | O27: 3 | P27: 3 | Q27: =IFERROR(AVERAGE(M27,N27,L27,O27,P27),"0") -> 3.6 | S27: 3 | W27: =S27 -> 3 | AC27: =IFERROR(AVERAGE(Y27,X27),"A") -> A | AI27: =IFERROR(AVERAGE(AF27,AD27),"A") -> A | AJ27: 3 | AK27: 3 | AM27: 3 | AO27: =IFERROR(AVERAGE(AJ27,AK27,AAM27),"0") -> 3 | AP27: 3 | AU27: =AP27 -> 3 | AY27: 3 | AZ27: 3 | BA27: =IFERROR(AVERAGE(AY27,AZ27),"0") -> 3
A28: 26 | B28: 2024JULB00031 | C28: Ashita Roshan Kumar | D28: Female | E28: C | F28: 2 | G28: 2 | H28: 2 | I28: 2 | K28: =IFERROR(AVERAGE(F28,G28,H28,I28),"0") -> 2 | L28: 2 | M28: 3 | N28: 2 | O28: 3 | P28: 2 | Q28: =IFERROR(AVERAGE(M28,N28,L28,O28,P28),"0") -> 2.4 | S28: 3 | W28: =S28 -> 3 | AC28: =IFERROR(AVERAGE(Y28,X28),"A") -> A | AI28: =IFERROR(AVERAGE(AF28,AD28),"A") -> A | AJ28: 3 | AK28: 3 | AM28: 3 | AO28: =IFERROR(AVERAGE(AJ28,AK28,AAM28),"0") -> 3 | AP28: 3 | AU28: =AP28 -> 3 | AY28: 3 | AZ28: 2 | BA28: =IFERROR(AVERAGE(AY28,AZ28),"0") -> 2.5
A29: 27 | B29: 2024JULB00032 | C29: Ashutosh Sharan | D29: Male | E29: B | F29: 4 | G29: 4 | H29: 4 | I29: 3.5 | K29: =IFERROR(AVERAGE(F29,G29,H29,I29),"0") -> 3.875 | L29: 4 | M29: 3.5 | N29: 4 | O29: 4 | P29: 4 | Q29: =IFERROR(AVERAGE(M29,N29,L29,O29,P29),"0") -> 3.9 | S29: 3.5 | W29: =S29 -> 3.5 | AC29: =IFERROR(AVERAGE(Y29,X29),"A") -> A | AI29: =IFERROR(AVERAGE(AF29,AD29),"A") -> A | AJ29: 4 | AK29: 4 | AM29: 4 | AO29: =IFERROR(AVERAGE(AJ29,AK29,AAM29),"0") -> 4 | AP29: 4 | AU29: =AP29 -> 4 | AY29: 4 | AZ29: 4 | BA29: =IFERROR(AVERAGE(AY29,AZ29),"0") -> 4
... A46: 44 | B46: 2024JULB00056 | C46: Elina Mahanta | D46: Female | E46: A | F46: 3 | G46: 4 | H46: 3 | I46: 4 | K46: =IFERROR(AVERAGE(F46,G46,H46,I46),"0") -> 3.5 | L46: 3 | M46: 4 | N46: 4 | O46: 4 | P46: 3 | Q46: =IFERROR(AVERAGE(M46,N46,L46,O46,P46),"0") -> 3.6 | S46: 2 | W46: =S46 -> 2 | AC46: =IFERROR(AVERAGE(Y46,X46),"A") -> A | AI46: =IFERROR(AVERAGE(AF46,AD46),"A") -> A | AJ46: 3 | AK46: 4 | AM46: 3 | AO46: =IFERROR(AVERAGE(AJ46,AK46,AAM46),"0") -> 3.5 | AP46: 3 | AU46: =AP46 -> 3 | AY46: 3 | AZ46: 4 | BA46: =IFERROR(AVERAGE(AY46,AZ46),"0") -> 3.5
A47: 45 | B47: 2024JULB00057 | C47: Faizulhusen A Niaz | D47: Male | E47: B | F47: 0 | G47: 0 | H47: 0 | I47: 0 | K47: =IFERROR(AVERAGE(F47,G47,H47,I47),"0") -> 0 | L47: 0 | M47: 0 | N47: 0 | O47: 0 | P47: 0 | Q47: =IFERROR(AVERAGE(M47,N47,L47,O47,P47),"0") -> 0 | S47: 0 | W47: =S47 -> 0 | AC47: =IFERROR(AVERAGE(Y47,X47),"A") -> A | AI47: =IFERROR(AVERAGE(AF47,AD47),"A") -> A | AJ47: 0 | AK47: 0 | AM47: 0 | AO47: =IFERROR(AVERAGE(AJ47,AK47,AAM47),"0") -> 0 | AP47: 0 | AU47: =AP47 -> 0 | AY47: 0 | AZ47: 0 | BA47: =IFERROR(AVERAGE(AY47,AZ47),"0") -> 0
A48: 46 | B48: 2024JULB00058 | C48: Farheena Taskin Jamadar | D48: Female | E48: C | F48: 1 | G48: 1 | H48: 1 | I48: 1 | K48: =IFERROR(AVERAGE(F48,G48,H48,I48),"0") -> 1 | L48: 1 | M48: 1 | N48: 1 | O48: 4 | P48: 1 | Q48: =IFERROR(AVERAGE(M48,N48,L48,O48,P48),"0") -> 1.6 | S48: 1 | W48: =S48 -> 1 | AC48: =IFERROR(AVERAGE(Y48,X48),"A") -> A | AI48: =IFERROR(AVERAGE(AF48,AD48),"A") -> A | AJ48: 1 | AK48: 1 | AM48: 1 | AO48: =IFERROR(AVERAGE(AJ48,AK48,AAM48),"0") -> 1 | AP48: 1 | AU48: =AP48 -> 1 | AY48: 1 | AZ48: 1 | BA48: =IFERROR(AVERAGE(AY48,AZ48),"0") -> 1
A49: 47 | B49: 2024JULB00059 | C49: G Tharnath Reddy | D49: Male | E49: A | F49: 2 | G49: 1 | H49: 2 | I49: 3 | K49: =IFERROR(AVERAGE(F49,G49,H49,I49),"0") -> 2 | L49: 2 | M49: 2 | N49: 2 | O49: 3 | P49: 2 | Q49: =IFERROR(AVERAGE(M49,N49,L49,O49,P49),"0") -> 2.2 | S49: 2 | W49: =S49 -> 2 | AC49: =IFERROR(AVERAGE(Y49,X49),"A") -> A | AI49: =IFERROR(AVERAGE(AF49,AD49),"A") -> A | AJ49: 3 | AK49: 2 | AM49: 2 | AO49: =IFERROR(AVERAGE(AJ49,AK49,AAM49),"0") -> 2.5 | AP49: 3 | AU49: =AP49 -> 3 | AY49: 3 | AZ49: 2 | BA49: =IFERROR(AVERAGE(AY49,AZ49),"0") -> 2.5
A50: 48 | B50: 2024JULB00060 | C50: Gagan C S | D50: Male | E50: B | F50: 2 | G50: 2.5 | H50: 2 | I50: 2.5 | K50: =IFERROR(AVERAGE(F50,G50,H50,I50),"0") -> 2.25 | L50: 2.5 | M50: 2 | N50: 3 | O50: 2.5 | P50: 3 | Q50: =IFERROR(AVERAGE(M50,N50,L50,O50,P50),"0") -> 2.6 | S50: 2.5 | W50: =S50 -> 2.5 | AC50: =IFERROR(AVERAGE(Y50,X50),"A") -> A | AI50: =IFERROR(AVERAGE(AF50,AD50),"A") -> A | AJ50: 3 | AK50: 2.5 | AM50: 2.5 | AO50: =IFERROR(AVERAGE(AJ50,AK50,AAM50),"0") -> 2.75 | AP50: 2 | AU50: =AP50 -> 2 | AY50: 2.5 | AZ50: 2.5 | BA50: =IFERROR(AVERAGE(AY50,AZ50),"0") -> 2.5
A51: 49 | B51: 2024JULB00061 | C51: Gaurav Gaur | D51: Male | E51: C | F51: 4 | G51: 5 | H51: 5 | I51: 5 | K51: =IFERROR(AVERAGE(F51,G51,H51,I51),"0") -> 4.75 | L51: 4 | M51: 5 | N51: 5 | O51: 5 | P51: 5 | Q51: =IFERROR(AVERAGE(M51,N51,L51,O51,P51),"0") -> 4.8 | S51: 5 | W51: =S51 -> 5 | AC51: =IFERROR(AVERAGE(Y51,X51),"A") -> A | AI51: =IFERROR(AVERAGE(AF51,AD51),"A") -> A | AJ51: 5 | AK51: 5 | AM51: 4 | AO51: =IFERROR(AVERAGE(AJ51,AK51,AAM51),"0") -> 5 | AP51: 4 | AU51: =AP51 -> 4 | AY51: 3 | AZ51: 3 | BA51: =IFERROR(AVERAGE(AY51,AZ51),"0") -> 3
A52: 50 | B52: 2024JULB00062 | C52: Harish Kumar R | D52: Male | E52: A | F52: 1.5 | G52: 2 | H52: 2.5 | I52: 2 | K52: =IFERROR(AVERAGE(F52,G52,H52,I52),"0") -> 2 | L52: 2.5 | M52: 2 | N52: 1.5 | O52: 2 | P52: 2.5 | Q52: =IFERROR(AVERAGE(M52,N52,L52,O52,P52),"0") -> 2.1 | S52: 2 | W52: =S52 -> 2 | AC52: =IFERROR(AVERAGE(Y52,X52),"A") -> A | AI52: =IFERROR(AVERAGE(AF52,AD52),"A") -> A | AJ52: 1.5 | AK52: 2 | AM52: 2.5 | AO52: =IFERROR(AVERAGE(AJ52,AK52,AAM52),"0") -> 1.75 | AP52: 2.5 | AU52: =AP52 -> 2.5 | AY52: 2 | AZ52: 2 | BA52: =IFERROR(AVERAGE(AY52,AZ52),"0") -> 2
A53: 51 | B53: 2024JULB00063 | C53: Harshavarthni K S | D53: Female | E53: B | F53: 3 | G53: 4 | H53: 3 | I53: 3 | K53: =IFERROR(AVERAGE(F53,G53,H53,I53),"0") -> 3.25 | L53: 2 | M53: 3 | N53: 4 | O53: 4 | P53: 3 | Q53: =IFERROR(AVERAGE(M53,N53,L53,O53,P53),"0") -> 3.2 | S53: 3 | W53: =S53 -> 3 | AC53: =IFERROR(AVERAGE(Y53,X53),"A") -> A | AI53: =IFERROR(AVERAGE(AF53,AD53),"A") -> A | AJ53: 3 | AK53: 4 | AM53: 3 | AO53: =IFERROR(AVERAGE(AJ53,AK53,AAM53),"0") -> 3.5 | AP53: 3 | AU53: =AP53 -> 3 | AY53: 4 | AZ53: 4 | BA53: =IFERROR(AVERAGE(AY53,AZ53),"0") -> 4
A54: 52 | B54: 2024JULB00064 | C54: Hemant Prajapat | D54: Male | E54: B | F54: 3 | G54: 3 | H54: 3 | I54: 3 | K54: =IFERROR(AVERAGE(F54,G54,H54,I54),"0") -> 3 | L54: 3 | M54: 4 | N54: 3 | O54: 4 | P54: 3 | Q54: =IFERROR(AVERAGE(M54,N54,L54,O54,P54),"0") -> 3.4 | S54: 3 | W54: =S54 -> 3 | AC54: =IFERROR(AVERAGE(Y54,X54),"A") -> A | AI54: =IFERROR(AVERAGE(AF54,AD54),"A") -> A | AJ54: 3 | AK54: 3 | AM54: 3 | AO54: =IFERROR(AVERAGE(AJ54,AK54,AAM54),"0") -> 3 | AP54: 3 | AU54: =AP54 -> 3 | AY54: 3 | AZ54: 1 | BA54: =IFERROR(AVERAGE(AY54,AZ54),"0") -> 2
A55: 53 | B55: 2024JULB00065 | C55: Himanshu Chahar | D55: Male | E55: B | F55: 1 | G55: 2 | H55: 2 | I55: 2 | K55: =IFERROR(AVERAGE(F55,G55,H55,I55),"0") -> 1.75 | L55: 2 | M55: 2 | N55: 1 | O55: 4 | P55: 1 | Q55: =IFERROR(AVERAGE(M55,N55,L55,O55,P55),"0") -> 2 | S55: 1 | W55: =S55 -> 1 | AC55: =IFERROR(AVERAGE(Y55,X55),"A") -> A | AI55: =IFERROR(AVERAGE(AF55,AD55),"A") -> A | AJ55: 1 | AK55: 1 | AM55: 2 | AO55: =IFERROR(AVERAGE(AJ55,AK55,AAM55),"0") -> 1 | AP55: 3 | AU55: =AP55 -> 3 | AY55: 1 | AZ55: 2 | BA55: =IFERROR(AVERAGE(AY55,AZ55),"0") -> 1.5
A56: 54 | B56: 2024JULB00066 | C56: Himanshu Upadhyay | D56: Male | E56: C | F56: 1 | G56: 4 | H56: 2 | I56: 2 | K56: =IFERROR(AVERAGE(F56,G56,H56,I56),"0") -> 2.25 | L56: 3 | M56: 4 | N56: 3 | O56: 2 | P56: 2 | Q56: =IFERROR(AVERAGE(M56,N56,L56,O56,P56),"0") -> 2.8 | S56: 2 | W56: =S56 -> 2 | AC56: =IFERROR(AVERAGE(Y56,X56),"A") -> A | AI56: =IFERROR(AVERAGE(AF56,AD56),"A") -> A | AJ56: 3 | AK56: 2 | AM56: 2 | AO56: =IFERROR(AVERAGE(AJ56,AK56,AAM56),"0") -> 2.5 | AP56: 3 | AU56: =AP56 -> 3 | AY56: 3 | AZ56: 3 | BA56: =IFERROR(AVERAGE(AY56,AZ56),"0") -> 3
A57: 55 | B57: 2024JULB00069 | C57: Jay Dwivedi | D57: Male | E57: B | F57: 2 | G57: 3 | H57: 2 | I57: 2 | K57: =IFERROR(AVERAGE(F57,G57,H57,I57),"0") -> 2.25 | L57: 4 | M57: 4 | N57: 3 | O57: 4 | P57: 2 | Q57: =IFERROR(AVERAGE(M57,N57,L57,O57,P57),"0") -> 3.4 | S57: 4 | W57: =S57 -> 4 | AC57: =IFERROR(AVERAGE(Y57,X57),"A") -> A | AI57: =IFERROR(AVERAGE(AF57,AD57),"A") -> A | AJ57: 3 | AK57: 2 | AM57: 3 | AO57: =IFERROR(AVERAGE(AJ57,AK57,AAM57),"0") -> 2.5 | AP57: 3 | AU57: =AP57 -> 3 | AY57: 3 | AZ57: 3 | BA57: =IFERROR(AVERAGE(AY57,AZ57),"0") -> 3
A58: 56 | B58: 2024JULB00071 | C58: Jyoti Sahoo | D58: Female | E58: A | F58: 2 | G58: 4 | H58: 2 | I58: 4 | K58: =IFERROR(AVERAGE(F58,G58,H58,I58),"0") -> 3 | L58: 3 | M58: 3 | N58: 4 | O58: 3 | P58: 2 | Q58: =IFERROR(AVERAGE(M58,N58,L58,O58,P58),"0") -> 3 | S58: 4 | W58: =S58 -> 4 | AC58: =IFERROR(AVERAGE(Y58,X58),"A") -> A | AI58: =IFERROR(AVERAGE(AF58,AD58),"A") -> A | AJ58: 3 | AK58: 3 | AM58: 3 | AO58: =IFERROR(AVERAGE(AJ58,AK58,AAM58),"0") -> 3 | AP58: 3 | AU58: =AP58 -> 3 | AY58: 3 | AZ58: 3 | BA58: =IFERROR(AVERAGE(AY58,AZ58),"0") -> 3
A59: 57 | B59: 2024JULB00072 | C59: Kajal Choudhary | D59: Female | E59: C | F59: 2 | G59: 4 | H59: 4 | I59: 2 | K59: =IFERROR(AVERAGE(F59,G59,H59,I59),"0") -> 3 | L59: 3 | M59: 3 | N59: 3 | O59: 2 | P59: 3 | Q59: =IFERROR(AVERAGE(M59,N59,L59,O59,P59),"0") -> 2.8 | S59: 4 | W59: =S59 -> 4 | AC59: =IFERROR(AVERAGE(Y59,X59),"A") -> A | AI59: =IFERROR(AVERAGE(AF59,AD59),"A") -> A | AJ59: 2 | AK59: 3 | AM59: 2 | AO59: =IFERROR(AVERAGE(AJ59,AK59,AAM59),"0") -> 2.5 | AP59: 4 | AU59: =AP59 -> 4 | AY59: 4 | AZ59: 4 | BA59: =IFERROR(AVERAGE(AY59,AZ59),"0") -> 4
... A67: 65 | B67: 2024JULB00081 | C67: Krish Chakraborty | D67: Male | E67: A | F67: 5 | G67: 0 | H67: 4 | I67: 3 | K67: =IFERROR(AVERAGE(F67,G67,H67,I67),"0") -> 3 | L67: 3 | M67: 3 | N67: 3 | O67: 5 | P67: 4 | Q67: =IFERROR(AVERAGE(M67,N67,L67,O67,P67),"0") -> 3.6 | S67: 4 | W67: =S67 -> 4 | AC67: =IFERROR(AVERAGE(Y67,X67),"A") -> A | AI67: =IFERROR(AVERAGE(AF67,AD67),"A") -> A | AJ67: 3 | AK67: 3 | AM67: 4 | AO67: =IFERROR(AVERAGE(AJ67,AK67,AAM67),"0") -> 3 | AP67: 4 | AU67: =AP67 -> 4 | AY67: 3 | AZ67: 4 | BA67: =IFERROR(AVERAGE(AY67,AZ67),"0") -> 3.5
A68: 66 | B68: 2024JULB00083 | C68: Kunal Khurana | D68: Male | E68: B | F68: 0 | G68: 0 | H68: 0 | I68: 0 | K68: =IFERROR(AVERAGE(F68,G68,H68,I68),"0") -> 0 | L68: 0 | M68: 0 | N68: 0 | O68: 0 | P68: 0 | Q68: =IFERROR(AVERAGE(M68,N68,L68,O68,P68),"0") -> 0 | S68: 0 | W68: =S68 -> 0 | AC68: =IFERROR(AVERAGE(Y68,X68),"A") -> A | AI68: =IFERROR(AVERAGE(AF68,AD68),"A") -> A | AJ68: 0 | AK68: 0 | AM68: 0 | AO68: =IFERROR(AVERAGE(AJ68,AK68,AAM68),"0") -> 0 | AP68: 0 | AU68: =AP68 -> 0 | AY68: 0 | AZ68: 0 | BA68: =IFERROR(AVERAGE(AY68,AZ68),"0") -> 0
A69: 67 | B69: 2024JULB00084 | C69: Kushal Badalia | D69: Male | E69: B | F69: 4 | G69: 4 | H69: 4 | I69: 4 | K69: =IFERROR(AVERAGE(F69,G69,H69,I69),"0") -> 4 | L69: 3 | M69: 4 | N69: 4 | O69: 4 | P69: 3 | Q69: =IFERROR(AVERAGE(M69,N69,L69,O69,P69),"0") -> 3.6 | S69: 2 | W69: =S69 -> 2 | AC69: =IFERROR(AVERAGE(Y69,X69),"A") -> A | AI69: =IFERROR(AVERAGE(AF69,AD69),"A") -> A | AJ69: 3 | AK69: 4 | AM69: 4 | AO69: =IFERROR(AVERAGE(AJ69,AK69,AAM69),"0") -> 3.5 | AP69: 3 | AU69: =AP69 -> 3 | AY69: 4 | AZ69: 4 | BA69: =IFERROR(AVERAGE(AY69,AZ69),"0") -> 4
A70: 68 | B70: 2024JULB00085 | C70: Kushal Srivastav | D70: Male | E70: B | F70: 4 | G70: 4 | H70: 4 | I70: 4 | K70: =IFERROR(AVERAGE(F70,G70,H70,I70),"0") -> 4 | L70: 3 | M70: 4 | N70: 4 | O70: 3 | P70: 2 | Q70: =IFERROR(AVERAGE(M70,N70,L70,O70,P70),"0") -> 3.2 | S70: 3 | W70: =S70 -> 3 | AC70: =IFERROR(AVERAGE(Y70,X70),"A") -> A | AI70: =IFERROR(AVERAGE(AF70,AD70),"A") -> A | AJ70: 3 | AK70: 4 | AM70: 3 | AO70: =IFERROR(AVERAGE(AJ70,AK70,AAM70),"0") -> 3.5 | AP70: 3 | AU70: =AP70 -> 3 | AY70: 3 | AZ70: 3 | BA70: =IFERROR(AVERAGE(AY70,AZ70),"0") -> 3
A71: 69 | B71: 2024JULB00086 | C71: Lakshita Chandak | D71: Female | E71: A | F71: 2 | G71: 0 | H71: 4 | I71: 3 | K71: =IFERROR(AVERAGE(F71,G71,H71,I71),"0") -> 2.25 | L71: 3 | M71: 4 | N71: 2 | O71: 3 | P71: 3 | Q71: =IFERROR(AVERAGE(M71,N71,L71,O71,P71),"0") -> 3 | S71: 3 | W71: =S71 -> 3 | AC71: =IFERROR(AVERAGE(Y71,X71),"A") -> A | AI71: =IFERROR(AVERAGE(AF71,AD71),"A") -> A | AJ71: 3 | AK71: 3 | AM71: 3 | AO71: =IFERROR(AVERAGE(AJ71,AK71,AAM71),"0") -> 3 | AP71: 2 | AU71: =AP71 -> 2 | AY71: 3 | AZ71: 3 | BA71: =IFERROR(AVERAGE(AY71,AZ71),"0") -> 3
A72: 70 | B72: 2024JULB00087 | C72: Laxmi Poorvaja S | D72: Female | E72: C | F72: 3 | G72: 3 | H72: 3 | I72: 3 | K72: =IFERROR(AVERAGE(F72,G72,H72,I72),"0") -> 3 | L72: 2 | M72: 3 | N72: 3 | O72: 4 | P72: 3 | Q72: =IFERROR(AVERAGE(M72,N72,L72,O72,P72),"0") -> 3 | S72: 4 | W72: =S72 -> 4 | AC72: =IFERROR(AVERAGE(Y72,X72),"A") -> A | AI72: =IFERROR(AVERAGE(AF72,AD72),"A") -> A | AJ72: 3 | AK72: 3 | AM72: 3 | AO72: =IFERROR(AVERAGE(AJ72,AK72,AAM72),"0") -> 3 | AP72: 3 | AU72: =AP72 -> 3 | AY72: 4 | AZ72: 4 | BA72: =IFERROR(AVERAGE(AY72,AZ72),"0") -> 4
A73: 71 | B73: 2024JULB00088 | C73: Leena D | D73: Female | E73: A | F73: 0 | G73: 0 | H73: 0 | I73: 0 | K73: =IFERROR(AVERAGE(F73,G73,H73,I73),"0") -> 0 | L73: 0 | M73: 0 | N73: 0 | O73: 0 | P73: 0 | Q73: =IFERROR(AVERAGE(M73,N73,L73,O73,P73),"0") -> 0 | S73: 0 | W73: =S73 -> 0 | AC73: =IFERROR(AVERAGE(Y73,X73),"A") -> A | AI73: =IFERROR(AVERAGE(AF73,AD73),"A") -> A | AJ73: 0 | AK73: 0 | AM73: 0 | AO73: =IFERROR(AVERAGE(AJ73,AK73,AAM73),"0") -> 0 | AP73: 0 | AU73: =AP73 -> 0 | AY73: 3 | AZ73: 2 | BA73: =IFERROR(AVERAGE(AY73,AZ73),"0") -> 2.5
A74: 72 | B74: 2024JULB00090 | C74: M Maureen Mandy | D74: Female | E74: B | F74: 2 | G74: 2 | H74: 2.5 | I74: 2 | K74: =IFERROR(AVERAGE(F74,G74,H74,I74),"0") -> 2.125 | L74: 2.5 | M74: 2 | N74: 2 | O74: 2 | P74: 2.5 | Q74: =IFERROR(AVERAGE(M74,N74,L74,O74,P74),"0") -> 2.2 | S74: 2 | W74: =S74 -> 2 | AC74: =IFERROR(AVERAGE(Y74,X74),"A") -> A | AI74: =IFERROR(AVERAGE(AF74,AD74),"A") -> A | AJ74: 2 | AK74: 2 | AM74: 2.5 | AO74: =IFERROR(AVERAGE(AJ74,AK74,AAM74),"0") -> 2 | AP74: 2.5 | AU74: =AP74 -> 2.5 | AY74: 2 | AZ74: 2 | BA74: =IFERROR(AVERAGE(AY74,AZ74),"0") -> 2
A75: 73 | B75: 2024JULB00091 | C75: Madhav Sharma | D75: Male | E75: B | F75: 2 | G75: 2 | H75: 5 | I75: 4 | K75: =IFERROR(AVERAGE(F75,G75,H75,I75),"0") -> 3.25 | L75: 3 | M75: 3 | N75: 3 | O75: 3 | P75: 3 | Q75: =IFERROR(AVERAGE(M75,N75,L75,O75,P75),"0") -> 3 | S75: 3 | W75: =S75 -> 3 | AC75: =IFERROR(AVERAGE(Y75,X75),"A") -> A | AI75: =IFERROR(AVERAGE(AF75,AD75),"A") -> A | AJ75: 3 | AK75: 3 | AM75: 4 | AO75: =IFERROR(AVERAGE(AJ75,AK75,AAM75),"0") -> 3 | AP75: 4 | AU75: =AP75 -> 4 | AY75: 3 | AZ75: 3 | BA75: =IFERROR(AVERAGE(AY75,AZ75),"0") -> 3
A76: 74 | B76: 2024JULB00093 | C76: Akhileswaradu Manikireddy | D76: Male | E76: C | F76: 2 | G76: 2 | H76: 2 | I76: 2 | K76: =IFERROR(AVERAGE(F76,G76,H76,I76),"0") -> 2 | L76: 1 | M76: 3 | N76: 2 | O76: 2 | P76: 2 | Q76: =IFERROR(AVERAGE(M76,N76,L76,O76,P76),"0") -> 2 | S76: 1 | W76: =S76 -> 1 | AC76: =IFERROR(AVERAGE(Y76,X76),"A") -> A | AI76: =IFERROR(AVERAGE(AF76,AD76),"A") -> A | AJ76: 2 | AK76: 3 | AM76: 2 | AO76: =IFERROR(AVERAGE(AJ76,AK76,AAM76),"0") -> 2.5 | AP76: 2 | AU76: =AP76 -> 2 | AY76: 3 | AZ76: 3 | BA76: =IFERROR(AVERAGE(AY76,AZ76),"0") -> 3
A77: 75 | B77: 2024JULB00094 | C77: Megha Prajapati | D77: Male | E77: C | F77: 2 | G77: 2 | H77: 2 | I77: 2.5 | K77: =IFERROR(AVERAGE(F77,G77,H77,I77),"0") -> 2.125 | L77: 2.5 | M77: 2 | N77: 2.5 | O77: 2 | P77: 2 | Q77: =IFERROR(AVERAGE(M77,N77,L77,O77,P77),"0") -> 2.2 | S77: 2.5 | W77: =S77 -> 2.5 | AC77: =IFERROR(AVERAGE(Y77,X77),"A") -> A | AI77: =IFERROR(AVERAGE(AF77,AD77),"A") -> A | AJ77: 2 | AK77: 2 | AM77: 2.5 | AO77: =IFERROR(AVERAGE(AJ77,AK77,AAM77),"0") -> 2 | AP77: 2 | AU77: =AP77 -> 2 | AY77: 2.5 | AZ77: 2 | BA77: =IFERROR(AVERAGE(AY77,AZ77),"0") -> 2.25
A78: 76 | B78: 2024JULB00095 | C78: Melvin Roche. A | D78: Male | E78: C | F78: 4 | G78: 4 | H78: 2 | I78: 4 | K78: =IFERROR(AVERAGE(F78,G78,H78,I78),"0") -> 3.5 | L78: 4 | M78: 4 | N78: 4 | O78: 5 | P78: 4 | Q78: =IFERROR(AVERAGE(M78,N78,L78,O78,P78),"0") -> 4.2 | S78: 4 | W78: =S78 -> 4 | AC78: =IFERROR(AVERAGE(Y78,X78),"A") -> A | AI78: =IFERROR(AVERAGE(AF78,AD78),"A") -> A | AJ78: 3 | AK78: 3 | AM78: 4 | AO78: =IFERROR(AVERAGE(AJ78,AK78,AAM78),"0") -> 3 | AP78: 4 | AU78: =AP78 -> 4 | AY78: 3 | AZ78: 3 | BA78: =IFERROR(AVERAGE(AY78,AZ78),"0") -> 3
A79: 77 | B79: 2024JULB00096 | C79: Milan Krishna N E | D79: Male | E79: C | F79: 2 | G79: 3 | H79: 3 | I79: 3 | K79: =IFERROR(AVERAGE(F79,G79,H79,I79),"0") -> 2.75 | L79: 4 | M79: 2 | N79: 3 | O79: 3 | P79: 2 | Q79: =IFERROR(AVERAGE(M79,N79,L79,O79,P79),"0") -> 2.8 | S79: 2 | W79: =S79 -> 2 | AC79: =IFERROR(AVERAGE(Y79,X79),"A") -> A | AI79: =IFERROR(AVERAGE(AF79,AD79),"A") -> A | AJ79: 3 | AK79: 3 | AM79: 3 | AO79: =IFERROR(AVERAGE(AJ79,AK79,AAM79),"0") -> 3 | AP79: 3 | AU79: =AP79 -> 3 | AY79: 3 | AZ79: 3 | BA79: =IFERROR(AVERAGE(AY79,AZ79),"0") -> 3
A80: 78 | B80: 2024JULB00098 | C80: Naitik Roy | D80: Male | E80: C | F80: 3 | G80: 3 | H80: 0 | I80: 3 | K80: =IFERROR(AVERAGE(F80,G80,H80,I80),"0") -> 2.25 | L80: 3 | M80: 3 | N80: 3 | O80: 3 | P80: 3 | Q80: =IFERROR(AVERAGE(M80,N80,L80,O80,P80),"0") -> 3 | S80: 3 | W80: =S80 -> 3 | AC80: =IFERROR(AVERAGE(Y80,X80),"A") -> A | AI80: =IFERROR(AVERAGE(AF80,AD80),"A") -> A | AJ80: 3 | AK80: 3 | AM80: 3 | AO80: =IFERROR(AVERAGE(AJ80,AK80,AAM80),"0") -> 3 | AP80: 3 | AU80: =AP80 -> 3 | AY80: 2 | AZ80: 1 | BA80: =IFERROR(AVERAGE(AY80,AZ80),"0") -> 1.5
... A230: 228 | B230: 2024JULB00273 | C230: Harshit Gopawat | D230: MAle | E230: D | F230: 1 | G230: 1 | H230: 1 | I230: 1 | K230: =IFERROR(AVERAGE(F230,G230,H230,I230),"0") -> 1 | L230: 1 | M230: 1 | N230: 1 | O230: 1 | P230: 1 | Q230: =IFERROR(AVERAGE(M230,N230,L230,O230,P230),"0") -> 1 | S230: 1 | W230: =S230 -> 1 | AC230: =IFERROR(AVERAGE(Y230,X230),"A") -> A | AI230: =IFERROR(AVERAGE(AF230,AD230),"A") -> A | AJ230: 1 | AK230: 1 | AM230: 1 | AO230: =IFERROR(AVERAGE(AJ230,AK230,AAM230),"0") -> 1 | AP230: 1 | AU230: =AP230 -> 1 | AY230: 3 | AZ230: 3 | BA230: =IFERROR(AVERAGE(AY230,AZ230),"0") -> 3

Sheet Debate
A1: Sr# | B1: Roll Number | C1: Name | D1: Gender | E1: Section | F1: Analytical & Critical Thinking ( A ) | K1: Total | L1: Communication ( C ) | Q1: Total | R1: Empathy ( E ) | W1: Total | X1: Leadership( L ) | AC1: Total | AD1: Negotiation ( N ) | AI1: Total | AJ1: Problem Solving ( P ) | AO1: Total | AP1: Team Work ( T) | AU1: Total | AV1: Discipline | BA1: Total
F2: A 1 | G2: A 2 | H2: A 3 | I2: A 4 | J2: A 5 | L2: C 1 | M2: C 2 | N2: C 3 | O2: C 4 | P2: C 5 | R2: E 1 | S2: E 2 | T2: E 3 | U2: E 4 | V2: E 5 | X2: L 1 | Y2: L 2 | Z2: L 3 | AA2: L 4 | AB2: L 5 | AD2: N 1 | AE2: N 2 | AF2: N 3 | AG2: N 4 | AH2: N 5 | AJ2: P 1 | AK2: P 2 | AL2: P 3 | AM2: P 4 | AN2: P 5 | AP2: T 1 | AQ2: T 2 | AR2: T 3 | AS2: T 4 | AT2: T 5 | AV2: D 1 | AW2: D 2 | AX2: D 3 | AY2: D 4 | AZ2: D 5
A3: 1 | B3: 2024JULB00001 | C3: A Divya Sree | D3: Female | E3: A | H3: =IFERROR(VLOOKUP(B3,[1]Debate!$A$5:$O$262,3,FALSE),"0") -> 3 | K3: =H3 -> 3 | L3: 3 | M3: 4 | N3: 3 | O3: 0.5 | P3: 4 | Q3: =IFERROR(AVERAGE(M3,N3,L3,O3,P3),"0") -> 2.9 | W3: =IFERROR(AVERAGE(R3,S3,U3),"A") -> A | X3: 3 | AC3: =X3 -> 3 | AI3: =IFERROR(AVERAGE(AF3,AD3),"A") -> A | AJ3: 4 | AK3: 3 | AM3: 4 | AO3: =IFERROR(AVERAGE(AJ3,AK3,AL3,AM3),"0") -> 3.6666667 | AP3: 3 | AU3: =AP3 -> 3 | AY3: 3 | AZ3: 4 | BA3: =IFERROR(AVERAGE(AY3,AZ3),"0") -> 3.5
A4: 2 | B4: 2024JULB00002 | C4: Aaditya K | D4: Male | E4: A | H4: =IFERROR(VLOOKUP(B4,[1]Debate!$A$5:$O$262,3,FALSE),"0") -> 3 | K4: =H4 -> 3 | L4: 3 | M4: 2 | N4: 4 | O4: 1.5 | P4: 2 | Q4: =IFERROR(AVERAGE(M4,N4,L4,O4,P4),"0") -> 2.5 | W4: =IFERROR(AVERAGE(R4,S4,U4),"A") -> A | X4: 3 | AC4: =X4 -> 3 | AI4: =IFERROR(AVERAGE(AF4,AD4),"A") -> A | AJ4: 3 | AK4: 2 | AM4: 3 | AO4: =IFERROR(AVERAGE(AJ4,AK4,AL4,AM4),"0") -> 2.6666667 | AP4: 3 | AU4: =AP4 -> 3 | AY4: 4 | AZ4: 3 | BA4: =IFERROR(AVERAGE(AY4,AZ4),"0") -> 3.5
A5: 3 | B5: 2024JULB00003 | C5: Aanchal Sapra | D5: Female | E5: A | H5: =IFERROR(VLOOKUP(B5,[1]Debate!$A$5:$O$262,3,FALSE),"0") -> 3 | K5: =H5 -> 3 | L5: 3 | M5: 3 | N5: 3 | O5: 2 | P5: 2 | Q5: =IFERROR(AVERAGE(M5,N5,L5,O5,P5),"0") -> 2.6 | W5: =IFERROR(AVERAGE(R5,S5,U5),"A") -> A | X5: 3 | AC5: =X5 -> 3 | AI5: =IFERROR(AVERAGE(AF5,AD5),"A") -> A | AJ5: 2 | AK5: 3 | AM5: 3 | AO5: =IFERROR(AVERAGE(AJ5,AK5,AL5,AM5),"0") -> 2.6666667 | AP5: 3 | AU5: =AP5 -> 3 | AY5: 3 | AZ5: 3 | BA5: =IFERROR(AVERAGE(AY5,AZ5),"0") -> 3
A6: 4 | B6: 2024JULB00004 | C6: Abhinav B | D6: Male | E6: A | H6: =IFERROR(VLOOKUP(B6,[1]Debate!$A$5:$O$262,3,FALSE),"0") -> 3 | K6: =H6 -> 3 | L6: 3 | M6: 2 | N6: 4 | O6: 3 | P6: 2 | Q6: =IFERROR(AVERAGE(M6,N6,L6,O6,P6),"0") -> 2.8 | W6: =IFERROR(AVERAGE(R6,S6,U6),"A") -> A | X6: 4 | AC6: =X6 -> 4 | AI6: =IFERROR(AVERAGE(AF6,AD6),"A") -> A | AJ6: 3 | AK6: 3 | AM6: 4 | AO6: =IFERROR(AVERAGE(AJ6,AK6,AL6,AM6),"0") -> 3.3333333 | AP6: 3 | AU6: =AP6 -> 3 | AY6: 3 | AZ6: 3 | BA6: =IFERROR(AVERAGE(AY6,AZ6),"0") -> 3
A7: 5 | B7: 2024JULB00005 | C7: Abhirup Choudhury | D7: Male | E7: D | H7: =IFERROR(VLOOKUP(B7,[1]Debate!$A$5:$O$262,3,FALSE),"0") -> 1 | K7: =H7 -> 1 | L7: 1 | M7: 1 | N7: 1 | O7: 1 | P7: 1 | Q7: =IFERROR(AVERAGE(M7,N7,L7,O7,P7),"0") -> 1 | W7: =IFERROR(AVERAGE(R7,S7,U7),"A") -> A | X7: 1 | AC7: =X7 -> 1 | AI7: =IFERROR(AVERAGE(AF7,AD7),"A") -> A | AJ7: 1 | AK7: 1 | AM7: 1 | AO7: =IFERROR(AVERAGE(AJ7,AK7,AL7,AM7),"0") -> 1 | AP7: 1 | AU7: =AP7 -> 1 | AY7: 1 | AZ7: 1 | BA7: =IFERROR(AVERAGE(AY7,AZ7),"0") -> 1
A8: 6 | B8: 2024JULB00006 | C8: Abhyuday Tripathi | D8: Male | E8: A | H8: =IFERROR(VLOOKUP(B8,[1]Debate!$A$5:$O$262,3,FALSE),"0") -> 3 | K8: =H8 -> 3 | L8: 2 | M8: 3 | N8: 3 | O8: 3 | P8: 4 | Q8: =IFERROR(AVERAGE(M8,N8,L8,O8,P8),"0") -> 3 | W8: =IFERROR(AVERAGE(R8,S8,U8),"A") -> A | X8: 3 | AC8: =X8 -> 3 | AI8: =IFERROR(AVERAGE(AF8,AD8),"A") -> A | AJ8: 4 | AK8: 3 | AM8: 3 | AO8: =IFERROR(AVERAGE(AJ8,AK8,AL8,AM8),"0") -> 3.3333333 | AP8: 3 | AU8: =AP8 -> 3 | AY8: 4 | AZ8: 4 | BA8: =IFERROR(AVERAGE(AY8,AZ8),"0") -> 4
A9: 7 | B9: 2024JULB00007 | C9: Adarsh G | D9: Male | E9: A | H9: =IFERROR(VLOOKUP(B9,[1]Debate!$A$5:$O$262,3,FALSE),"0") -> 2 | K9: =H9 -> 2 | L9: 3 | M9: 3 | N9: 3 | O9: 2.5 | P9: 2 | Q9: =IFERROR(AVERAGE(M9,N9,L9,O9,P9),"0") -> 2.7 | W9: =IFERROR(AVERAGE(R9,S9,U9),"A") -> A | X9: 3 | AC9: =X9 -> 3 | AI9: =IFERROR(AVERAGE(AF9,AD9),"A") -> A | AJ9: 3 | AK9: 2 | AM9: 2 | AO9: =IFERROR(AVERAGE(AJ9,AK9,AL9,AM9),"0") -> 2.3333333 | AP9: 3 | AU9: =AP9 -> 3 | AY9: 4 | AZ9: 3 | BA9: =IFERROR(AVERAGE(AY9,AZ9),"0") -> 3.5
A10: 8 | B10: 2024JULB00008 | C10: Adarsh Raj Barman | D10: Male | E10: C | H10: =IFERROR(VLOOKUP(B10,[1]Debate!$A$5:$O$262,3,FALSE),"0") -> 3 | K10: =H10 -> 3 | L10: 3 | M10: 4 | N10: 3 | O10: 2.5 | P10: 2 | Q10: =IFERROR(AVERAGE(M10,N10,L10,O10,P10),"0") -> 2.9 | W10: =IFERROR(AVERAGE(R10,S10,U10),"A") -> A | X10: 4 | AC10: =X10 -> 4 | AI10: =IFERROR(AVERAGE(AF10,AD10),"A") -> A | AJ10: 4 | AK10: 2 | AM10: 3 | AO10: =IFERROR(AVERAGE(AJ10,AK10,AL10,AM10),"0") -> 3 | AP10: 3 | AU10: =AP10 -> 3 | AY10: 3 | AZ10: 4 | BA10: =IFERROR(AVERAGE(AY10,AZ10),"0") -> 3.5
A11: 9 | B11: 2024JULB00009 | C11: Aditi Kumari | D11: Female | E11: A | H11: =IFERROR(VLOOKUP(B11,[1]Debate!$A$5:$O$262,3,FALSE),"0") -> 3 | K11: =H11 -> 3 | L11: 3 | M11: 3.5 | N11: 3.5 | O11: 3.25 | P11: 3 | Q11: =IFERROR(AVERAGE(M11,N11,L11,O11,P11),"0") -> 3.25 | W11: =IFERROR(AVERAGE(R11,S11,U11),"A") -> A | X11: 3.5 | AC11: =X11 -> 3.5 | AI11: =IFERROR(AVERAGE(AF11,AD11),"A") -> A | AJ11: 3.5 | AK11: 3.5 | AM11: 3.5 | AO11: =IFERROR(AVERAGE(AJ11,AK11,AL11,AM11),"0") -> 3.5 | AP11: 3.5 | AU11: =AP11 -> 3.5 | AY11: 3.5 | AZ11: 3.5 | BA11: =IFERROR(AVERAGE(AY11,AZ11),"0") -> 3.5
A12: 10 | B12: 2024JULB00012 | C12: Akarsh Narain | D12: Male | E12: A | H12: =IFERROR(VLOOKUP(B12,[1]Debate!$A$5:$O$262,3,FALSE),"0") -> 3 | K12: =H12 -> 3 | L12: 3 | M12: 4 | N12: 3 | O12: 1.5 | P12: 4 | Q12: =IFERROR(AVERAGE(M12,N12,L12,O12,P12),"0") -> 3.1 | W12: =IFERROR(AVERAGE(R12,S12,U12),"A") -> A | X12: 4 | AC12: =X12 -> 4 | AI12: =IFERROR(AVERAGE(AF12,AD12),"A") -> A | AJ12: 4 | AK12: 3 | AM12: 3 | AO12: =IFERROR(AVERAGE(AJ12,AK12,AL12,AM12),"0") -> 3.3333333 | AP12: 3 | AU12: =AP12 -> 3 | AY12: 4 | AZ12: 4 | BA12: =IFERROR(AVERAGE(AY12,AZ12),"0") -> 4
A13: 11 | B13: 2024JULB00013 | C13: Akshat Singh | D13: Male | E13: B | H13: =IFERROR(VLOOKUP(B13,[1]Debate!$A$5:$O$262,3,FALSE),"0") -> 3 | K13: =H13 -> 3 | L13: 3 | M13: 4 | N13: 2 | O13: 3.5 | P13: 2 | Q13: =IFERROR(AVERAGE(M13,N13,L13,O13,P13),"0") -> 2.9 | W13: =IFERROR(AVERAGE(R13,S13,U13),"A") -> A | X13: 3 | AC13: =X13 -> 3 | AI13: =IFERROR(AVERAGE(AF13,AD13),"A") -> A | AJ13: 3 | AK13: 3 | AM13: 2 | AO13: =IFERROR(AVERAGE(AJ13,AK13,AL13,AM13),"0") -> 2.6666667 | AP13: 3 | AU13: =AP13 -> 3 | AY13: 3 | AZ13: 3 | BA13: =IFERROR(AVERAGE(AY13,AZ13),"0") -> 3
A14: 12 | B14: 2024JULB00014 | C14: Amal Shibu Balan | D14: Male | E14: B | H14: =IFERROR(VLOOKUP(B14,[1]Debate!$A$5:$O$262,3,FALSE),"0") -> 3 | K14: =H14 -> 3 | L14: 3 | M14: 3 | N14: 3 | O14: 3 | P14: 3 | Q14: =IFERROR(AVERAGE(M14,N14,L14,O14,P14),"0") -> 3 | W14: =IFERROR(AVERAGE(R14,S14,U14),"A") -> A | X14: 3 | AC14: =X14 -> 3 | AI14: =IFERROR(AVERAGE(AF14,AD14),"A") -> A | AJ14: 3 | AK14: 2.5 | AM14: 3 | AO14: =IFERROR(AVERAGE(AJ14,AK14,AL14,AM14),"0") -> 2.8333333 | AP14: 3 | AU14: =AP14 -> 3 | AY14: 3 | AZ14: 3 | BA14: =IFERROR(AVERAGE(AY14,AZ14),"0") -> 3
... A16: 14 | B16: 2024JULB00019 | C16: Anantaa Paul | D16: Female | E16: B | H16: =IFERROR(VLOOKUP(B16,[1]Debate!$A$5:$O$262,3,FALSE),"0") -> 3.5 | K16: =H16 -> 3.5 | L16: 3.5 | M16: 4 | N16: 3 | O16: 3.75 | P16: 3.5 | Q16: =IFERROR(AVERAGE(M16,N16,L16,O16,P16),"0") -> 3.55 | W16: =IFERROR(AVERAGE(R16,S16,U16),"A") -> A | X16: 4 | AC16: =X16 -> 4 | AI16: =IFERROR(AVERAGE(AF16,AD16),"A") -> A | AJ16: 4 | AK16: 3.5 | AM16: 3 | AO16: =IFERROR(AVERAGE(AJ16,AK16,AL16,AM16),"0") -> 3.5 | AP16: 4 | AU16: =AP16 -> 4 | AY16: 4 | AZ16: 4 | BA16: =IFERROR(AVERAGE(AY16,AZ16),"0") -> 4
A17: 15 | B17: 2024JULB00020 | C17: Ananya Das | D17: Female | E17: C | H17: =IFERROR(VLOOKUP(B17,[1]Debate!$A$5:$O$262,3,FALSE),"0") -> 0 | K17: =H17 -> 0 | L17: 0 | M17: 0 | N17: 0 | O17: 0 | P17: 0 | Q17: =IFERROR(AVERAGE(M17,N17,L17,O17,P17),"0") -> 0 | W17: =IFERROR(AVERAGE(R17,S17,U17),"A") -> A | X17: 0 | AC17: =X17 -> 0 | AI17: =IFERROR(AVERAGE(AF17,AD17),"A") -> A | AJ17: 0 | AK17: 0 | AM17: 0 | AO17: =IFERROR(AVERAGE(AJ17,AK17,AL17,AM17),"0") -> 0 | AP17: 0 | AU17: =AP17 -> 0 | AY17: 0 | AZ17: 0 | BA17: =IFERROR(AVERAGE(AY17,AZ17),"0") -> 0
A18: 16 | B18: 2024JULB00021 | C18: Aniket Inani | D18: Male | E18: A | H18: =IFERROR(VLOOKUP(B18,[1]Debate!$A$5:$O$262,3,FALSE),"0") -> 0 | K18: =H18 -> 0 | L18: 0 | M18: 0 | N18: 0 | O18: 0 | P18: 0 | Q18: =IFERROR(AVERAGE(M18,N18,L18,O18,P18),"0") -> 0 | W18: =IFERROR(AVERAGE(R18,S18,U18),"A") -> A | X18: 0 | AC18: =X18 -> 0 | AI18: =IFERROR(AVERAGE(AF18,AD18),"A") -> A | AJ18: 0 | AK18: 0 | AM18: 0 | AO18: =IFERROR(AVERAGE(AJ18,AK18,AL18,AM18),"0") -> 0 | AP18: 0 | AU18: =AP18 -> 0 | AY18: 0 | AZ18: 0 | BA18: =IFERROR(AVERAGE(AY18,AZ18),"0") -> 0
A19: 17 | B19: 2024JULB00022 | C19: Anupa Maheshwari | D19: Female | E19: C | H19: =IFERROR(VLOOKUP(B19,[1]Debate!$A$5:$O$262,3,FALSE),"0") -> 2 | K19: =H19 -> 2 | L19: 4 | M19: 4 | N19: 4 | O19: 3 | P19: 4 | Q19: =IFERROR(AVERAGE(M19,N19,L19,O19,P19),"0") -> 3.8 | W19: =IFERROR(AVERAGE(R19,S19,U19),"A") -> A | X19: 4 | AC19: =X19 -> 4 | AI19: =IFERROR(AVERAGE(AF19,AD19),"A") -> A | AJ19: 4 | AK19: 4 | AM19: 4 | AO19: =IFERROR(AVERAGE(AJ19,AK19,AL19,AM19),"0") -> 4 | AP19: 3 | AU19: =AP19 -> 3 | AY19: 3 | AZ19: 3 | BA19: =IFERROR(AVERAGE(AY19,AZ19),"0") -> 3
A20: 18 | B20: 2024JULB00023 | C20: Anushk Goel | D20: MALE | E20: A | H20: =IFERROR(VLOOKUP(B20,[1]Debate!$A$5:$O$262,3,FALSE),"0") -> 3 | K20: =H20 -> 3 | L20: 2 | M20: 2 | N20: 3 | O20: 3.5 | P20: 2 | Q20: =IFERROR(AVERAGE(M20,N20,L20,O20,P20),"0") -> 2.5 | W20: =IFERROR(AVERAGE(R20,S20,U20),"A") -> A | X20: 3 | AC20: =X20 -> 3 | AI20: =IFERROR(AVERAGE(AF20,AD20),"A") -> A | AJ20: 3 | AK20: 2 | AM20: 4 | AO20: =IFERROR(AVERAGE(AJ20,AK20,AL20,AM20),"0") -> 3 | AP20: 3 | AU20: =AP20 -> 3 | AY20: 2 | AZ20: 3 | BA20: =IFERROR(AVERAGE(AY20,AZ20),"0") -> 2.5
A21: 19 | B21: 2024JULB00024 | C21: Apoorwa Mishra | D21: Female | E21: A | H21: =IFERROR(VLOOKUP(B21,[1]Debate!$A$5:$O$262,3,FALSE),"0") -> 4 | K21: =H21 -> 4 | L21: 3.5 | M21: 4 | N21: 4 | O21: 3.75 | P21: 3.5 | Q21: =IFERROR(AVERAGE(M21,N21,L21,O21,P21),"0") -> 3.75 | W21: =IFERROR(AVERAGE(R21,S21,U21),"A") -> A | X21: 3.5 | AC21: =X21 -> 3.5 | AI21: =IFERROR(AVERAGE(AF21,AD21),"A") -> A | AJ21: 3.5 | AK21: 4 | AM21: 3.5 | AO21: =IFERROR(AVERAGE(AJ21,AK21,AL21,AM21),"0") -> 3.6666667 | AP21: 3.5 | AU21: =AP21 -> 3.5 | AY21: 4 | AZ21: 4 | BA21: =IFERROR(AVERAGE(AY21,AZ21),"0") -> 4
A22: 20 | B22: 2024JULB00025 | C22: Arit Roy | D22: Male | E22: B | H22: =IFERROR(VLOOKUP(B22,[1]Debate!$A$5:$O$262,3,FALSE),"0") -> 4 | K22: =H22 -> 4 | L22: 4 | M22: 4 | N22: 4 | O22: 3.5 | P22: 4 | Q22: =IFERROR(AVERAGE(M22,N22,L22,O22,P22),"0") -> 3.9 | W22: =IFERROR(AVERAGE(R22,S22,U22),"A") -> A | X22: 3 | AC22: =X22 -> 3 | AI22: =IFERROR(AVERAGE(AF22,AD22),"A") -> A | AJ22: 4 | AK22: 4 | AM22: 4 | AO22: =IFERROR(AVERAGE(AJ22,AK22,AL22,AM22),"0") -> 4 | AP22: 3 | AU22: =AP22 -> 3 | AY22: 4 | AZ22: 3 | BA22: =IFERROR(AVERAGE(AY22,AZ22),"0") -> 3.5
A23: 21 | B23: 2024JULB00026 | C23: Arush Mangal | D23: Male | E23: B | H23: =IFERROR(VLOOKUP(B23,[1]Debate!$A$5:$O$262,3,FALSE),"0") -> 2 | K23: =H23 -> 2 | L23: 2 | M23: 3 | N23: 3 | O23: 2.5 | P23: 4 | Q23: =IFERROR(AVERAGE(M23,N23,L23,O23,P23),"0") -> 2.9 | W23: =IFERROR(AVERAGE(R23,S23,U23),"A") -> A | X23: 2 | AC23: =X23 -> 2 | AI23: =IFERROR(AVERAGE(AF23,AD23),"A") -> A | AJ23: 2 | AK23: 2 | AM23: 2 | AO23: =IFERROR(AVERAGE(AJ23,AK23,AL23,AM23),"0") -> 2 | AP23: 3 | AU23: =AP23 -> 3 | AY23: 3 | AZ23: 3 | BA23: =IFERROR(AVERAGE(AY23,AZ23),"0") -> 3
A24: 22 | B24: 2024JULB00027 | C24: Aryan Atreya | D24: Male | E24: A | H24: =IFERROR(VLOOKUP(B24,[1]Debate!$A$5:$O$262,3,FALSE),"0") -> 3 | K24: =H24 -> 3 | L24: 3 | M24: 3 | N24: 3 | O24: 3 | P24: 3 | Q24: =IFERROR(AVERAGE(M24,N24,L24,O24,P24),"0") -> 3 | W24: =IFERROR(AVERAGE(R24,S24,U24),"A") -> A | X24: 3 | AC24: =X24 -> 3 | AI24: =IFERROR(AVERAGE(AF24,AD24),"A") -> A | AJ24: 3 | AK24: 3 | AM24: 3 | AO24: =IFERROR(AVERAGE(AJ24,AK24,AL24,AM24),"0") -> 3 | AP24: 3 | AU24: =AP24 -> 3 | AY24: 3 | AZ24: 4 | BA24: =IFERROR(AVERAGE(AY24,AZ24),"0") -> 3.5
A25: 23 | B25: 2024JULB00028 | C25: Aryan Balapure | D25: Male | E25: B | H25: =IFERROR(VLOOKUP(B25,[1]Debate!$A$5:$O$262,3,FALSE),"0") -> 2.5 | K25: =H25 -> 2.5 | L25: 2.5 | M25: 3 | N25: 3 | O25: 2.75 | P25: 2.5 | Q25: =IFERROR(AVERAGE(M25,N25,L25,O25,P25),"0") -> 2.75 | W25: =IFERROR(AVERAGE(R25,S25,U25),"A") -> A | X25: 3 | AC25: =X25 -> 3 | AI25: =IFERROR(AVERAGE(AF25,AD25),"A") -> A | AJ25: 3 | AK25: 3 | AM25: 3 | AO25: =IFERROR(AVERAGE(AJ25,AK25,AL25,AM25),"0") -> 3 | AP25: 3 | AU25: =AP25 -> 3 | AY25: 3 | AZ25: 3 | BA25: =IFERROR(AVERAGE(AY25,AZ25),"0") -> 3
A26: 24 | B26: 2024JULB00029 | C26: Aryan Trivedi | D26: Male | E26: A | H26: =IFERROR(VLOOKUP(B26,[1]Debate!$A$5:$O$262,3,FALSE),"0") -> 1 | K26: =H26 -> 1 | L26: 3 | M26: 2 | N26: 2 | O26: 3 | P26: 1 | Q26: =IFERROR(AVERAGE(M26,N26,L26,O26,P26),"0") -> 2.2 | W26: =IFERROR(AVERAGE(R26,S26,U26),"A") -> A | X26: 2 | AC26: =X26 -> 2 | AI26: =IFERROR(AVERAGE(AF26,AD26),"A") -> A | AJ26: 2 | AK26: 2 | AM26: 2 | AO26: =IFERROR(AVERAGE(AJ26,AK26,AL26,AM26),"0") -> 2 | AP26: 3 | AU26: =AP26 -> 3 | AY26: 1 | AZ26: 2 | BA26: =IFERROR(AVERAGE(AY26,AZ26),"0") -> 1.5
A27: 25 | B27: 2024JULB00030 | C27: Ashish Abraham John | D27: Male | E27: B | H27: =IFERROR(VLOOKUP(B27,[1]Debate!$A$5:$O$262,3,FALSE),"0") -> 3 | K27: =H27 -> 3 | L27: 3 | M27: 3 | N27: 3 | O27: 1.5 | P27: 3 | Q27: =IFERROR(AVERAGE(M27,N27,L27,O27,P27),"0") -> 2.7 | W27: =IFERROR(AVERAGE(R27,S27,U27),"A") -> A | X27: 3 | AC27: =X27 -> 3 | AI27: =IFERROR(AVERAGE(AF27,AD27),"A") -> A | AJ27: 4 | AK27: 4 | AM27: 4 | AO27: =IFERROR(AVERAGE(AJ27,AK27,AL27,AM27),"0") -> 4 | AP27: 3 | AU27: =AP27 -> 3 | AY27: 3 | AZ27: 3 | BA27: =IFERROR(AVERAGE(AY27,AZ27),"0") -> 3
A28: 26 | B28: 2024JULB00031 | C28: Ashita Roshan Kumar | D28: Female | E28: C | H28: =IFERROR(VLOOKUP(B28,[1]Debate!$A$5:$O$262,3,FALSE),"0") -> 3 | K28: =H28 -> 3 | L28: 3 | M28: 2 | N28: 3 | O28: 2 | P28: 2 | Q28: =IFERROR(AVERAGE(M28,N28,L28,O28,P28),"0") -> 2.4 | W28: =IFERROR(AVERAGE(R28,S28,U28),"A") -> A | X28: 2 | AC28: =X28 -> 2 | AI28: =IFERROR(AVERAGE(AF28,AD28),"A") -> A | AJ28: 2 | AK28: 3 | AM28: 2 | AO28: =IFERROR(AVERAGE(AJ28,AK28,AL28,AM28),"0") -> 2.3333333 | AP28: 3 | AU28: =AP28 -> 3 | AY28: 3 | AZ28: 3 | BA28: =IFERROR(AVERAGE(AY28,AZ28),"0") -> 3
A29: 27 | B29: 2024JULB00032 | C29: Ashutosh Sharan | D29: Male | E29: B | H29: =IFERROR(VLOOKUP(B29,[1]Debate!$A$5:$O$262,3,FALSE),"0") -> 4 | K29: =H29 -> 4 | L29: 4 | M29: 4 | N29: 4 | O29: 4 | P29: 4 | Q29: =IFERROR(AVERAGE(M29,N29,L29,O29,P29),"0") -> 4 | W29: =IFERROR(AVERAGE(R29,S29,U29),"A") -> A | X29: 4 | AC29: =X29 -> 4 | AI29: =IFERROR(AVERAGE(AF29,AD29),"A") -> A | AJ29: 4 | AK29: 3.5 | AM29: 4 | AO29: =IFERROR(AVERAGE(AJ29,AK29,AL29,AM29),"0") -> 3.8333333 | AP29: 4 | AU29: =AP29 -> 4 | AY29: 4 | AZ29: 4 | BA29: =IFERROR(AVERAGE(AY29,AZ29),"0") -> 4
... A46: 44 | B46: 2024JULB00056 | C46: Elina Mahanta | D46: Female | E46: A | H46: =IFERROR(VLOOKUP(B46,[1]Debate!$A$5:$O$262,3,FALSE),"0") -> 4 | K46: =H46 -> 4 | L46: 4 | M46: 3 | N46: 2 | O46: 3.5 | P46: 3 | Q46: =IFERROR(AVERAGE(M46,N46,L46,O46,P46),"0") -> 3.1 | W46: =IFERROR(AVERAGE(R46,S46,U46),"A") -> A | X46: 4 | AC46: =X46 -> 4 | AI46: =IFERROR(AVERAGE(AF46,AD46),"A") -> A | AJ46: 3 | AK46: 4 | AM46: 4 | AO46: =IFERROR(AVERAGE(AJ46,AK46,AL46,AM46),"0") -> 3.6666667 | AP46: 3 | AU46: =AP46 -> 3 | AY46: 3 | AZ46: 3 | BA46: =IFERROR(AVERAGE(AY46,AZ46),"0") -> 3
A47: 45 | B47: 2024JULB00057 | C47: Faizulhusen A Niaz | D47: Male | E47: B | H47: =IFERROR(VLOOKUP(B47,[1]Debate!$A$5:$O$262,3,FALSE),"0") -> 0 | K47: =H47 -> 0 | L47: 0 | M47: 0 | N47: 0 | O47: 0 | P47: 0 | Q47: =IFERROR(AVERAGE(M47,N47,L47,O47,P47),"0") -> 0 | W47: =IFERROR(AVERAGE(R47,S47,U47),"A") -> A | X47: 0 | AC47: =X47 -> 0 | AI47: =IFERROR(AVERAGE(AF47,AD47),"A") -> A | AJ47: 0 | AK47: 0 | AM47: 0 | AO47: =IFERROR(AVERAGE(AJ47,AK47,AL47,AM47),"0") -> 0 | AP47: 0 | AU47: =AP47 -> 0 | AY47: 0 | AZ47: 0 | BA47: =IFERROR(AVERAGE(AY47,AZ47),"0") -> 0
A48: 46 | B48: 2024JULB00058 | C48: Farheena Taskin Jamadar | D48: Female | E48: C | H48: =IFERROR(VLOOKUP(B48,[1]Debate!$A$5:$O$262,3,FALSE),"0") -> 2 | K48: =H48 -> 2 | L48: 3 | M48: 2 | N48: 3 | O48: 2 | P48: 2 | Q48: =IFERROR(AVERAGE(M48,N48,L48,O48,P48),"0") -> 2.4 | W48: =IFERROR(AVERAGE(R48,S48,U48),"A") -> A | X48: 3 | AC48: =X48 -> 3 | AI48: =IFERROR(AVERAGE(AF48,AD48),"A") -> A | AJ48: 3 | AK48: 2 | AM48: 2 | AO48: =IFERROR(AVERAGE(AJ48,AK48,AL48,AM48),"0") -> 2.3333333 | AP48: 3 | AU48: =AP48 -> 3 | AY48: 3 | AZ48: 3 | BA48: =IFERROR(AVERAGE(AY48,AZ48),"0") -> 3
A49: 47 | B49: 2024JULB00059 | C49: G Tharnath Reddy | D49: Male | E49: A | H49: =IFERROR(VLOOKUP(B49,[1]Debate!$A$5:$O$262,3,FALSE),"0") -> 2 | K49: =H49 -> 2 | L49: 3 | M49: 2 | N49: 2 | O49: 1.5 | P49: 2 | Q49: =IFERROR(AVERAGE(M49,N49,L49,O49,P49),"0") -> 2.1 | W49: =IFERROR(AVERAGE(R49,S49,U49),"A") -> A | X49: 3 | AC49: =X49 -> 3 | AI49: =IFERROR(AVERAGE(AF49,AD49),"A") -> A | AJ49: 2 | AK49: 2 | AM49: 2 | AO49: =IFERROR(AVERAGE(AJ49,AK49,AL49,AM49),"0") -> 2 | AP49: 3 | AU49: =AP49 -> 3 | AY49: 2 | AZ49: 3 | BA49: =IFERROR(AVERAGE(AY49,AZ49),"0") -> 2.5
A50: 48 | B50: 2024JULB00060 | C50: Gagan C S | D50: Male | E50: B | H50: =IFERROR(VLOOKUP(B50,[1]Debate!$A$5:$O$262,3,FALSE),"0") -> 2.5 | K50: =H50 -> 2.5 | L50: 2.5 | M50: 2.5 | N50: 3 | O50: 2.75 | P50: 2.5 | Q50: =IFERROR(AVERAGE(M50,N50,L50,O50,P50),"0") -> 2.65 | W50: =IFERROR(AVERAGE(R50,S50,U50),"A") -> A | X50: 2.5 | AC50: =X50 -> 2.5 | AI50: =IFERROR(AVERAGE(AF50,AD50),"A") -> A | AJ50: 2 | AK50: 2.5 | AM50: 3 | AO50: =IFERROR(AVERAGE(AJ50,AK50,AL50,AM50),"0") -> 2.5 | AP50: 2 | AU50: =AP50 -> 2 | AY50: 2.5 | AZ50: 2.5 | BA50: =IFERROR(AVERAGE(AY50,AZ50),"0") -> 2.5
A51: 49 | B51: 2024JULB00061 | C51: Gaurav Gaur | D51: Male | E51: C | H51: =IFERROR(VLOOKUP(B51,[1]Debate!$A$5:$O$262,3,FALSE),"0") -> 5 | K51: =H51 -> 5 | L51: 5 | M51: 5 | N51: 5 | O51: 5 | P51: 4 | Q51: =IFERROR(AVERAGE(M51,N51,L51,O51,P51),"0") -> 4.8 | W51: =IFERROR(AVERAGE(R51,S51,U51),"A") -> A | X51: 5 | AC51: =X51 -> 5 | AI51: =IFERROR(AVERAGE(AF51,AD51),"A") -> A | AJ51: 4 | AK51: 5 | AM51: 5 | AO51: =IFERROR(AVERAGE(AJ51,AK51,AL51,AM51),"0") -> 4.6666667 | AP51: 5 | AU51: =AP51 -> 5 | AY51: 4 | AZ51: 4 | BA51: =IFERROR(AVERAGE(AY51,AZ51),"0") -> 4
A52: 50 | B52: 2024JULB00062 | C52: Harish Kumar R | D52: Male | E52: A | H52: =IFERROR(VLOOKUP(B52,[1]Debate!$A$5:$O$262,3,FALSE),"0") -> 2 | K52: =H52 -> 2 | L52: 2 | M52: 2.5 | N52: 1.5 | O52: 2.25 | P52: 2 | Q52: =IFERROR(AVERAGE(M52,N52,L52,O52,P52),"0") -> 2.05 | W52: =IFERROR(AVERAGE(R52,S52,U52),"A") -> A | X52: 2.5 | AC52: =X52 -> 2.5 | AI52: =IFERROR(AVERAGE(AF52,AD52),"A") -> A | AJ52: 2.5 | AK52: 2 | AM52: 1.5 | AO52: =IFERROR(AVERAGE(AJ52,AK52,AL52,AM52),"0") -> 2 | AP52: 2.5 | AU52: =AP52 -> 2.5 | AY52: 2.5 | AZ52: 2.5 | BA52: =IFERROR(AVERAGE(AY52,AZ52),"0") -> 2.5
A53: 51 | B53: 2024JULB00063 | C53: Harshavarthni K S | D53: Female | E53: B | H53: =IFERROR(VLOOKUP(B53,[1]Debate!$A$5:$O$262,3,FALSE),"0") -> 3 | K53: =H53 -> 3 | L53: 3 | M53: 3 | N53: 3 | O53: 3.5 | P53: 2 | Q53: =IFERROR(AVERAGE(M53,N53,L53,O53,P53),"0") -> 2.9 | W53: =IFERROR(AVERAGE(R53,S53,U53),"A") -> A | X53: 4 | AC53: =X53 -> 4 | AI53: =IFERROR(AVERAGE(AF53,AD53),"A") -> A | AJ53: 3 | AK53: 3 | AM53: 3 | AO53: =IFERROR(AVERAGE(AJ53,AK53,AL53,AM53),"0") -> 3 | AP53: 3 | AU53: =AP53 -> 3 | AY53: 4 | AZ53: 4 | BA53: =IFERROR(AVERAGE(AY53,AZ53),"0") -> 4
A54: 52 | B54: 2024JULB00064 | C54: Hemant Prajapat | D54: Male | E54: B | H54: =IFERROR(VLOOKUP(B54,[1]Debate!$A$5:$O$262,3,FALSE),"0") -> 3 | K54: =H54 -> 3 | L54: 4 | M54: 3 | N54: 3 | O54: 3 | P54: 3 | Q54: =IFERROR(AVERAGE(M54,N54,L54,O54,P54),"0") -> 3.2 | W54: =IFERROR(AVERAGE(R54,S54,U54),"A") -> A | X54: 3 | AC54: =X54 -> 3 | AI54: =IFERROR(AVERAGE(AF54,AD54),"A") -> A | AJ54: 3 | AK54: 4 | AM54: 3 | AO54: =IFERROR(AVERAGE(AJ54,AK54,AL54,AM54),"0") -> 3.3333333 | AP54: 3 | AU54: =AP54 -> 3 | AY54: 3 | AZ54: 3 | BA54: =IFERROR(AVERAGE(AY54,AZ54),"0") -> 3
A55: 53 | B55: 2024JULB00065 | C55: Himanshu Chahar | D55: Male | E55: B | H55: =IFERROR(VLOOKUP(B55,[1]Debate!$A$5:$O$262,3,FALSE),"0") -> 2 | K55: =H55 -> 2 | L55: 2 | M55: 3 | N55: 1 | O55: 1.5 | P55: 1 | Q55: =IFERROR(AVERAGE(M55,N55,L55,O55,P55),"0") -> 1.7 | W55: =IFERROR(AVERAGE(R55,S55,U55),"A") -> A | X55: 2 | AC55: =X55 -> 2 | AI55: =IFERROR(AVERAGE(AF55,AD55),"A") -> A | AJ55: 4 | AK55: 2 | AM55: 2 | AO55: =IFERROR(AVERAGE(AJ55,AK55,AL55,AM55),"0") -> 2.6666667 | AP55: 3 | AU55: =AP55 -> 3 | AY55: 3 | AZ55: 3 | BA55: =IFERROR(AVERAGE(AY55,AZ55),"0") -> 3
A56: 54 | B56: 2024JULB00066 | C56: Himanshu Upadhyay | D56: Male | E56: C | H56: =IFERROR(VLOOKUP(B56,[1]Debate!$A$5:$O$262,3,FALSE),"0") -> 2 | K56: =H56 -> 2 | L56: 2 | M56: 2 | N56: 2 | O56: 3 | P56: 1 | Q56: =IFERROR(AVERAGE(M56,N56,L56,O56,P56),"0") -> 2 | W56: =IFERROR(AVERAGE(R56,S56,U56),"A") -> A | X56: 2 | AC56: =X56 -> 2 | AI56: =IFERROR(AVERAGE(AF56,AD56),"A") -> A | AJ56: 3 | AK56: 4 | AM56: 3 | AO56: =IFERROR(AVERAGE(AJ56,AK56,AL56,AM56),"0") -> 3.3333333 | AP56: 3 | AU56: =AP56 -> 3 | AY56: 2 | AZ56: 3 | BA56: =IFERROR(AVERAGE(AY56,AZ56),"0") -> 2.5
A57: 55 | B57: 2024JULB00069 | C57: Jay Dwivedi | D57: Male | E57: B | H57: =IFERROR(VLOOKUP(B57,[1]Debate!$A$5:$O$262,3,FALSE),"0") -> 2 | K57: =H57 -> 2 | L57: 4 | M57: 2 | N57: 4 | O57: 2.5 | P57: 2 | Q57: =IFERROR(AVERAGE(M57,N57,L57,O57,P57),"0") -> 2.9 | W57: =IFERROR(AVERAGE(R57,S57,U57),"A") -> A | X57: 2 | AC57: =X57 -> 2 | AI57: =IFERROR(AVERAGE(AF57,AD57),"A") -> A | AJ57: 4 | AK57: 4 | AM57: 3 | AO57: =IFERROR(AVERAGE(AJ57,AK57,AL57,AM57),"0") -> 3.6666667 | AP57: 3 | AU57: =AP57 -> 3 | AY57: 3 | AZ57: 3 | BA57: =IFERROR(AVERAGE(AY57,AZ57),"0") -> 3
A58: 56 | B58: 2024JULB00071 | C58: Jyoti Sahoo | D58: Female | E58: A | H58: =IFERROR(VLOOKUP(B58,[1]Debate!$A$5:$O$262,3,FALSE),"0") -> 3 | K58: =H58 -> 3 | L58: 3 | M58: 2 | N58: 4 | O58: 3 | P58: 2 | Q58: =IFERROR(AVERAGE(M58,N58,L58,O58,P58),"0") -> 2.8 | W58: =IFERROR(AVERAGE(R58,S58,U58),"A") -> A | X58: 4 | AC58: =X58 -> 4 | AI58: =IFERROR(AVERAGE(AF58,AD58),"A") -> A | AJ58: 3 | AK58: 3 | AM58: 4 | AO58: =IFERROR(AVERAGE(AJ58,AK58,AL58,AM58),"0") -> 3.3333333 | AP58: 3 | AU58: =AP58 -> 3 | AY58: 3 | AZ58: 3 | BA58: =IFERROR(AVERAGE(AY58,AZ58),"0") -> 3
A59: 57 | B59: 2024JULB00072 | C59: Kajal Choudhary | D59: Female | E59: C | H59: =IFERROR(VLOOKUP(B59,[1]Debate!$A$5:$O$262,3,FALSE),"0") -> 3 | K59: =H59 -> 3 | L59: 3 | M59: 2 | N59: 4 | O59: 1.5 | P59: 2 | Q59: =IFERROR(AVERAGE(M59,N59,L59,O59,P59),"0") -> 2.5 | W59: =IFERROR(AVERAGE(R59,S59,U59),"A") -> A | X59: 3 | AC59: =X59 -> 3 | AI59: =IFERROR(AVERAGE(AF59,AD59),"A") -> A | AJ59: 3 | AK59: 2 | AM59: 3 | AO59: =IFERROR(AVERAGE(AJ59,AK59,AL59,AM59),"0") -> 2.6666667 | AP59: 3 | AU59: =AP59 -> 3 | AY59: 4 | AZ59: 3 | BA59: =IFERROR(AVERAGE(AY59,AZ59),"0") -> 3.5
... A67: 65 | B67: 2024JULB00081 | C67: Krish Chakraborty | D67: Male | E67: A | H67: =IFERROR(VLOOKUP(B67,[1]Debate!$A$5:$O$262,3,FALSE),"0") -> 3 | K67: =H67 -> 3 | L67: 5 | M67: 4 | N67: 4 | O67: 2 | P67: 5 | Q67: =IFERROR(AVERAGE(M67,N67,L67,O67,P67),"0") -> 4 | W67: =IFERROR(AVERAGE(R67,S67,U67),"A") -> A | X67: 3 | AC67: =X67 -> 3 | AI67: =IFERROR(AVERAGE(AF67,AD67),"A") -> A | AJ67: 3 | AK67: 3 | AM67: 3 | AO67: =IFERROR(AVERAGE(AJ67,AK67,AL67,AM67),"0") -> 3 | AP67: 3 | AU67: =AP67 -> 3 | AY67: 4 | AZ67: 4 | BA67: =IFERROR(AVERAGE(AY67,AZ67),"0") -> 4
A68: 66 | B68: 2024JULB00083 | C68: Kunal Khurana | D68: Male | E68: B | H68: =IFERROR(VLOOKUP(B68,[1]Debate!$A$5:$O$262,3,FALSE),"0") -> 0 | K68: =H68 -> 0 | L68: 0 | M68: 0 | N68: 0 | O68: 0 | P68: 0 | Q68: =IFERROR(AVERAGE(M68,N68,L68,O68,P68),"0") -> 0 | W68: =IFERROR(AVERAGE(R68,S68,U68),"A") -> A | X68: 0 | AC68: =X68 -> 0 | AI68: =IFERROR(AVERAGE(AF68,AD68),"A") -> A | AJ68: 0 | AK68: 0 | AM68: 0 | AO68: =IFERROR(AVERAGE(AJ68,AK68,AL68,AM68),"0") -> 0 | AP68: 0 | AU68: =AP68 -> 0 | AY68: 0 | AZ68: 0 | BA68: =IFERROR(AVERAGE(AY68,AZ68),"0") -> 0
A69: 67 | B69: 2024JULB00084 | C69: Kushal Badalia | D69: Male | E69: B | H69: =IFERROR(VLOOKUP(B69,[1]Debate!$A$5:$O$262,3,FALSE),"0") -> 3 | K69: =H69 -> 3 | L69: 4 | M69: 4 | N69: 4 | O69: 3 | P69: 3 | Q69: =IFERROR(AVERAGE(M69,N69,L69,O69,P69),"0") -> 3.6 | W69: =IFERROR(AVERAGE(R69,S69,U69),"A") -> A | X69: 4 | AC69: =X69 -> 4 | AI69: =IFERROR(AVERAGE(AF69,AD69),"A") -> A | AJ69: 3 | AK69: 2 | AM69: 3 | AO69: =IFERROR(AVERAGE(AJ69,AK69,AL69,AM69),"0") -> 2.6666667 | AP69: 3 | AU69: =AP69 -> 3 | AY69: 4 | AZ69: 4 | BA69: =IFERROR(AVERAGE(AY69,AZ69),"0") -> 4
A70: 68 | B70: 2024JULB00085 | C70: Kushal Srivastav | D70: Male | E70: B | H70: =IFERROR(VLOOKUP(B70,[1]Debate!$A$5:$O$262,3,FALSE),"0") -> 2 | K70: =H70 -> 2 | L70: 3 | M70: 2 | N70: 3 | O70: 2.5 | P70: 2 | Q70: =IFERROR(AVERAGE(M70,N70,L70,O70,P70),"0") -> 2.5 | W70: =IFERROR(AVERAGE(R70,S70,U70),"A") -> A | X70: 2 | AC70: =X70 -> 2 | AI70: =IFERROR(AVERAGE(AF70,AD70),"A") -> A | AJ70: 3 | AK70: 4 | AM70: 3 | AO70: =IFERROR(AVERAGE(AJ70,AK70,AL70,AM70),"0") -> 3.3333333 | AP70: 3 | AU70: =AP70 -> 3 | AY70: 2 | AZ70: 2 | BA70: =IFERROR(AVERAGE(AY70,AZ70),"0") -> 2
A71: 69 | B71: 2024JULB00086 | C71: Lakshita Chandak | D71: Female | E71: A | H71: =IFERROR(VLOOKUP(B71,[1]Debate!$A$5:$O$262,3,FALSE),"0") -> 3 | K71: =H71 -> 3 | L71: 3 | M71: 3 | N71: 3 | O71: 2 | P71: 2 | Q71: =IFERROR(AVERAGE(M71,N71,L71,O71,P71),"0") -> 2.6 | W71: =IFERROR(AVERAGE(R71,S71,U71),"A") -> A | X71: 3 | AC71: =X71 -> 3 | AI71: =IFERROR(AVERAGE(AF71,AD71),"A") -> A | AJ71: 3 | AK71: 4 | AM71: 2 | AO71: =IFERROR(AVERAGE(AJ71,AK71,AL71,AM71),"0") -> 3 | AP71: 3 | AU71: =AP71 -> 3 | AY71: 3 | AZ71: 2 | BA71: =IFERROR(AVERAGE(AY71,AZ71),"0") -> 2.5
A72: 70 | B72: 2024JULB00087 | C72: Laxmi Poorvaja S | D72: Female | E72: C | H72: =IFERROR(VLOOKUP(B72,[1]Debate!$A$5:$O$262,3,FALSE),"0") -> 2 | K72: =H72 -> 2 | L72: 3 | M72: 3 | N72: 3 | O72: 4.5 | P72: 2 | Q72: =IFERROR(AVERAGE(M72,N72,L72,O72,P72),"0") -> 3.1 | W72: =IFERROR(AVERAGE(R72,S72,U72),"A") -> A | X72: 2 | AC72: =X72 -> 2 | AI72: =IFERROR(AVERAGE(AF72,AD72),"A") -> A | AJ72: 2 | AK72: 3 | AM72: 1 | AO72: =IFERROR(AVERAGE(AJ72,AK72,AL72,AM72),"0") -> 2 | AP72: 3 | AU72: =AP72 -> 3 | AY72: 3 | AZ72: 3 | BA72: =IFERROR(AVERAGE(AY72,AZ72),"0") -> 3
A73: 71 | B73: 2024JULB00088 | C73: Leena D | D73: Female | E73: A | H73: =IFERROR(VLOOKUP(B73,[1]Debate!$A$5:$O$262,3,FALSE),"0") -> 0 | K73: =H73 -> 0 | L73: 0 | M73: 0 | N73: 0 | O73: 0 | P73: 0 | Q73: =IFERROR(AVERAGE(M73,N73,L73,O73,P73),"0") -> 0 | W73: =IFERROR(AVERAGE(R73,S73,U73),"A") -> A | X73: 0 | AC73: =X73 -> 0 | AI73: =IFERROR(AVERAGE(AF73,AD73),"A") -> A | AJ73: 0 | AK73: 0 | AM73: 0 | AO73: =IFERROR(AVERAGE(AJ73,AK73,AL73,AM73),"0") -> 0 | AP73: 0 | AU73: =AP73 -> 0 | AY73: 0 | AZ73: 0 | BA73: =IFERROR(AVERAGE(AY73,AZ73),"0") -> 0
A74: 72 | B74: 2024JULB00090 | C74: M Maureen Mandy | D74: Female | E74: B | H74: =IFERROR(VLOOKUP(B74,[1]Debate!$A$5:$O$262,3,FALSE),"0") -> 2 | K74: =H74 -> 2 | L74: 2 | M74: 2.5 | N74: 2 | O74: 2.25 | P74: 2 | Q74: =IFERROR(AVERAGE(M74,N74,L74,O74,P74),"0") -> 2.15 | W74: =IFERROR(AVERAGE(R74,S74,U74),"A") -> A | X74: 2.5 | AC74: =X74 -> 2.5 | AI74: =IFERROR(AVERAGE(AF74,AD74),"A") -> A | AJ74: 2.5 | AK74: 2 | AM74: 2 | AO74: =IFERROR(AVERAGE(AJ74,AK74,AL74,AM74),"0") -> 2.1666667 | AP74: 2.5 | AU74: =AP74 -> 2.5 | AY74: 2.5 | AZ74: 2.5 | BA74: =IFERROR(AVERAGE(AY74,AZ74),"0") -> 2.5
A75: 73 | B75: 2024JULB00091 | C75: Madhav Sharma | D75: Male | E75: B | H75: =IFERROR(VLOOKUP(B75,[1]Debate!$A$5:$O$262,3,FALSE),"0") -> 3 | K75: =H75 -> 3 | L75: 3 | M75: 3 | N75: 3 | O75: 3.5 | P75: 2 | Q75: =IFERROR(AVERAGE(M75,N75,L75,O75,P75),"0") -> 2.9 | W75: =IFERROR(AVERAGE(R75,S75,U75),"A") -> A | X75: 4 | AC75: =X75 -> 4 | AI75: =IFERROR(AVERAGE(AF75,AD75),"A") -> A | AJ75: 3 | AK75: 3 | AM75: 3 | AO75: =IFERROR(AVERAGE(AJ75,AK75,AL75,AM75),"0") -> 3 | AP75: 3 | AU75: =AP75 -> 3 | AY75: 4 | AZ75: 4 | BA75: =IFERROR(AVERAGE(AY75,AZ75),"0") -> 4
A76: 74 | B76: 2024JULB00093 | C76: Akhileswaradu Manikireddy | D76: Male | E76: C | H76: =IFERROR(VLOOKUP(B76,[1]Debate!$A$5:$O$262,3,FALSE),"0") -> 2 | K76: =H76 -> 2 | L76: 2 | M76: 3 | N76: 3 | O76: 4 | P76: 3 | Q76: =IFERROR(AVERAGE(M76,N76,L76,O76,P76),"0") -> 3 | W76: =IFERROR(AVERAGE(R76,S76,U76),"A") -> A | X76: 3 | AC76: =X76 -> 3 | AI76: =IFERROR(AVERAGE(AF76,AD76),"A") -> A | AJ76: 3 | AK76: 2 | AM76: 2 | AO76: =IFERROR(AVERAGE(AJ76,AK76,AL76,AM76),"0") -> 2.3333333 | AP76: 3 | AU76: =AP76 -> 3 | AY76: 3 | AZ76: 3 | BA76: =IFERROR(AVERAGE(AY76,AZ76),"0") -> 3
A77: 75 | B77: 2024JULB00094 | C77: Megha Prajapati | D77: Male | E77: C | H77: =IFERROR(VLOOKUP(B77,[1]Debate!$A$5:$O$262,3,FALSE),"0") -> 2.5 | K77: =H77 -> 2.5 | L77: 2 | M77: 2.5 | N77: 2.5 | O77: 2.25 | P77: 2 | Q77: =IFERROR(AVERAGE(M77,N77,L77,O77,P77),"0") -> 2.25 | W77: =IFERROR(AVERAGE(R77,S77,U77),"A") -> A | X77: 2 | AC77: =X77 -> 2 | AI77: =IFERROR(AVERAGE(AF77,AD77),"A") -> A | AJ77: 2 | AK77: 2.5 | AM77: 2 | AO77: =IFERROR(AVERAGE(AJ77,AK77,AL77,AM77),"0") -> 2.1666667 | AP77: 2 | AU77: =AP77 -> 2 | AY77: 2.5 | AZ77: 2.5 | BA77: =IFERROR(AVERAGE(AY77,AZ77),"0") -> 2.5
A78: 76 | B78: 2024JULB00095 | C78: Melvin Roche. A | D78: Male | E78: C | H78: =IFERROR(VLOOKUP(B78,[1]Debate!$A$5:$O$262,3,FALSE),"0") -> 3 | K78: =H78 -> 3 | L78: 5 | M78: 4 | N78: 4 | O78: 3 | P78: 4 | Q78: =IFERROR(AVERAGE(M78,N78,L78,O78,P78),"0") -> 4 | W78: =IFERROR(AVERAGE(R78,S78,U78),"A") -> A | X78: 4 | AC78: =X78 -> 4 | AI78: =IFERROR(AVERAGE(AF78,AD78),"A") -> A | AJ78: 4 | AK78: 4 | AM78: 4 | AO78: =IFERROR(AVERAGE(AJ78,AK78,AL78,AM78),"0") -> 4 | AP78: 3 | AU78: =AP78 -> 3 | AY78: 4 | AZ78: 4 | BA78: =IFERROR(AVERAGE(AY78,AZ78),"0") -> 4
A79: 77 | B79: 2024JULB00096 | C79: Milan Krishna N E | D79: Male | E79: C | H79: =IFERROR(VLOOKUP(B79,[1]Debate!$A$5:$O$262,3,FALSE),"0") -> 3 | K79: =H79 -> 3 | L79: 3 | M79: 2 | N79: 2 | O79: 3 | P79: 2 | Q79: =IFERROR(AVERAGE(M79,N79,L79,O79,P79),"0") -> 2.4 | W79: =IFERROR(AVERAGE(R79,S79,U79),"A") -> A | X79: 3 | AC79: =X79 -> 3 | AI79: =IFERROR(AVERAGE(AF79,AD79),"A") -> A | AJ79: 4 | AK79: 2 | AM79: 3 | AO79: =IFERROR(AVERAGE(AJ79,AK79,AL79,AM79),"0") -> 3 | AP79: 3 | AU79: =AP79 -> 3 | AY79: 3 | AZ79: 3 | BA79: =IFERROR(AVERAGE(AY79,AZ79),"0") -> 3
A80: 78 | B80: 2024JULB00098 | C80: Naitik Roy | D80: Male | E80: C | H80: =IFERROR(VLOOKUP(B80,[1]Debate!$A$5:$O$262,3,FALSE),"0") -> 3 | K80: =H80 -> 3 | L80: 3 | M80: 3 | N80: 3 | O80: 1.5 | P80: 3 | Q80: =IFERROR(AVERAGE(M80,N80,L80,O80,P80),"0") -> 2.7 | W80: =IFERROR(AVERAGE(R80,S80,U80),"A") -> A | X80: 3 | AC80: =X80 -> 3 | AI80: =IFERROR(AVERAGE(AF80,AD80),"A") -> A | AJ80: 3 | AK80: 3 | AM80: 3 | AO80: =IFERROR(AVERAGE(AJ80,AK80,AL80,AM80),"0") -> 3 | AP80: 3 | AU80: =AP80 -> 3 | AY80: 3 | AZ80: 3 | BA80: =IFERROR(AVERAGE(AY80,AZ80),"0") -> 3
... A229: 227 | B229: 2024JULB00272 | C229: Vikash Kumar | D229: Male | E229: D | H229: =IFERROR(VLOOKUP(B229,[1]Debate!$A$5:$O$262,3,FALSE),"0") -> 1 | K229: =H229 -> 1 | L229: 1 | M229: 1 | N229: 1 | O229: 1.5 | P229: 1 | Q229: =IFERROR(AVERAGE(M229,N229,L229,O229,P229),"0") -> 1.1 | W229: =IFERROR(AVERAGE(R229,S229,U229),"A") -> A | X229: 1 | AC229: =X229 -> 1 | AI229: =IFERROR(AVERAGE(AF229,AD229),"A") -> A | AJ229: 1 | AK229: 1 | AM229: 1 | AO229: =IFERROR(AVERAGE(AJ229,AK229,AL229,AM229),"0") -> 1 | AP229: 3 | AU229: =AP229 -> 3 | AY229: 1 | AZ229: 1 | BA229: =IFERROR(AVERAGE(AY229,AZ229),"0") -> 1
A230: 228 | B230: 2024JULB00273 | C230: Harshit Gopawat | D230: MAle | E230: D | H230: =IFERROR(VLOOKUP(B230,[1]Debate!$A$5:$O$262,3,FALSE),"0") -> 1 | K230: =H230 -> 1 | L230: 1 | M230: 1 | N230: 1 | O230: 1 | P230: 1 | Q230: =IFERROR(AVERAGE(M230,N230,L230,O230,P230),"0") -> 1 | S230: 3 | U230: 3 | W230: =IFERROR(AVERAGE(R230,S230,U230),"A") -> 3 | X230: 1 | AC230: =X230 -> 1 | AI230: =IFERROR(AVERAGE(AF230,AD230),"A") -> A | AJ230: 1 | AK230: 1 | AM230: 1 | AO230: =IFERROR(AVERAGE(AJ230,AK230,AL230,AM230),"0") -> 1 | AP230: 1 | AU230: =AP230 -> 1 | AY230: 1 | AZ230: 1 | BA230: =IFERROR(AVERAGE(AY230,AZ230),"0") -> 1

Sheet GD
A1: Sr# | B1: Roll Number | C1: Name | D1: Gender | E1: Section | F1: Analytical & Critical Thinking ( A ) | K1: Total | L1: Communication ( C ) | Q1: Total | R1: Empathy ( E ) | W1: Total | X1: Leadership( L ) | AC1: Total | AD1: Negotiation ( N ) | AI1: Total | AJ1: Problem Solving ( P ) | AO1: Total | AP1: Team Work ( T) | AU1: Total | AV1: Discipline | BA1: Total
F2: A 1 | G2: A 2 | H2: A 3 | I2: A 4 | J2: A 5 | L2: C 1 | M2: C 2 | N2: C 3 | O2: C 4 | P2: C 5 | R2: E 1 | S2: E 2 | T2: E 3 | U2: E 4 | V2: E 5 | X2: L 1 | Y2: L 2 | Z2: L 3 | AA2: L 4 | AB2: L 5 | AD2: N 1 | AE2: N 2 | AF2: N 3 | AG2: N 4 | AH2: N 5 | AJ2: P 1 | AK2: P 2 | AL2: P 3 | AM2: P 4 | AN2: P 5 | AP2: T 1 | AQ2: T 2 | AR2: T 3 | AS2: T 4 | AT2: T 5 | AV2: D 1 | AW2: D 2 | AX2: D 3 | AY2: D 4 | AZ2: D 5
A3: 1 | B3: 2024JULB00001 | C3: A Divya Sree | D3: Female | E3: A | K3: =IFERROR(AVERAGE(F3,G3,H3,I3,J3),"0") -> 0 | L3: 3 | M3: 3 | N3: 3 | P3: 3 | Q3: =IFERROR(AVERAGE(L3,M3,N3,O3,P3),"0") -> 3 | R3: 2 | W3: =IFERROR(AVERAGE(R3,S3,T3,U3,V3),"0") -> 2 | AC3: =IFERROR(AVERAGE(X3,Y3,Z3,AA3,AB3),"0") -> 0 | AI3: =IFERROR(AVERAGE(AD3,AE3,AF3,AG3,AH3),"0") -> 0 | AO3: =IFERROR(AVERAGE(AJ3,AK3,AL3,AM3,AN3),"0") -> 0 | AU3: =IFERROR(AVERAGE(AP3,AQ3,AR3,AS3,AT3),"0") -> 0 | BA3: =IFERROR(AVERAGE(AV3,AW3,AX3,AY3,AZ3),"0") -> 0
A4: 2 | B4: 2024JULB00002 | C4: Aaditya K | D4: Male | E4: A | K4: =IFERROR(AVERAGE(F4,G4,H4,I4,J4),"0") -> 0 | L4: 3 | M4: 2 | N4: 3 | P4: 2 | Q4: =IFERROR(AVERAGE(L4,M4,N4,O4,P4),"0") -> 2.5 | R4: 2 | W4: =IFERROR(AVERAGE(R4,S4,T4,U4,V4),"0") -> 2 | AC4: =IFERROR(AVERAGE(X4,Y4,Z4,AA4,AB4),"0") -> 0 | AI4: =IFERROR(AVERAGE(AD4,AE4,AF4,AG4,AH4),"0") -> 0 | AO4: =IFERROR(AVERAGE(AJ4,AK4,AL4,AM4,AN4),"0") -> 0 | AU4: =IFERROR(AVERAGE(AP4,AQ4,AR4,AS4,AT4),"0") -> 0 | BA4: =IFERROR(AVERAGE(AV4,AW4,AX4,AY4,AZ4),"0") -> 0
A5: 3 | B5: 2024JULB00003 | C5: Aanchal Sapra | D5: Female | E5: A | K5: =IFERROR(AVERAGE(F5,G5,H5,I5,J5),"0") -> 0 | L5: 2 | M5: 3 | N5: 3 | P5: 2 | Q5: =IFERROR(AVERAGE(L5,M5,N5,O5,P5),"0") -> 2.5 | R5: 3 | W5: =IFERROR(AVERAGE(R5,S5,T5,U5,V5),"0") -> 3 | AC5: =IFERROR(AVERAGE(X5,Y5,Z5,AA5,AB5),"0") -> 0 | AI5: =IFERROR(AVERAGE(AD5,AE5,AF5,AG5,AH5),"0") -> 0 | AO5: =IFERROR(AVERAGE(AJ5,AK5,AL5,AM5,AN5),"0") -> 0 | AU5: =IFERROR(AVERAGE(AP5,AQ5,AR5,AS5,AT5),"0") -> 0 | BA5: =IFERROR(AVERAGE(AV5,AW5,AX5,AY5,AZ5),"0") -> 0
A6: 4 | B6: 2024JULB00004 | C6: Abhinav B | D6: Male | E6: A | K6: =IFERROR(AVERAGE(F6,G6,H6,I6,J6),"0") -> 0 | L6: 3 | M6: 3 | N6: 4 | P6: 2 | Q6: =IFERROR(AVERAGE(L6,M6,N6,O6,P6),"0") -> 3 | R6: 2 | W6: =IFERROR(AVERAGE(R6,S6,T6,U6,V6),"0") -> 2 | AC6: =IFERROR(AVERAGE(X6,Y6,Z6,AA6,AB6),"0") -> 0 | AI6: =IFERROR(AVERAGE(AD6,AE6,AF6,AG6,AH6),"0") -> 0 | AO6: =IFERROR(AVERAGE(AJ6,AK6,AL6,AM6,AN6),"0") -> 0 | AU6: =IFERROR(AVERAGE(AP6,AQ6,AR6,AS6,AT6),"0") -> 0 | BA6: =IFERROR(AVERAGE(AV6,AW6,AX6,AY6,AZ6),"0") -> 0
A7: 5 | B7: 2024JULB00005 | C7: Abhirup Choudhury | D7: Male | E7: D | K7: =IFERROR(AVERAGE(F7,G7,H7,I7,J7),"0") -> 0 | L7: 1 | M7: 1 | N7: 1 | P7: 1 | Q7: =IFERROR(AVERAGE(L7,M7,N7,O7,P7),"0") -> 1 | R7: 1 | W7: =IFERROR(AVERAGE(R7,S7,T7,U7,V7),"0") -> 1 | AC7: =IFERROR(AVERAGE(X7,Y7,Z7,AA7,AB7),"0") -> 0 | AI7: =IFERROR(AVERAGE(AD7,AE7,AF7,AG7,AH7),"0") -> 0 | AO7: =IFERROR(AVERAGE(AJ7,AK7,AL7,AM7,AN7),"0") -> 0 | AU7: =IFERROR(AVERAGE(AP7,AQ7,AR7,AS7,AT7),"0") -> 0 | BA7: =IFERROR(AVERAGE(AV7,AW7,AX7,AY7,AZ7),"0") -> 0
A8: 6 | B8: 2024JULB00006 | C8: Abhyuday Tripathi | D8: Male | E8: A | K8: =IFERROR(AVERAGE(F8,G8,H8,I8,J8),"0") -> 0 | L8: 2 | M8: 3 | N8: 2 | P8: 4 | Q8: =IFERROR(AVERAGE(L8,M8,N8,O8,P8),"0") -> 2.75 | R8: 3 | W8: =IFERROR(AVERAGE(R8,S8,T8,U8,V8),"0") -> 3 | AC8: =IFERROR(AVERAGE(X8,Y8,Z8,AA8,AB8),"0") -> 0 | AI8: =IFERROR(AVERAGE(AD8,AE8,AF8,AG8,AH8),"0") -> 0 | AO8: =IFERROR(AVERAGE(AJ8,AK8,AL8,AM8,AN8),"0") -> 0 | AU8: =IFERROR(AVERAGE(AP8,AQ8,AR8,AS8,AT8),"0") -> 0 | BA8: =IFERROR(AVERAGE(AV8,AW8,AX8,AY8,AZ8),"0") -> 0
A9: 7 | B9: 2024JULB00007 | C9: Adarsh G | D9: Male | E9: A | K9: =IFERROR(AVERAGE(F9,G9,H9,I9,J9),"0") -> 0 | L9: 3 | M9: 2 | N9: 2 | P9: 2 | Q9: =IFERROR(AVERAGE(L9,M9,N9,O9,P9),"0") -> 2.25 | R9: 3 | W9: =IFERROR(AVERAGE(R9,S9,T9,U9,V9),"0") -> 3 | AC9: =IFERROR(AVERAGE(X9,Y9,Z9,AA9,AB9),"0") -> 0 | AI9: =IFERROR(AVERAGE(AD9,AE9,AF9,AG9,AH9),"0") -> 0 | AO9: =IFERROR(AVERAGE(AJ9,AK9,AL9,AM9,AN9),"0") -> 0 | AU9: =IFERROR(AVERAGE(AP9,AQ9,AR9,AS9,AT9),"0") -> 0 | BA9: =IFERROR(AVERAGE(AV9,AW9,AX9,AY9,AZ9),"0") -> 0
A10: 8 | B10: 2024JULB00008 | C10: Adarsh Raj Barman | D10: Male | E10: C | K10: =IFERROR(AVERAGE(F10,G10,H10,I10,J10),"0") -> 0 | L10: 4 | M10: 2 | N10: 3 | P10: 2 | Q10: =IFERROR(AVERAGE(L10,M10,N10,O10,P10),"0") -> 2.75 | R10: 4 | W10: =IFERROR(AVERAGE(R10,S10,T10,U10,V10),"0") -> 4 | AC10: =IFERROR(AVERAGE(X10,Y10,Z10,AA10,AB10),"0") -> 0 | AI10: =IFERROR(AVERAGE(AD10,AE10,AF10,AG10,AH10),"0") -> 0 | AO10: =IFERROR(AVERAGE(AJ10,AK10,AL10,AM10,AN10),"0") -> 0 | AU10: =IFERROR(AVERAGE(AP10,AQ10,AR10,AS10,AT10),"0") -> 0 | BA10: =IFERROR(AVERAGE(AV10,AW10,AX10,AY10,AZ10),"0") -> 0
A11: 9 | B11: 2024JULB00009 | C11: Aditi Kumari | D11: Female | E11: A | K11: =IFERROR(AVERAGE(F11,G11,H11,I11,J11),"0") -> 0 | L11: 3.5 | M11: 3.5 | N11: 3 | P11: 3 | Q11: =IFERROR(AVERAGE(L11,M11,N11,O11,P11),"0") -> 3.25 | R11: 3.5 | W11: =IFERROR(AVERAGE(R11,S11,T11,U11,V11),"0") -> 3.5 | AC11: =IFERROR(AVERAGE(X11,Y11,Z11,AA11,AB11),"0") -> 0 | AI11: =IFERROR(AVERAGE(AD11,AE11,AF11,AG11,AH11),"0") -> 0 | AO11: =IFERROR(AVERAGE(AJ11,AK11,AL11,AM11,AN11),"0") -> 0 | AU11: =IFERROR(AVERAGE(AP11,AQ11,AR11,AS11,AT11),"0") -> 0 | BA11: =IFERROR(AVERAGE(AV11,AW11,AX11,AY11,AZ11),"0") -> 0
A12: 10 | B12: 2024JULB00012 | C12: Akarsh Narain | D12: Male | E12: A | K12: =IFERROR(AVERAGE(F12,G12,H12,I12,J12),"0") -> 0 | L12: 3 | M12: 4 | N12: 3 | P12: 4 | Q12: =IFERROR(AVERAGE(L12,M12,N12,O12,P12),"0") -> 3.5 | R12: 3 | W12: =IFERROR(AVERAGE(R12,S12,T12,U12,V12),"0") -> 3 | AC12: =IFERROR(AVERAGE(X12,Y12,Z12,AA12,AB12),"0") -> 0 | AI12: =IFERROR(AVERAGE(AD12,AE12,AF12,AG12,AH12),"0") -> 0 | AO12: =IFERROR(AVERAGE(AJ12,AK12,AL12,AM12,AN12),"0") -> 0 | AU12: =IFERROR(AVERAGE(AP12,AQ12,AR12,AS12,AT12),"0") -> 0 | BA12: =IFERROR(AVERAGE(AV12,AW12,AX12,AY12,AZ12),"0") -> 0
A13: 11 | B13: 2024JULB00013 | C13: Akshat Singh | D13: Male | E13: B | K13: =IFERROR(AVERAGE(F13,G13,H13,I13,J13),"0") -> 0 | L13: 4 | M13: 4 | N13: 4 | P13: 2 | Q13: =IFERROR(AVERAGE(L13,M13,N13,O13,P13),"0") -> 3.5 | R13: 2 | W13: =IFERROR(AVERAGE(R13,S13,T13,U13,V13),"0") -> 2 | AC13: =IFERROR(AVERAGE(X13,Y13,Z13,AA13,AB13),"0") -> 0 | AI13: =IFERROR(AVERAGE(AD13,AE13,AF13,AG13,AH13),"0") -> 0 | AO13: =IFERROR(AVERAGE(AJ13,AK13,AL13,AM13,AN13),"0") -> 0 | AU13: =IFERROR(AVERAGE(AP13,AQ13,AR13,AS13,AT13),"0") -> 0 | BA13: =IFERROR(AVERAGE(AV13,AW13,AX13,AY13,AZ13),"0") -> 0
A14: 12 | B14: 2024JULB00014 | C14: Amal Shibu Balan | D14: Male | E14: B | K14: =IFERROR(AVERAGE(F14,G14,H14,I14,J14),"0") -> 0 | L14: 3 | M14: 3 | N14: 3 | P14: 3 | Q14: =IFERROR(AVERAGE(L14,M14,N14,O14,P14),"0") -> 3 | R14: 3 | W14: =IFERROR(AVERAGE(R14,S14,T14,U14,V14),"0") -> 3 | AC14: =IFERROR(AVERAGE(X14,Y14,Z14,AA14,AB14),"0") -> 0 | AI14: =IFERROR(AVERAGE(AD14,AE14,AF14,AG14,AH14),"0") -> 0 | AO14: =IFERROR(AVERAGE(AJ14,AK14,AL14,AM14,AN14),"0") -> 0 | AU14: =IFERROR(AVERAGE(AP14,AQ14,AR14,AS14,AT14),"0") -> 0 | BA14: =IFERROR(AVERAGE(AV14,AW14,AX14,AY14,AZ14),"0") -> 0
... A16: 14 | B16: 2024JULB00019 | C16: Anantaa Paul | D16: Female | E16: B | K16: =IFERROR(AVERAGE(F16,G16,H16,I16,J16),"0") -> 0 | L16: 4 | M16: 3 | N16: 3.5 | P16: 3.5 | Q16: =IFERROR(AVERAGE(L16,M16,N16,O16,P16),"0") -> 3.5 | R16: 4 | W16: =IFERROR(AVERAGE(R16,S16,T16,U16,V16),"0") -> 4 | AC16: =IFERROR(AVERAGE(X16,Y16,Z16,AA16,AB16),"0") -> 0 | AI16: =IFERROR(AVERAGE(AD16,AE16,AF16,AG16,AH16),"0") -> 0 | AO16: =IFERROR(AVERAGE(AJ16,AK16,AL16,AM16,AN16),"0") -> 0 | AU16: =IFERROR(AVERAGE(AP16,AQ16,AR16,AS16,AT16),"0") -> 0 | BA16: =IFERROR(AVERAGE(AV16,AW16,AX16,AY16,AZ16),"0") -> 0
A17: 15 | B17: 2024JULB00020 | C17: Ananya Das | D17: Female | E17: C | K17: =IFERROR(AVERAGE(F17,G17,H17,I17,J17),"0") -> 0 | L17: 0 | M17: 0 | N17: 0 | P17: 0 | Q17: =IFERROR(AVERAGE(L17,M17,N17,O17,P17),"0") -> 0 | R17: 0 | W17: =IFERROR(AVERAGE(R17,S17,T17,U17,V17),"0") -> 0 | AC17: =IFERROR(AVERAGE(X17,Y17,Z17,AA17,AB17),"0") -> 0 | AI17: =IFERROR(AVERAGE(AD17,AE17,AF17,AG17,AH17),"0") -> 0 | AO17: =IFERROR(AVERAGE(AJ17,AK17,AL17,AM17,AN17),"0") -> 0 | AU17: =IFERROR(AVERAGE(AP17,AQ17,AR17,AS17,AT17),"0") -> 0 | BA17: =IFERROR(AVERAGE(AV17,AW17,AX17,AY17,AZ17),"0") -> 0
A18: 16 | B18: 2024JULB00021 | C18: Aniket Inani | D18: Male | E18: A | K18: =IFERROR(AVERAGE(F18,G18,H18,I18,J18),"0") -> 0 | L18: 0 | M18: 0 | N18: 0 | P18: 0 | Q18: =IFERROR(AVERAGE(L18,M18,N18,O18,P18),"0") -> 0 | R18: 0 | W18: =IFERROR(AVERAGE(R18,S18,T18,U18,V18),"0") -> 0 | AC18: =IFERROR(AVERAGE(X18,Y18,Z18,AA18,AB18),"0") -> 0 | AI18: =IFERROR(AVERAGE(AD18,AE18,AF18,AG18,AH18),"0") -> 0 | AO18: =IFERROR(AVERAGE(AJ18,AK18,AL18,AM18,AN18),"0") -> 0 | AU18: =IFERROR(AVERAGE(AP18,AQ18,AR18,AS18,AT18),"0") -> 0 | BA18: =IFERROR(AVERAGE(AV18,AW18,AX18,AY18,AZ18),"0") -> 0
A19: 17 | B19: 2024JULB00022 | C19: Anupa Maheshwari | D19: Female | E19: C | K19: =IFERROR(AVERAGE(F19,G19,H19,I19,J19),"0") -> 0 | L19: 4 | M19: 4 | N19: 4 | P19: 4 | Q19: =IFERROR(AVERAGE(L19,M19,N19,O19,P19),"0") -> 4 | R19: 4 | W19: =IFERROR(AVERAGE(R19,S19,T19,U19,V19),"0") -> 4 | AC19: =IFERROR(AVERAGE(X19,Y19,Z19,AA19,AB19),"0") -> 0 | AI19: =IFERROR(AVERAGE(AD19,AE19,AF19,AG19,AH19),"0") -> 0 | AO19: =IFERROR(AVERAGE(AJ19,AK19,AL19,AM19,AN19),"0") -> 0 | AU19: =IFERROR(AVERAGE(AP19,AQ19,AR19,AS19,AT19),"0") -> 0 | BA19: =IFERROR(AVERAGE(AV19,AW19,AX19,AY19,AZ19),"0") -> 0
A20: 18 | B20: 2024JULB00023 | C20: Anushk Goel | D20: MALE | E20: A | K20: =IFERROR(AVERAGE(F20,G20,H20,I20,J20),"0") -> 0 | L20: 3 | M20: 2 | N20: 4 | P20: 2 | Q20: =IFERROR(AVERAGE(L20,M20,N20,O20,P20),"0") -> 2.75 | R20: 2 | W20: =IFERROR(AVERAGE(R20,S20,T20,U20,V20),"0") -> 2 | AC20: =IFERROR(AVERAGE(X20,Y20,Z20,AA20,AB20),"0") -> 0 | AI20: =IFERROR(AVERAGE(AD20,AE20,AF20,AG20,AH20),"0") -> 0 | AO20: =IFERROR(AVERAGE(AJ20,AK20,AL20,AM20,AN20),"0") -> 0 | AU20: =IFERROR(AVERAGE(AP20,AQ20,AR20,AS20,AT20),"0") -> 0 | BA20: =IFERROR(AVERAGE(AV20,AW20,AX20,AY20,AZ20),"0") -> 0
A21: 19 | B21: 2024JULB00024 | C21: Apoorwa Mishra | D21: Female | E21: A | K21: =IFERROR(AVERAGE(F21,G21,H21,I21,J21),"0") -> 0 | L21: 4 | M21: 4 | N21: 3.5 | P21: 3.5 | Q21: =IFERROR(AVERAGE(L21,M21,N21,O21,P21),"0") -> 3.75 | R21: 3.5 | W21: =IFERROR(AVERAGE(R21,S21,T21,U21,V21),"0") -> 3.5 | AC21: =IFERROR(AVERAGE(X21,Y21,Z21,AA21,AB21),"0") -> 0 | AI21: =IFERROR(AVERAGE(AD21,AE21,AF21,AG21,AH21),"0") -> 0 | AO21: =IFERROR(AVERAGE(AJ21,AK21,AL21,AM21,AN21),"0") -> 0 | AU21: =IFERROR(AVERAGE(AP21,AQ21,AR21,AS21,AT21),"0") -> 0 | BA21: =IFERROR(AVERAGE(AV21,AW21,AX21,AY21,AZ21),"0") -> 0
A22: 20 | B22: 2024JULB00025 | C22: Arit Roy | D22: Male | E22: B | K22: =IFERROR(AVERAGE(F22,G22,H22,I22,J22),"0") -> 0 | L22: 4 | M22: 4 | N22: 4 | P22: 4 | Q22: =IFERROR(AVERAGE(L22,M22,N22,O22,P22),"0") -> 4 | R22: 4 | W22: =IFERROR(AVERAGE(R22,S22,T22,U22,V22),"0") -> 4 | AC22: =IFERROR(AVERAGE(X22,Y22,Z22,AA22,AB22),"0") -> 0 | AI22: =IFERROR(AVERAGE(AD22,AE22,AF22,AG22,AH22),"0") -> 0 | AO22: =IFERROR(AVERAGE(AJ22,AK22,AL22,AM22,AN22),"0") -> 0 | AU22: =IFERROR(AVERAGE(AP22,AQ22,AR22,AS22,AT22),"0") -> 0 | BA22: =IFERROR(AVERAGE(AV22,AW22,AX22,AY22,AZ22),"0") -> 0
A23: 21 | B23: 2024JULB00026 | C23: Arush Mangal | D23: Male | E23: B | K23: =IFERROR(AVERAGE(F23,G23,H23,I23,J23),"0") -> 0 | L23: 2 | M23: 2 | N23: 2 | P23: 4 | Q23: =IFERROR(AVERAGE(L23,M23,N23,O23,P23),"0") -> 2.5 | R23: 3 | W23: =IFERROR(AVERAGE(R23,S23,T23,U23,V23),"0") -> 3 | AC23: =IFERROR(AVERAGE(X23,Y23,Z23,AA23,AB23),"0") -> 0 | AI23: =IFERROR(AVERAGE(AD23,AE23,AF23,AG23,AH23),"0") -> 0 | AO23: =IFERROR(AVERAGE(AJ23,AK23,AL23,AM23,AN23),"0") -> 0 | AU23: =IFERROR(AVERAGE(AP23,AQ23,AR23,AS23,AT23),"0") -> 0 | BA23: =IFERROR(AVERAGE(AV23,AW23,AX23,AY23,AZ23),"0") -> 0
A24: 22 | B24: 2024JULB00027 | C24: Aryan Atreya | D24: Male | E24: A | K24: =IFERROR(AVERAGE(F24,G24,H24,I24,J24),"0") -> 0 | L24: 3 | M24: 3 | N24: 3 | P24: 3 | Q24: =IFERROR(AVERAGE(L24,M24,N24,O24,P24),"0") -> 3 | R24: 3 | W24: =IFERROR(AVERAGE(R24,S24,T24,U24,V24),"0") -> 3 | AC24: =IFERROR(AVERAGE(X24,Y24,Z24,AA24,AB24),"0") -> 0 | AI24: =IFERROR(AVERAGE(AD24,AE24,AF24,AG24,AH24),"0") -> 0 | AO24: =IFERROR(AVERAGE(AJ24,AK24,AL24,AM24,AN24),"0") -> 0 | AU24: =IFERROR(AVERAGE(AP24,AQ24,AR24,AS24,AT24),"0") -> 0 | BA24: =IFERROR(AVERAGE(AV24,AW24,AX24,AY24,AZ24),"0") -> 0
A25: 23 | B25: 2024JULB00028 | C25: Aryan Balapure | D25: Male | E25: B | K25: =IFERROR(AVERAGE(F25,G25,H25,I25,J25),"0") -> 0 | L25: 3 | M25: 3 | N25: 2.5 | P25: 2.5 | Q25: =IFERROR(AVERAGE(L25,M25,N25,O25,P25),"0") -> 2.75 | R25: 3 | W25: =IFERROR(AVERAGE(R25,S25,T25,U25,V25),"0") -> 3 | AC25: =IFERROR(AVERAGE(X25,Y25,Z25,AA25,AB25),"0") -> 0 | AI25: =IFERROR(AVERAGE(AD25,AE25,AF25,AG25,AH25),"0") -> 0 | AO25: =IFERROR(AVERAGE(AJ25,AK25,AL25,AM25,AN25),"0") -> 0 | AU25: =IFERROR(AVERAGE(AP25,AQ25,AR25,AS25,AT25),"0") -> 0 | BA25: =IFERROR(AVERAGE(AV25,AW25,AX25,AY25,AZ25),"0") -> 0
A26: 24 | B26: 2024JULB00029 | C26: Aryan Trivedi | D26: Male | E26: A | K26: =IFERROR(AVERAGE(F26,G26,H26,I26,J26),"0") -> 0 | L26: 4 | M26: 3 | N26: 3 | P26: 1 | Q26: =IFERROR(AVERAGE(L26,M26,N26,O26,P26),"0") -> 2.75 | R26: 2 | W26: =IFERROR(AVERAGE(R26,S26,T26,U26,V26),"0") -> 2 | AC26: =IFERROR(AVERAGE(X26,Y26,Z26,AA26,AB26),"0") -> 0 | AI26: =IFERROR(AVERAGE(AD26,AE26,AF26,AG26,AH26),"0") -> 0 | AO26: =IFERROR(AVERAGE(AJ26,AK26,AL26,AM26,AN26),"0") -> 0 | AU26: =IFERROR(AVERAGE(AP26,AQ26,AR26,AS26,AT26),"0") -> 0 | BA26: =IFERROR(AVERAGE(AV26,AW26,AX26,AY26,AZ26),"0") -> 0
A27: 25 | B27: 2024JULB00030 | C27: Ashish Abraham John | D27: Male | E27: B | K27: =IFERROR(AVERAGE(F27,G27,H27,I27,J27),"0") -> 0 | L27: 4 | M27: 4 | N27: 4 | P27: 3 | Q27: =IFERROR(AVERAGE(L27,M27,N27,O27,P27),"0") -> 3.75 | R27: 3 | W27: =IFERROR(AVERAGE(R27,S27,T27,U27,V27),"0") -> 3 | AC27: =IFERROR(AVERAGE(X27,Y27,Z27,AA27,AB27),"0") -> 0 | AI27: =IFERROR(AVERAGE(AD27,AE27,AF27,AG27,AH27),"0") -> 0 | AO27: =IFERROR(AVERAGE(AJ27,AK27,AL27,AM27,AN27),"0") -> 0 | AU27: =IFERROR(AVERAGE(AP27,AQ27,AR27,AS27,AT27),"0") -> 0 | BA27: =IFERROR(AVERAGE(AV27,AW27,AX27,AY27,AZ27),"0") -> 0
A28: 26 | B28: 2024JULB00031 | C28: Ashita Roshan Kumar | D28: Female | E28: C | K28: =IFERROR(AVERAGE(F28,G28,H28,I28,J28),"0") -> 0 | L28: 2 | M28: 3 | N28: 2 | P28: 2 | Q28: =IFERROR(AVERAGE(L28,M28,N28,O28,P28),"0") -> 2.25 | R28: 2 | W28: =IFERROR(AVERAGE(R28,S28,T28,U28,V28),"0") -> 2 | AC28: =IFERROR(AVERAGE(X28,Y28,Z28,AA28,AB28),"0") -> 0 | AI28: =IFERROR(AVERAGE(AD28,AE28,AF28,AG28,AH28),"0") -> 0 | AO28: =IFERROR(AVERAGE(AJ28,AK28,AL28,AM28,AN28),"0") -> 0 | AU28: =IFERROR(AVERAGE(AP28,AQ28,AR28,AS28,AT28),"0") -> 0 | BA28: =IFERROR(AVERAGE(AV28,AW28,AX28,AY28,AZ28),"0") -> 0
A29: 27 | B29: 2024JULB00032 | C29: Ashutosh Sharan | D29: Male | E29: B | K29: =IFERROR(AVERAGE(F29,G29,H29,I29,J29),"0") -> 0 | L29: 4 | M29: 4 | N29: 4 | P29: 4 | Q29: =IFERROR(AVERAGE(L29,M29,N29,O29,P29),"0") -> 4 | R29: 4 | W29: =IFERROR(AVERAGE(R29,S29,T29,U29,V29),"0") -> 4 | AC29: =IFERROR(AVERAGE(X29,Y29,Z29,AA29,AB29),"0") -> 0 | AI29: =IFERROR(AVERAGE(AD29,AE29,AF29,AG29,AH29),"0") -> 0 | AO29: =IFERROR(AVERAGE(AJ29,AK29,AL29,AM29,AN29),"0") -> 0 | AU29: =IFERROR(AVERAGE(AP29,AQ29,AR29,AS29,AT29),"0") -> 0 | BA29: =IFERROR(AVERAGE(AV29,AW29,AX29,AY29,AZ29),"0") -> 0
... A46: 44 | B46: 2024JULB00056 | C46: Elina Mahanta | D46: Female | E46: A | K46: =IFERROR(AVERAGE(F46,G46,H46,I46,J46),"0") -> 0 | L46: 3 | M46: 4 | N46: 4 | P46: 3 | Q46: =IFERROR(AVERAGE(L46,M46,N46,O46,P46),"0") -> 3.5 | R46: 3 | W46: =IFERROR(AVERAGE(R46,S46,T46,U46,V46),"0") -> 3 | AC46: =IFERROR(AVERAGE(X46,Y46,Z46,AA46,AB46),"0") -> 0 | AI46: =IFERROR(AVERAGE(AD46,AE46,AF46,AG46,AH46),"0") -> 0 | AO46: =IFERROR(AVERAGE(AJ46,AK46,AL46,AM46,AN46),"0") -> 0 | AU46: =IFERROR(AVERAGE(AP46,AQ46,AR46,AS46,AT46),"0") -> 0 | BA46: =IFERROR(AVERAGE(AV46,AW46,AX46,AY46,AZ46),"0") -> 0
A47: 45 | B47: 2024JULB00057 | C47: Faizulhusen A Niaz | D47: Male | E47: B | K47: =IFERROR(AVERAGE(F47,G47,H47,I47,J47),"0") -> 0 | L47: 0 | M47: 0 | N47: 0 | P47: 0 | Q47: =IFERROR(AVERAGE(L47,M47,N47,O47,P47),"0") -> 0 | R47: 0 | W47: =IFERROR(AVERAGE(R47,S47,T47,U47,V47),"0") -> 0 | AC47: =IFERROR(AVERAGE(X47,Y47,Z47,AA47,AB47),"0") -> 0 | AI47: =IFERROR(AVERAGE(AD47,AE47,AF47,AG47,AH47),"0") -> 0 | AO47: =IFERROR(AVERAGE(AJ47,AK47,AL47,AM47,AN47),"0") -> 0 | AU47: =IFERROR(AVERAGE(AP47,AQ47,AR47,AS47,AT47),"0") -> 0 | BA47: =IFERROR(AVERAGE(AV47,AW47,AX47,AY47,AZ47),"0") -> 0
A48: 46 | B48: 2024JULB00058 | C48: Farheena Taskin Jamadar | D48: Female | E48: C | K48: =IFERROR(AVERAGE(F48,G48,H48,I48,J48),"0") -> 0 | L48: 4 | M48: 4 | N48: 4 | P48: 2 | Q48: =IFERROR(AVERAGE(L48,M48,N48,O48,P48),"0") -> 3.5 | R48: 2 | W48: =IFERROR(AVERAGE(R48,S48,T48,U48,V48),"0") -> 2 | AC48: =IFERROR(AVERAGE(X48,Y48,Z48,AA48,AB48),"0") -> 0 | AI48: =IFERROR(AVERAGE(AD48,AE48,AF48,AG48,AH48),"0") -> 0 | AO48: =IFERROR(AVERAGE(AJ48,AK48,AL48,AM48,AN48),"0") -> 0 | AU48: =IFERROR(AVERAGE(AP48,AQ48,AR48,AS48,AT48),"0") -> 0 | BA48: =IFERROR(AVERAGE(AV48,AW48,AX48,AY48,AZ48),"0") -> 0
A49: 47 | B49: 2024JULB00059 | C49: G Tharnath Reddy | D49: Male | E49: A | K49: =IFERROR(AVERAGE(F49,G49,H49,I49,J49),"0") -> 0 | L49: 2 | M49: 2 | N49: 2 | P49: 2 | Q49: =IFERROR(AVERAGE(L49,M49,N49,O49,P49),"0") -> 2 | R49: 2 | W49: =IFERROR(AVERAGE(R49,S49,T49,U49,V49),"0") -> 2 | AC49: =IFERROR(AVERAGE(X49,Y49,Z49,AA49,AB49),"0") -> 0 | AI49: =IFERROR(AVERAGE(AD49,AE49,AF49,AG49,AH49),"0") -> 0 | AO49: =IFERROR(AVERAGE(AJ49,AK49,AL49,AM49,AN49),"0") -> 0 | AU49: =IFERROR(AVERAGE(AP49,AQ49,AR49,AS49,AT49),"0") -> 0 | BA49: =IFERROR(AVERAGE(AV49,AW49,AX49,AY49,AZ49),"0") -> 0
A50: 48 | B50: 2024JULB00060 | C50: Gagan C S | D50: Male | E50: B | K50: =IFERROR(AVERAGE(F50,G50,H50,I50,J50),"0") -> 0 | L50: 2.5 | M50: 3 | N50: 2.5 | P50: 2.5 | Q50: =IFERROR(AVERAGE(L50,M50,N50,O50,P50),"0") -> 2.625 | R50: 3 | W50: =IFERROR(AVERAGE(R50,S50,T50,U50,V50),"0") -> 3 | AC50: =IFERROR(AVERAGE(X50,Y50,Z50,AA50,AB50),"0") -> 0 | AI50: =IFERROR(AVERAGE(AD50,AE50,AF50,AG50,AH50),"0") -> 0 | AO50: =IFERROR(AVERAGE(AJ50,AK50,AL50,AM50,AN50),"0") -> 0 | AU50: =IFERROR(AVERAGE(AP50,AQ50,AR50,AS50,AT50),"0") -> 0 | BA50: =IFERROR(AVERAGE(AV50,AW50,AX50,AY50,AZ50),"0") -> 0
A51: 49 | B51: 2024JULB00061 | C51: Gaurav Gaur | D51: Male | E51: C | K51: =IFERROR(AVERAGE(F51,G51,H51,I51,J51),"0") -> 0 | L51: 4 | M51: 5 | N51: 5 | P51: 4 | Q51: =IFERROR(AVERAGE(L51,M51,N51,O51,P51),"0") -> 4.5 | R51: 5 | W51: =IFERROR(AVERAGE(R51,S51,T51,U51,V51),"0") -> 5 | AC51: =IFERROR(AVERAGE(X51,Y51,Z51,AA51,AB51),"0") -> 0 | AI51: =IFERROR(AVERAGE(AD51,AE51,AF51,AG51,AH51),"0") -> 0 | AO51: =IFERROR(AVERAGE(AJ51,AK51,AL51,AM51,AN51),"0") -> 0 | AU51: =IFERROR(AVERAGE(AP51,AQ51,AR51,AS51,AT51),"0") -> 0 | BA51: =IFERROR(AVERAGE(AV51,AW51,AX51,AY51,AZ51),"0") -> 0
A52: 50 | B52: 2024JULB00062 | C52: Harish Kumar R | D52: Male | E52: A | K52: =IFERROR(AVERAGE(F52,G52,H52,I52,J52),"0") -> 0 | L52: 2.5 | M52: 1.5 | N52: 2 | P52: 2 | Q52: =IFERROR(AVERAGE(L52,M52,N52,O52,P52),"0") -> 2 | R52: 2.5 | W52: =IFERROR(AVERAGE(R52,S52,T52,U52,V52),"0") -> 2.5 | AC52: =IFERROR(AVERAGE(X52,Y52,Z52,AA52,AB52),"0") -> 0 | AI52: =IFERROR(AVERAGE(AD52,AE52,AF52,AG52,AH52),"0") -> 0 | AO52: =IFERROR(AVERAGE(AJ52,AK52,AL52,AM52,AN52),"0") -> 0 | AU52: =IFERROR(AVERAGE(AP52,AQ52,AR52,AS52,AT52),"0") -> 0 | BA52: =IFERROR(AVERAGE(AV52,AW52,AX52,AY52,AZ52),"0") -> 0
A53: 51 | B53: 2024JULB00063 | C53: Harshavarthni K S | D53: Female | E53: B | K53: =IFERROR(AVERAGE(F53,G53,H53,I53,J53),"0") -> 0 | L53: 3 | M53: 4 | N53: 3 | P53: 2 | Q53: =IFERROR(AVERAGE(L53,M53,N53,O53,P53),"0") -> 3 | R53: 3 | W53: =IFERROR(AVERAGE(R53,S53,T53,U53,V53),"0") -> 3 | AC53: =IFERROR(AVERAGE(X53,Y53,Z53,AA53,AB53),"0") -> 0 | AI53: =IFERROR(AVERAGE(AD53,AE53,AF53,AG53,AH53),"0") -> 0 | AO53: =IFERROR(AVERAGE(AJ53,AK53,AL53,AM53,AN53),"0") -> 0 | AU53: =IFERROR(AVERAGE(AP53,AQ53,AR53,AS53,AT53),"0") -> 0 | BA53: =IFERROR(AVERAGE(AV53,AW53,AX53,AY53,AZ53),"0") -> 0
A54: 52 | B54: 2024JULB00064 | C54: Hemant Prajapat | D54: Male | E54: B | K54: =IFERROR(AVERAGE(F54,G54,H54,I54,J54),"0") -> 0 | L54: 3 | M54: 4 | N54: 3 | P54: 3 | Q54: =IFERROR(AVERAGE(L54,M54,N54,O54,P54),"0") -> 3.25 | R54: 3 | W54: =IFERROR(AVERAGE(R54,S54,T54,U54,V54),"0") -> 3 | AC54: =IFERROR(AVERAGE(X54,Y54,Z54,AA54,AB54),"0") -> 0 | AI54: =IFERROR(AVERAGE(AD54,AE54,AF54,AG54,AH54),"0") -> 0 | AO54: =IFERROR(AVERAGE(AJ54,AK54,AL54,AM54,AN54),"0") -> 0 | AU54: =IFERROR(AVERAGE(AP54,AQ54,AR54,AS54,AT54),"0") -> 0 | BA54: =IFERROR(AVERAGE(AV54,AW54,AX54,AY54,AZ54),"0") -> 0
A55: 53 | B55: 2024JULB00065 | C55: Himanshu Chahar | D55: Male | E55: B | K55: =IFERROR(AVERAGE(F55,G55,H55,I55,J55),"0") -> 0 | L55: 2 | M55: 3 | N55: 2 | P55: 1 | Q55: =IFERROR(AVERAGE(L55,M55,N55,O55,P55),"0") -> 2 | R55: 2 | W55: =IFERROR(AVERAGE(R55,S55,T55,U55,V55),"0") -> 2 | AC55: =IFERROR(AVERAGE(X55,Y55,Z55,AA55,AB55),"0") -> 0 | AI55: =IFERROR(AVERAGE(AD55,AE55,AF55,AG55,AH55),"0") -> 0 | AO55: =IFERROR(AVERAGE(AJ55,AK55,AL55,AM55,AN55),"0") -> 0 | AU55: =IFERROR(AVERAGE(AP55,AQ55,AR55,AS55,AT55),"0") -> 0 | BA55: =IFERROR(AVERAGE(AV55,AW55,AX55,AY55,AZ55),"0") -> 0
A56: 54 | B56: 2024JULB00066 | C56: Himanshu Upadhyay | D56: Male | E56: C | K56: =IFERROR(AVERAGE(F56,G56,H56,I56,J56),"0") -> 0 | L56: 3 | M56: 4 | N56: 3 | P56: 1 | Q56: =IFERROR(AVERAGE(L56,M56,N56,O56,P56),"0") -> 2.75 | R56: 2 | W56: =IFERROR(AVERAGE(R56,S56,T56,U56,V56),"0") -> 2 | AC56: =IFERROR(AVERAGE(X56,Y56,Z56,AA56,AB56),"0") -> 0 | AI56: =IFERROR(AVERAGE(AD56,AE56,AF56,AG56,AH56),"0") -> 0 | AO56: =IFERROR(AVERAGE(AJ56,AK56,AL56,AM56,AN56),"0") -> 0 | AU56: =IFERROR(AVERAGE(AP56,AQ56,AR56,AS56,AT56),"0") -> 0 | BA56: =IFERROR(AVERAGE(AV56,AW56,AX56,AY56,AZ56),"0") -> 0
A57: 55 | B57: 2024JULB00069 | C57: Jay Dwivedi | D57: Male | E57: B | K57: =IFERROR(AVERAGE(F57,G57,H57,I57,J57),"0") -> 0 | L57: 4 | M57: 4 | N57: 3 | P57: 2 | Q57: =IFERROR(AVERAGE(L57,M57,N57,O57,P57),"0") -> 3.25 | R57: 2 | W57: =IFERROR(AVERAGE(R57,S57,T57,U57,V57),"0") -> 2 | AC57: =IFERROR(AVERAGE(X57,Y57,Z57,AA57,AB57),"0") -> 0 | AI57: =IFERROR(AVERAGE(AD57,AE57,AF57,AG57,AH57),"0") -> 0 | AO57: =IFERROR(AVERAGE(AJ57,AK57,AL57,AM57,AN57),"0") -> 0 | AU57: =IFERROR(AVERAGE(AP57,AQ57,AR57,AS57,AT57),"0") -> 0 | BA57: =IFERROR(AVERAGE(AV57,AW57,AX57,AY57,AZ57),"0") -> 0
A58: 56 | B58: 2024JULB00071 | C58: Jyoti Sahoo | D58: Female | E58: A | K58: =IFERROR(AVERAGE(F58,G58,H58,I58,J58),"0") -> 0 | L58: 3 | M58: 3 | N58: 4 | P58: 2 | Q58: =IFERROR(AVERAGE(L58,M58,N58,O58,P58),"0") -> 3 | R58: 2 | W58: =IFERROR(AVERAGE(R58,S58,T58,U58,V58),"0") -> 2 | AC58: =IFERROR(AVERAGE(X58,Y58,Z58,AA58,AB58),"0") -> 0 | AI58: =IFERROR(AVERAGE(AD58,AE58,AF58,AG58,AH58),"0") -> 0 | AO58: =IFERROR(AVERAGE(AJ58,AK58,AL58,AM58,AN58),"0") -> 0 | AU58: =IFERROR(AVERAGE(AP58,AQ58,AR58,AS58,AT58),"0") -> 0 | BA58: =IFERROR(AVERAGE(AV58,AW58,AX58,AY58,AZ58),"0") -> 0
A59: 57 | B59: 2024JULB00072 | C59: Kajal Choudhary | D59: Female | E59: C | K59: =IFERROR(AVERAGE(F59,G59,H59,I59,J59),"0") -> 0 | L59: 3 | M59: 4 | N59: 4 | P59: 2 | Q59: =IFERROR(AVERAGE(L59,M59,N59,O59,P59),"0") -> 3.25 | R59: 2 | W59: =IFERROR(AVERAGE(R59,S59,T59,U59,V59),"0") -> 2 | AC59: =IFERROR(AVERAGE(X59,Y59,Z59,AA59,AB59),"0") -> 0 | AI59: =IFERROR(AVERAGE(AD59,AE59,AF59,AG59,AH59),"0") -> 0 | AO59: =IFERROR(AVERAGE(AJ59,AK59,AL59,AM59,AN59),"0") -> 0 | AU59: =IFERROR(AVERAGE(AP59,AQ59,AR59,AS59,AT59),"0") -> 0 | BA59: =IFERROR(AVERAGE(AV59,AW59,AX59,AY59,AZ59),"0") -> 0
... A67: 65 | B67: 2024JULB00081 | C67: Krish Chakraborty | D67: Male | E67: A | K67: =IFERROR(AVERAGE(F67,G67,H67,I67,J67),"0") -> 0 | L67: 3 | M67: 3 | N67: 3 | P67: 5 | Q67: =IFERROR(AVERAGE(L67,M67,N67,O67,P67),"0") -> 3.5 | R67: 4 | W67: =IFERROR(AVERAGE(R67,S67,T67,U67,V67),"0") -> 4 | AC67: =IFERROR(AVERAGE(X67,Y67,Z67,AA67,AB67),"0") -> 0 | AI67: =IFERROR(AVERAGE(AD67,AE67,AF67,AG67,AH67),"0") -> 0 | AO67: =IFERROR(AVERAGE(AJ67,AK67,AL67,AM67,AN67),"0") -> 0 | AU67: =IFERROR(AVERAGE(AP67,AQ67,AR67,AS67,AT67),"0") -> 0 | BA67: =IFERROR(AVERAGE(AV67,AW67,AX67,AY67,AZ67),"0") -> 0
A68: 66 | B68: 2024JULB00083 | C68: Kunal Khurana | D68: Male | E68: B | K68: =IFERROR(AVERAGE(F68,G68,H68,I68,J68),"0") -> 0 | L68: 0 | M68: 0 | N68: 0 | P68: 0 | Q68: =IFERROR(AVERAGE(L68,M68,N68,O68,P68),"0") -> 0 | R68: 0 | W68: =IFERROR(AVERAGE(R68,S68,T68,U68,V68),"0") -> 0 | AC68: =IFERROR(AVERAGE(X68,Y68,Z68,AA68,AB68),"0") -> 0 | AI68: =IFERROR(AVERAGE(AD68,AE68,AF68,AG68,AH68),"0") -> 0 | AO68: =IFERROR(AVERAGE(AJ68,AK68,AL68,AM68,AN68),"0") -> 0 | AU68: =IFERROR(AVERAGE(AP68,AQ68,AR68,AS68,AT68),"0") -> 0 | BA68: =IFERROR(AVERAGE(AV68,AW68,AX68,AY68,AZ68),"0") -> 0
A69: 67 | B69: 2024JULB00084 | C69: Kushal Badalia | D69: Male | E69: B | K69: =IFERROR(AVERAGE(F69,G69,H69,I69,J69),"0") -> 0 | L69: 4 | M69: 4 | N69: 4 | P69: 3 | Q69: =IFERROR(AVERAGE(L69,M69,N69,O69,P69),"0") -> 3.75 | R69: 2 | W69: =IFERROR(AVERAGE(R69,S69,T69,U69,V69),"0") -> 2 | AC69: =IFERROR(AVERAGE(X69,Y69,Z69,AA69,AB69),"0") -> 0 | AI69: =IFERROR(AVERAGE(AD69,AE69,AF69,AG69,AH69),"0") -> 0 | AO69: =IFERROR(AVERAGE(AJ69,AK69,AL69,AM69,AN69),"0") -> 0 | AU69: =IFERROR(AVERAGE(AP69,AQ69,AR69,AS69,AT69),"0") -> 0 | BA69: =IFERROR(AVERAGE(AV69,AW69,AX69,AY69,AZ69),"0") -> 0
A70: 68 | B70: 2024JULB00085 | C70: Kushal Srivastav | D70: Male | E70: B | K70: =IFERROR(AVERAGE(F70,G70,H70,I70,J70),"0") -> 0 | L70: 2 | M70: 2 | N70: 2 | P70: 2 | Q70: =IFERROR(AVERAGE(L70,M70,N70,O70,P70),"0") -> 2 | R70: 2 | W70: =IFERROR(AVERAGE(R70,S70,T70,U70,V70),"0") -> 2 | AC70: =IFERROR(AVERAGE(X70,Y70,Z70,AA70,AB70),"0") -> 0 | AI70: =IFERROR(AVERAGE(AD70,AE70,AF70,AG70,AH70),"0") -> 0 | AO70: =IFERROR(AVERAGE(AJ70,AK70,AL70,AM70,AN70),"0") -> 0 | AU70: =IFERROR(AVERAGE(AP70,AQ70,AR70,AS70,AT70),"0") -> 0 | BA70: =IFERROR(AVERAGE(AV70,AW70,AX70,AY70,AZ70),"0") -> 0
A71: 69 | B71: 2024JULB00086 | C71: Lakshita Chandak | D71: Female | E71: A | K71: =IFERROR(AVERAGE(F71,G71,H71,I71,J71),"0") -> 0 | L71: 3 | M71: 4 | N71: 2 | P71: 2 | Q71: =IFERROR(AVERAGE(L71,M71,N71,O71,P71),"0") -> 2.75 | R71: 3 | W71: =IFERROR(AVERAGE(R71,S71,T71,U71,V71),"0") -> 3 | AC71: =IFERROR(AVERAGE(X71,Y71,Z71,AA71,AB71),"0") -> 0 | AI71: =IFERROR(AVERAGE(AD71,AE71,AF71,AG71,AH71),"0") -> 0 | AO71: =IFERROR(AVERAGE(AJ71,AK71,AL71,AM71,AN71),"0") -> 0 | AU71: =IFERROR(AVERAGE(AP71,AQ71,AR71,AS71,AT71),"0") -> 0 | BA71: =IFERROR(AVERAGE(AV71,AW71,AX71,AY71,AZ71),"0") -> 0
A72: 70 | B72: 2024JULB00087 | C72: Laxmi Poorvaja S | D72: Female | E72: C | K72: =IFERROR(AVERAGE(F72,G72,H72,I72,J72),"0") -> 0 | L72: 3 | M72: 2 | N72: 3 | P72: 2 | Q72: =IFERROR(AVERAGE(L72,M72,N72,O72,P72),"0") -> 2.5 | R72: 2 | W72: =IFERROR(AVERAGE(R72,S72,T72,U72,V72),"0") -> 2 | AC72: =IFERROR(AVERAGE(X72,Y72,Z72,AA72,AB72),"0") -> 0 | AI72: =IFERROR(AVERAGE(AD72,AE72,AF72,AG72,AH72),"0") -> 0 | AO72: =IFERROR(AVERAGE(AJ72,AK72,AL72,AM72,AN72),"0") -> 0 | AU72: =IFERROR(AVERAGE(AP72,AQ72,AR72,AS72,AT72),"0") -> 0 | BA72: =IFERROR(AVERAGE(AV72,AW72,AX72,AY72,AZ72),"0") -> 0
A73: 71 | B73: 2024JULB00088 | C73: Leena D | D73: Female | E73: A | K73: =IFERROR(AVERAGE(F73,G73,H73,I73,J73),"0") -> 0 | L73: 0 | M73: 0 | N73: 0 | P73: 0 | Q73: =IFERROR(AVERAGE(L73,M73,N73,O73,P73),"0") -> 0 | R73: 0 | W73: =IFERROR(AVERAGE(R73,S73,T73,U73,V73),"0") -> 0 | AC73: =IFERROR(AVERAGE(X73,Y73,Z73,AA73,AB73),"0") -> 0 | AI73: =IFERROR(AVERAGE(AD73,AE73,AF73,AG73,AH73),"0") -> 0 | AO73: =IFERROR(AVERAGE(AJ73,AK73,AL73,AM73,AN73),"0") -> 0 | AU73: =IFERROR(AVERAGE(AP73,AQ73,AR73,AS73,AT73),"0") -> 0 | BA73: =IFERROR(AVERAGE(AV73,AW73,AX73,AY73,AZ73),"0") -> 0
A74: 72 | B74: 2024JULB00090 | C74: M Maureen Mandy | D74: Female | E74: B | K74: =IFERROR(AVERAGE(F74,G74,H74,I74,J74),"0") -> 0 | L74: 2.5 | M74: 2 | N74: 2 | P74: 2 | Q74: =IFERROR(AVERAGE(L74,M74,N74,O74,P74),"0") -> 2.125 | R74: 2.5 | W74: =IFERROR(AVERAGE(R74,S74,T74,U74,V74),"0") -> 2.5 | AC74: =IFERROR(AVERAGE(X74,Y74,Z74,AA74,AB74),"0") -> 0 | AI74: =IFERROR(AVERAGE(AD74,AE74,AF74,AG74,AH74),"0") -> 0 | AO74: =IFERROR(AVERAGE(AJ74,AK74,AL74,AM74,AN74),"0") -> 0 | AU74: =IFERROR(AVERAGE(AP74,AQ74,AR74,AS74,AT74),"0") -> 0 | BA74: =IFERROR(AVERAGE(AV74,AW74,AX74,AY74,AZ74),"0") -> 0
A75: 73 | B75: 2024JULB00091 | C75: Madhav Sharma | D75: Male | E75: B | K75: =IFERROR(AVERAGE(F75,G75,H75,I75,J75),"0") -> 0 | L75: 3 | M75: 3 | N75: 3 | P75: 2 | Q75: =IFERROR(AVERAGE(L75,M75,N75,O75,P75),"0") -> 2.75 | R75: 3 | W75: =IFERROR(AVERAGE(R75,S75,T75,U75,V75),"0") -> 3 | AC75: =IFERROR(AVERAGE(X75,Y75,Z75,AA75,AB75),"0") -> 0 | AI75: =IFERROR(AVERAGE(AD75,AE75,AF75,AG75,AH75),"0") -> 0 | AO75: =IFERROR(AVERAGE(AJ75,AK75,AL75,AM75,AN75),"0") -> 0 | AU75: =IFERROR(AVERAGE(AP75,AQ75,AR75,AS75,AT75),"0") -> 0 | BA75: =IFERROR(AVERAGE(AV75,AW75,AX75,AY75,AZ75),"0") -> 0
A76: 74 | B76: 2024JULB00093 | C76: Akhileswaradu Manikireddy | D76: Male | E76: C | K76: =IFERROR(AVERAGE(F76,G76,H76,I76,J76),"0") -> 0 | L76: 2 | M76: 3 | N76: 3 | P76: 3 | Q76: =IFERROR(AVERAGE(L76,M76,N76,O76,P76),"0") -> 2.75 | R76: 2 | W76: =IFERROR(AVERAGE(R76,S76,T76,U76,V76),"0") -> 2 | AC76: =IFERROR(AVERAGE(X76,Y76,Z76,AA76,AB76),"0") -> 0 | AI76: =IFERROR(AVERAGE(AD76,AE76,AF76,AG76,AH76),"0") -> 0 | AO76: =IFERROR(AVERAGE(AJ76,AK76,AL76,AM76,AN76),"0") -> 0 | AU76: =IFERROR(AVERAGE(AP76,AQ76,AR76,AS76,AT76),"0") -> 0 | BA76: =IFERROR(AVERAGE(AV76,AW76,AX76,AY76,AZ76),"0") -> 0
A77: 75 | B77: 2024JULB00094 | C77: Megha Prajapati | D77: Male | E77: C | K77: =IFERROR(AVERAGE(F77,G77,H77,I77,J77),"0") -> 0 | L77: 2.5 | M77: 2.5 | N77: 2 | P77: 2 | Q77: =IFERROR(AVERAGE(L77,M77,N77,O77,P77),"0") -> 2.25 | R77: 2 | W77: =IFERROR(AVERAGE(R77,S77,T77,U77,V77),"0") -> 2 | AC77: =IFERROR(AVERAGE(X77,Y77,Z77,AA77,AB77),"0") -> 0 | AI77: =IFERROR(AVERAGE(AD77,AE77,AF77,AG77,AH77),"0") -> 0 | AO77: =IFERROR(AVERAGE(AJ77,AK77,AL77,AM77,AN77),"0") -> 0 | AU77: =IFERROR(AVERAGE(AP77,AQ77,AR77,AS77,AT77),"0") -> 0 | BA77: =IFERROR(AVERAGE(AV77,AW77,AX77,AY77,AZ77),"0") -> 0
A78: 76 | B78: 2024JULB00095 | C78: Melvin Roche. A | D78: Male | E78: C | K78: =IFERROR(AVERAGE(F78,G78,H78,I78,J78),"0") -> 0 | L78: 4 | M78: 4 | N78: 4 | P78: 4 | Q78: =IFERROR(AVERAGE(L78,M78,N78,O78,P78),"0") -> 4 | R78: 4 | W78: =IFERROR(AVERAGE(R78,S78,T78,U78,V78),"0") -> 4 | AC78: =IFERROR(AVERAGE(X78,Y78,Z78,AA78,AB78),"0") -> 0 | AI78: =IFERROR(AVERAGE(AD78,AE78,AF78,AG78,AH78),"0") -> 0 | AO78: =IFERROR(AVERAGE(AJ78,AK78,AL78,AM78,AN78),"0") -> 0 | AU78: =IFERROR(AVERAGE(AP78,AQ78,AR78,AS78,AT78),"0") -> 0 | BA78: =IFERROR(AVERAGE(AV78,AW78,AX78,AY78,AZ78),"0") -> 0
A79: 77 | B79: 2024JULB00096 | C79: Milan Krishna N E | D79: Male | E79: C | K79: =IFERROR(AVERAGE(F79,G79,H79,I79,J79),"0") -> 0 | L79: 4 | M79: 2 | N79: 3 | P79: 2 | Q79: =IFERROR(AVERAGE(L79,M79,N79,O79,P79),"0") -> 2.75 | R79: 2 | W79: =IFERROR(AVERAGE(R79,S79,T79,U79,V79),"0") -> 2 | AC79: =IFERROR(AVERAGE(X79,Y79,Z79,AA79,AB79),"0") -> 0 | AI79: =IFERROR(AVERAGE(AD79,AE79,AF79,AG79,AH79),"0") -> 0 | AO79: =IFERROR(AVERAGE(AJ79,AK79,AL79,AM79,AN79),"0") -> 0 | AU79: =IFERROR(AVERAGE(AP79,AQ79,AR79,AS79,AT79),"0") -> 0 | BA79: =IFERROR(AVERAGE(AV79,AW79,AX79,AY79,AZ79),"0") -> 0
A80: 78 | B80: 2024JULB00098 | C80: Naitik Roy | D80: Male | E80: C | K80: =IFERROR(AVERAGE(F80,G80,H80,I80,J80),"0") -> 0 | L80: 3 | M80: 3 | N80: 3 | P80: 3 | Q80: =IFERROR(AVERAGE(L80,M80,N80,O80,P80),"0") -> 3 | R80: 3 | W80: =IFERROR(AVERAGE(R80,S80,T80,U80,V80),"0") -> 3 | AC80: =IFERROR(AVERAGE(X80,Y80,Z80,AA80,AB80),"0") -> 0 | AI80: =IFERROR(AVERAGE(AD80,AE80,AF80,AG80,AH80),"0") -> 0 | AO80: =IFERROR(AVERAGE(AJ80,AK80,AL80,AM80,AN80),"0") -> 0 | AU80: =IFERROR(AVERAGE(AP80,AQ80,AR80,AS80,AT80),"0") -> 0 | BA80: =IFERROR(AVERAGE(AV80,AW80,AX80,AY80,AZ80),"0") -> 0
... A229: 227 | B229: 2024JULB00272 | C229: Vikash Kumar | D229: Male | E229: D | K229: =IFERROR(AVERAGE(F229,G229,H229,I229,J229),"0") -> 0 | L229: 2 | M229: 2 | N229: 2 | P229: 1 | Q229: =IFERROR(AVERAGE(L229,M229,N229,O229,P229),"0") -> 1.75 | R229: 2 | W229: =IFERROR(AVERAGE(R229,S229,T229,U229,V229),"0") -> 2 | AC229: =IFERROR(AVERAGE(X229,Y229,Z229,AA229,AB229),"0") -> 0 | AI229: =IFERROR(AVERAGE(AD229,AE229,AF229,AG229,AH229),"0") -> 0 | AO229: =IFERROR(AVERAGE(AJ229,AK229,AL229,AM229,AN229),"0") -> 0 | AU229: =IFERROR(AVERAGE(AP229,AQ229,AR229,AS229,AT229),"0") -> 0 | BA229: =IFERROR(AVERAGE(AV229,AW229,AX229,AY229,AZ229),"0") -> 0
A230: 228 | B230: 2024JULB00273 | C230: Harshit Gopawat | D230: MAle | E230: D | K230: =IFERROR(AVERAGE(F230,G230,H230,I230,J230),"0") -> 0 | L230: 1 | M230: 1 | N230: 1 | P230: 1 | Q230: =IFERROR(AVERAGE(L230,M230,N230,O230,P230),"0") -> 1 | R230: 1 | S230: 3 | U230: 3 | W230: =IFERROR(AVERAGE(R230,S230,T230,U230,V230),"0") -> 2.3333333 | AC230: =IFERROR(AVERAGE(X230,Y230,Z230,AA230,AB230),"0") -> 0 | AI230: =IFERROR(AVERAGE(AD230,AE230,AF230,AG230,AH230),"0") -> 0 | AO230: =IFERROR(AVERAGE(AJ230,AK230,AL230,AM230,AN230),"0") -> 0 | AU230: =IFERROR(AVERAGE(AP230,AQ230,AR230,AS230,AT230),"0") -> 0 | BA230: =IFERROR(AVERAGE(AV230,AW230,AX230,AY230,AZ230),"0") -> 0

Sheet Case study
A1: Sr# | B1: Roll Number | C1: Name | D1: Gender | E1: Section | F1: Analytical & Critical Thinking ( A ) | K1: Total | L1: Communication ( C ) | Q1: Total | R1: Empathy ( E ) | W1: Total | X1: Leadership( L ) | AC1: Total | AD1: Negotiation ( N ) | AI1: Total | AJ1: Problem Solving ( P ) | AO1: Total | AP1: Team Work ( T) | AU1: Total | AV1: Discipline | BA1: Total
F2: A 1 | G2: A 2 | H2: A 3 | I2: A 4 | J2: A 5 | L2: C 1 | M2: C 2 | N2: C 3 | O2: C 4 | P2: C 5 | R2: E 1 | S2: E 2 | T2: E 3 | U2: E 4 | V2: E 5 | X2: L 1 | Y2: L 2 | Z2: L 3 | AA2: L 4 | AB2: L 5 | AD2: N 1 | AE2: N 2 | AF2: N 3 | AG2: N 4 | AH2: N 5 | AJ2: P 1 | AK2: P 2 | AL2: P 3 | AM2: P 4 | AN2: P 5 | AP2: T 1 | AQ2: T 2 | AR2: T 3 | AS2: T 4 | AT2: T 5 | AV2: D 1 | AW2: D 2 | AX2: D 3 | AY2: D 4 | AZ2: D 5
